ies_id,ies,snies,programa,departamento,municipio,municipio_id,sexo,anio,semestre,sector,valor,modalidad,segmento,metrica,archivo,fila_origen,id,ambito,universidad,alias,universo_v3
1101,UNIVERSIDAD NACIONAL DE COLOMBIA,32,ESTADISTICA,"Bogotá, D.C.","Bogotá, D.C.",11001,Hombre,2021,1,OFICIAL,350,Presencial,Cercano,matricula,datos_snies_2021.xlsx,119,1101-32-11001,Benchmark nacional,Universidad Nacional de Colombia - Bogotá,UNAL Bogotá,True
1101,UNIVERSIDAD NACIONAL DE COLOMBIA,32,ESTADISTICA,"Bogotá, D.C.","Bogotá, D.C.",11001,Hombre,2021,2,OFICIAL,340,Presencial,Cercano,matricula,datos_snies_2021.xlsx,120,1101-32-11001,Benchmark nacional,Universidad Nacional de Colombia - Bogotá,UNAL Bogotá,True
1101,UNIVERSIDAD NACIONAL DE COLOMBIA,32,ESTADISTICA,"Bogotá, D.C.","Bogotá, D.C.",11001,Mujer,2021,1,OFICIAL,132,Presencial,Cercano,matricula,datos_snies_2021.xlsx,121,1101-32-11001,Benchmark nacional,Universidad Nacional de Colombia - Bogotá,UNAL Bogotá,True
1101,UNIVERSIDAD NACIONAL DE COLOMBIA,32,ESTADISTICA,"Bogotá, D.C.","Bogotá, D.C.",11001,Mujer,2021,2,OFICIAL,130,Presencial,Cercano,matricula,datos_snies_2021.xlsx,122,1101-32-11001,Benchmark nacional,Universidad Nacional de Colombia - Bogotá,UNAL Bogotá,True
1101,UNIVERSIDAD NACIONAL DE COLOMBIA,106341,CIENCIAS DE LA COMPUTACIÓN,"Bogotá, D.C.","Bogotá, D.C.",11001,Hombre,2021,1,OFICIAL,144,Presencial,Cercano,matricula,datos_snies_2021.xlsx,945,1101-106341-11001,Benchmark nacional,Universidad Nacional de Colombia - Bogotá,UNAL Bogotá,True
1101,UNIVERSIDAD NACIONAL DE COLOMBIA,106341,CIENCIAS DE LA COMPUTACIÓN,"Bogotá, D.C.","Bogotá, D.C.",11001,Hombre,2021,2,OFICIAL,159,Presencial,Cercano,matricula,datos_snies_2021.xlsx,946,1101-106341-11001,Benchmark nacional,Universidad Nacional de Colombia - Bogotá,UNAL Bogotá,True
1101,UNIVERSIDAD NACIONAL DE COLOMBIA,106341,CIENCIAS DE LA COMPUTACIÓN,"Bogotá, D.C.","Bogotá, D.C.",11001,Mujer,2021,1,OFICIAL,20,Presencial,Cercano,matricula,datos_snies_2021.xlsx,947,1101-106341-11001,Benchmark nacional,Universidad Nacional de Colombia - Bogotá,UNAL Bogotá,True
1101,UNIVERSIDAD NACIONAL DE COLOMBIA,106341,CIENCIAS DE LA COMPUTACIÓN,"Bogotá, D.C.","Bogotá, D.C.",11001,Mujer,2021,2,OFICIAL,22,Presencial,Cercano,matricula,datos_snies_2021.xlsx,948,1101-106341-11001,Benchmark nacional,Universidad Nacional de Colombia - Bogotá,UNAL Bogotá,True
1102,UNIVERSIDAD NACIONAL DE COLOMBIA,16920,ESTADISTICA,Antioquia,Medellín,5001,Hombre,2021,1,OFICIAL,265,Presencial,Cercano,matricula,datos_snies_2021.xlsx,1140,1102-16920-5001,G8 Medellín,Universidad Nacional de Colombia - Medellín,UNAL Medellín,True
1102,UNIVERSIDAD NACIONAL DE COLOMBIA,16920,ESTADISTICA,Antioquia,Medellín,5001,Hombre,2021,2,OFICIAL,262,Presencial,Cercano,matricula,datos_snies_2021.xlsx,1141,1102-16920-5001,G8 Medellín,Universidad Nacional de Colombia - Medellín,UNAL Medellín,True
1102,UNIVERSIDAD NACIONAL DE COLOMBIA,16920,ESTADISTICA,Antioquia,Medellín,5001,Mujer,2021,1,OFICIAL,177,Presencial,Cercano,matricula,datos_snies_2021.xlsx,1142,1102-16920-5001,G8 Medellín,Universidad Nacional de Colombia - Medellín,UNAL Medellín,True
1102,UNIVERSIDAD NACIONAL DE COLOMBIA,16920,ESTADISTICA,Antioquia,Medellín,5001,Mujer,2021,2,OFICIAL,170,Presencial,Cercano,matricula,datos_snies_2021.xlsx,1143,1102-16920-5001,G8 Medellín,Universidad Nacional de Colombia - Medellín,UNAL Medellín,True
1102,UNIVERSIDAD NACIONAL DE COLOMBIA,107447,CIENCIAS DE LA COMPUTACIÓN,Antioquia,Medellín,5001,Hombre,2021,1,OFICIAL,69,Presencial,Cercano,matricula,datos_snies_2021.xlsx,1431,1102-107447-5001,G8 Medellín,Universidad Nacional de Colombia - Medellín,UNAL Medellín,True
1102,UNIVERSIDAD NACIONAL DE COLOMBIA,107447,CIENCIAS DE LA COMPUTACIÓN,Antioquia,Medellín,5001,Hombre,2021,2,OFICIAL,86,Presencial,Cercano,matricula,datos_snies_2021.xlsx,1432,1102-107447-5001,G8 Medellín,Universidad Nacional de Colombia - Medellín,UNAL Medellín,True
1102,UNIVERSIDAD NACIONAL DE COLOMBIA,107447,CIENCIAS DE LA COMPUTACIÓN,Antioquia,Medellín,5001,Mujer,2021,1,OFICIAL,5,Presencial,Cercano,matricula,datos_snies_2021.xlsx,1433,1102-107447-5001,G8 Medellín,Universidad Nacional de Colombia - Medellín,UNAL Medellín,True
1102,UNIVERSIDAD NACIONAL DE COLOMBIA,107447,CIENCIAS DE LA COMPUTACIÓN,Antioquia,Medellín,5001,Mujer,2021,2,OFICIAL,15,Presencial,Cercano,matricula,datos_snies_2021.xlsx,1434,1102-107447-5001,G8 Medellín,Universidad Nacional de Colombia - Medellín,UNAL Medellín,True
1113,UNIVERSIDAD DE CORDOBA,8100,ESTADISTICA,Córdoba,Montería,23001,Hombre,2021,2,OFICIAL,1,Presencial,Cercano,matricula,datos_snies_2021.xlsx,4009,1113-8100-23001,Resto del país,UNIVERSIDAD DE CORDOBA,Universidad De Cordoba,True
1113,UNIVERSIDAD DE CORDOBA,103514,ESTADÍSTICA,Córdoba,Montería,23001,Hombre,2021,1,OFICIAL,180,Presencial,Cercano,matricula,datos_snies_2021.xlsx,4107,1113-103514-23001,Resto del país,UNIVERSIDAD DE CORDOBA,Universidad De Cordoba,True
1113,UNIVERSIDAD DE CORDOBA,103514,ESTADÍSTICA,Córdoba,Montería,23001,Hombre,2021,2,OFICIAL,183,Presencial,Cercano,matricula,datos_snies_2021.xlsx,4108,1113-103514-23001,Resto del país,UNIVERSIDAD DE CORDOBA,Universidad De Cordoba,True
1113,UNIVERSIDAD DE CORDOBA,103514,ESTADÍSTICA,Córdoba,Montería,23001,Mujer,2021,1,OFICIAL,107,Presencial,Cercano,matricula,datos_snies_2021.xlsx,4109,1113-103514-23001,Resto del país,UNIVERSIDAD DE CORDOBA,Universidad De Cordoba,True
1113,UNIVERSIDAD DE CORDOBA,103514,ESTADÍSTICA,Córdoba,Montería,23001,Mujer,2021,2,OFICIAL,115,Presencial,Cercano,matricula,datos_snies_2021.xlsx,4110,1113-103514-23001,Resto del país,UNIVERSIDAD DE CORDOBA,Universidad De Cordoba,True
1201,UNIVERSIDAD DE ANTIOQUIA,101571,ESTADÍSTICA,Antioquia,Medellín,5001,Hombre,2021,1,OFICIAL,112,Presencial,Cercano,matricula,datos_snies_2021.xlsx,6573,1201-101571-5001,G8 Medellín,Universidad de Antioquia (UdeA),UdeA,True
1201,UNIVERSIDAD DE ANTIOQUIA,101571,ESTADÍSTICA,Antioquia,Medellín,5001,Hombre,2021,2,OFICIAL,104,Presencial,Cercano,matricula,datos_snies_2021.xlsx,6574,1201-101571-5001,G8 Medellín,Universidad de Antioquia (UdeA),UdeA,True
1201,UNIVERSIDAD DE ANTIOQUIA,101571,ESTADÍSTICA,Antioquia,Medellín,5001,Mujer,2021,1,OFICIAL,82,Presencial,Cercano,matricula,datos_snies_2021.xlsx,6575,1201-101571-5001,G8 Medellín,Universidad de Antioquia (UdeA),UdeA,True
1201,UNIVERSIDAD DE ANTIOQUIA,101571,ESTADÍSTICA,Antioquia,Medellín,5001,Mujer,2021,2,OFICIAL,74,Presencial,Cercano,matricula,datos_snies_2021.xlsx,6576,1201-101571-5001,G8 Medellín,Universidad de Antioquia (UdeA),UdeA,True
1203,UNIVERSIDAD DEL VALLE,593,ESTADISTICA,Valle Del Cauca,Cali,76001,Hombre,2021,1,OFICIAL,163,Presencial,Cercano,matricula,datos_snies_2021.xlsx,7373,1203-593-76001,Resto del país,UNIVERSIDAD DEL VALLE,Universidad Del Valle,True
1203,UNIVERSIDAD DEL VALLE,593,ESTADISTICA,Valle Del Cauca,Cali,76001,Hombre,2021,2,OFICIAL,150,Presencial,Cercano,matricula,datos_snies_2021.xlsx,7374,1203-593-76001,Resto del país,UNIVERSIDAD DEL VALLE,Universidad Del Valle,True
1203,UNIVERSIDAD DEL VALLE,593,ESTADISTICA,Valle Del Cauca,Cali,76001,Mujer,2021,1,OFICIAL,103,Presencial,Cercano,matricula,datos_snies_2021.xlsx,7375,1203-593-76001,Resto del país,UNIVERSIDAD DEL VALLE,Universidad Del Valle,True
1203,UNIVERSIDAD DEL VALLE,593,ESTADISTICA,Valle Del Cauca,Cali,76001,Mujer,2021,2,OFICIAL,102,Presencial,Cercano,matricula,datos_snies_2021.xlsx,7376,1203-593-76001,Resto del país,UNIVERSIDAD DEL VALLE,Universidad Del Valle,True
1207,UNIVERSIDAD DEL TOLIMA,3345,MATEMATICAS CON ENFASIS EN ESTADISTICA,Tolima,Ibagué,73001,Hombre,2021,1,OFICIAL,138,Presencial,Cercano,matricula,datos_snies_2021.xlsx,9895,1207-3345-73001,Resto del país,UNIVERSIDAD DEL TOLIMA,Universidad Del Tolima,True
1207,UNIVERSIDAD DEL TOLIMA,3345,MATEMATICAS CON ENFASIS EN ESTADISTICA,Tolima,Ibagué,73001,Hombre,2021,2,OFICIAL,116,Presencial,Cercano,matricula,datos_snies_2021.xlsx,9896,1207-3345-73001,Resto del país,UNIVERSIDAD DEL TOLIMA,Universidad Del Tolima,True
1207,UNIVERSIDAD DEL TOLIMA,3345,MATEMATICAS CON ENFASIS EN ESTADISTICA,Tolima,Ibagué,73001,Mujer,2021,1,OFICIAL,65,Presencial,Cercano,matricula,datos_snies_2021.xlsx,9897,1207-3345-73001,Resto del país,UNIVERSIDAD DEL TOLIMA,Universidad Del Tolima,True
1207,UNIVERSIDAD DEL TOLIMA,3345,MATEMATICAS CON ENFASIS EN ESTADISTICA,Tolima,Ibagué,73001,Mujer,2021,2,OFICIAL,56,Presencial,Cercano,matricula,datos_snies_2021.xlsx,9898,1207-3345-73001,Resto del país,UNIVERSIDAD DEL TOLIMA,Universidad Del Tolima,True
1701,PONTIFICIA UNIVERSIDAD JAVERIANA,108890,CIENCIA DE DATOS,"Bogotá, D.C.","Bogotá, D.C.",11001,Hombre,2021,1,PRIVADA,26,Presencial,Directo,matricula,datos_snies_2021.xlsx,13804,1701-108890-11001,Benchmark nacional,Pontificia Universidad Javeriana,Javeriana,True
1701,PONTIFICIA UNIVERSIDAD JAVERIANA,108890,CIENCIA DE DATOS,"Bogotá, D.C.","Bogotá, D.C.",11001,Hombre,2021,2,PRIVADA,42,Presencial,Directo,matricula,datos_snies_2021.xlsx,13805,1701-108890-11001,Benchmark nacional,Pontificia Universidad Javeriana,Javeriana,True
1701,PONTIFICIA UNIVERSIDAD JAVERIANA,108890,CIENCIA DE DATOS,"Bogotá, D.C.","Bogotá, D.C.",11001,Mujer,2021,1,PRIVADA,13,Presencial,Directo,matricula,datos_snies_2021.xlsx,13806,1701-108890-11001,Benchmark nacional,Pontificia Universidad Javeriana,Javeriana,True
1701,PONTIFICIA UNIVERSIDAD JAVERIANA,108890,CIENCIA DE DATOS,"Bogotá, D.C.","Bogotá, D.C.",11001,Mujer,2021,2,PRIVADA,20,Presencial,Directo,matricula,datos_snies_2021.xlsx,13807,1701-108890-11001,Benchmark nacional,Pontificia Universidad Javeriana,Javeriana,True
1704,UNIVERSIDAD SANTO TOMAS,52000,ESTADÍSTICA,"Bogotá, D.C.","Bogotá, D.C.",11001,Hombre,2021,1,PRIVADA,195,Presencial,Cercano,matricula,datos_snies_2021.xlsx,14930,1704-52000-11001,Resto del país,UNIVERSIDAD SANTO TOMAS,Universidad Santo Tomas,True
1704,UNIVERSIDAD SANTO TOMAS,52000,ESTADÍSTICA,"Bogotá, D.C.","Bogotá, D.C.",11001,Hombre,2021,2,PRIVADA,166,Presencial,Cercano,matricula,datos_snies_2021.xlsx,14931,1704-52000-11001,Resto del país,UNIVERSIDAD SANTO TOMAS,Universidad Santo Tomas,True
1704,UNIVERSIDAD SANTO TOMAS,52000,ESTADÍSTICA,"Bogotá, D.C.","Bogotá, D.C.",11001,Mujer,2021,1,PRIVADA,133,Presencial,Cercano,matricula,datos_snies_2021.xlsx,14932,1704-52000-11001,Resto del país,UNIVERSIDAD SANTO TOMAS,Universidad Santo Tomas,True
1704,UNIVERSIDAD SANTO TOMAS,52000,ESTADÍSTICA,"Bogotá, D.C.","Bogotá, D.C.",11001,Mujer,2021,2,PRIVADA,116,Presencial,Cercano,matricula,datos_snies_2021.xlsx,14933,1704-52000-11001,Resto del país,UNIVERSIDAD SANTO TOMAS,Universidad Santo Tomas,True
1710,UNIVERSIDAD PONTIFICIA BOLIVARIANA,108578,INGENIERÍA EN CIENCIA DE DATOS,Antioquia,Medellín,5001,Hombre,2021,1,PRIVADA,26,Presencial,Directo,matricula,datos_snies_2021.xlsx,18107,1710-108578-5001,G8 Medellín,Universidad Pontificia Bolivariana (UPB),UPB Medellín,True
1710,UNIVERSIDAD PONTIFICIA BOLIVARIANA,108578,INGENIERÍA EN CIENCIA DE DATOS,Antioquia,Medellín,5001,Hombre,2021,2,PRIVADA,28,Presencial,Directo,matricula,datos_snies_2021.xlsx,18108,1710-108578-5001,G8 Medellín,Universidad Pontificia Bolivariana (UPB),UPB Medellín,True
1710,UNIVERSIDAD PONTIFICIA BOLIVARIANA,108578,INGENIERÍA EN CIENCIA DE DATOS,Antioquia,Medellín,5001,Mujer,2021,1,PRIVADA,12,Presencial,Directo,matricula,datos_snies_2021.xlsx,18109,1710-108578-5001,G8 Medellín,Universidad Pontificia Bolivariana (UPB),UPB Medellín,True
1710,UNIVERSIDAD PONTIFICIA BOLIVARIANA,108578,INGENIERÍA EN CIENCIA DE DATOS,Antioquia,Medellín,5001,Mujer,2021,2,PRIVADA,16,Presencial,Directo,matricula,datos_snies_2021.xlsx,18110,1710-108578-5001,G8 Medellín,Universidad Pontificia Bolivariana (UPB),UPB Medellín,True
1712,UNIVERSIDAD EAFIT-,11498,INGENIERIA MATEMATICA,Antioquia,Medellín,5001,Hombre,2021,1,PRIVADA,111,Presencial,Cercano,matricula,datos_snies_2021.xlsx,18769,1712-11498-5001,G8 Medellín,Universidad EAFIT,EAFIT,True
1712,UNIVERSIDAD EAFIT-,11498,INGENIERIA MATEMATICA,Antioquia,Medellín,5001,Hombre,2021,2,PRIVADA,106,Presencial,Cercano,matricula,datos_snies_2021.xlsx,18770,1712-11498-5001,G8 Medellín,Universidad EAFIT,EAFIT,True
1712,UNIVERSIDAD EAFIT-,11498,INGENIERIA MATEMATICA,Antioquia,Medellín,5001,Mujer,2021,1,PRIVADA,54,Presencial,Cercano,matricula,datos_snies_2021.xlsx,18771,1712-11498-5001,G8 Medellín,Universidad EAFIT,EAFIT,True
1712,UNIVERSIDAD EAFIT-,11498,INGENIERIA MATEMATICA,Antioquia,Medellín,5001,Mujer,2021,2,PRIVADA,52,Presencial,Cercano,matricula,datos_snies_2021.xlsx,18772,1712-11498-5001,G8 Medellín,Universidad EAFIT,EAFIT,True
1713,UNIVERSIDAD DEL NORTE,110172,CIENCIA DE DATOS,Atlántico,Barranquilla,8001,Hombre,2021,2,PRIVADA,7,Presencial,Directo,matricula,datos_snies_2021.xlsx,19687,1713-110172-8001,Benchmark nacional,Universidad del Norte,Uninorte,True
1713,UNIVERSIDAD DEL NORTE,110172,CIENCIA DE DATOS,Atlántico,Barranquilla,8001,Mujer,2021,2,PRIVADA,3,Presencial,Directo,matricula,datos_snies_2021.xlsx,19688,1713-110172-8001,Benchmark nacional,Universidad del Norte,Uninorte,True
1714,COLEGIO MAYOR DE NUESTRA SEÑORA DEL ROSARIO,105653,MATEMÁTICAS APLICADAS Y CIENCIAS DE LA COMPUTACIÓN,"Bogotá, D.C.","Bogotá, D.C.",11001,Hombre,2021,1,PRIVADA,149,Presencial,Cercano,matricula,datos_snies_2021.xlsx,20131,1714-105653-11001,Benchmark nacional,Universidad del Rosario,Rosario,True
1714,COLEGIO MAYOR DE NUESTRA SEÑORA DEL ROSARIO,105653,MATEMÁTICAS APLICADAS Y CIENCIAS DE LA COMPUTACIÓN,"Bogotá, D.C.","Bogotá, D.C.",11001,Hombre,2021,2,PRIVADA,156,Presencial,Cercano,matricula,datos_snies_2021.xlsx,20132,1714-105653-11001,Benchmark nacional,Universidad del Rosario,Rosario,True
1714,COLEGIO MAYOR DE NUESTRA SEÑORA DEL ROSARIO,105653,MATEMÁTICAS APLICADAS Y CIENCIAS DE LA COMPUTACIÓN,"Bogotá, D.C.","Bogotá, D.C.",11001,Mujer,2021,1,PRIVADA,70,Presencial,Cercano,matricula,datos_snies_2021.xlsx,20133,1714-105653-11001,Benchmark nacional,Universidad del Rosario,Rosario,True
1714,COLEGIO MAYOR DE NUESTRA SEÑORA DEL ROSARIO,105653,MATEMÁTICAS APLICADAS Y CIENCIAS DE LA COMPUTACIÓN,"Bogotá, D.C.","Bogotá, D.C.",11001,Mujer,2021,2,PRIVADA,76,Presencial,Cercano,matricula,datos_snies_2021.xlsx,20134,1714-105653-11001,Benchmark nacional,Universidad del Rosario,Rosario,True
1715,FUNDACION UNIVERSIDAD DE AMERICA,107649,ESTADISTICA Y CIENCIAS ACTUARIALES,"Bogotá, D.C.","Bogotá, D.C.",11001,Hombre,2021,1,PRIVADA,29,Presencial,Cercano,matricula,datos_snies_2021.xlsx,20364,1715-107649-11001,Resto del país,FUNDACION UNIVERSIDAD DE AMERICA,Fundacion Universidad De America,True
1715,FUNDACION UNIVERSIDAD DE AMERICA,107649,ESTADISTICA Y CIENCIAS ACTUARIALES,"Bogotá, D.C.","Bogotá, D.C.",11001,Hombre,2021,2,PRIVADA,30,Presencial,Cercano,matricula,datos_snies_2021.xlsx,20365,1715-107649-11001,Resto del país,FUNDACION UNIVERSIDAD DE AMERICA,Fundacion Universidad De America,True
1715,FUNDACION UNIVERSIDAD DE AMERICA,107649,ESTADISTICA Y CIENCIAS ACTUARIALES,"Bogotá, D.C.","Bogotá, D.C.",11001,Mujer,2021,1,PRIVADA,9,Presencial,Cercano,matricula,datos_snies_2021.xlsx,20366,1715-107649-11001,Resto del país,FUNDACION UNIVERSIDAD DE AMERICA,Fundacion Universidad De America,True
1715,FUNDACION UNIVERSIDAD DE AMERICA,107649,ESTADISTICA Y CIENCIAS ACTUARIALES,"Bogotá, D.C.","Bogotá, D.C.",11001,Mujer,2021,2,PRIVADA,10,Presencial,Cercano,matricula,datos_snies_2021.xlsx,20367,1715-107649-11001,Resto del país,FUNDACION UNIVERSIDAD DE AMERICA,Fundacion Universidad De America,True
1728,UNIVERSIDAD SERGIO ARBOLEDA,7773,CIENCIAS DE LA COMPUTACIÓN E INTELIGENCIA ARTIFICIAL,"Bogotá, D.C.","Bogotá, D.C.",11001,Hombre,2021,1,PRIVADA,263,Presencial,Cercano,matricula,datos_snies_2021.xlsx,22091,1728-7773-11001,Resto del país,UNIVERSIDAD SERGIO ARBOLEDA,Universidad Sergio Arboleda,True
1728,UNIVERSIDAD SERGIO ARBOLEDA,7773,CIENCIAS DE LA COMPUTACIÓN E INTELIGENCIA ARTIFICIAL,"Bogotá, D.C.","Bogotá, D.C.",11001,Hombre,2021,2,PRIVADA,276,Presencial,Cercano,matricula,datos_snies_2021.xlsx,22092,1728-7773-11001,Resto del país,UNIVERSIDAD SERGIO ARBOLEDA,Universidad Sergio Arboleda,True
1728,UNIVERSIDAD SERGIO ARBOLEDA,7773,CIENCIAS DE LA COMPUTACIÓN E INTELIGENCIA ARTIFICIAL,"Bogotá, D.C.","Bogotá, D.C.",11001,Mujer,2021,1,PRIVADA,59,Presencial,Cercano,matricula,datos_snies_2021.xlsx,22093,1728-7773-11001,Resto del país,UNIVERSIDAD SERGIO ARBOLEDA,Universidad Sergio Arboleda,True
1728,UNIVERSIDAD SERGIO ARBOLEDA,7773,CIENCIAS DE LA COMPUTACIÓN E INTELIGENCIA ARTIFICIAL,"Bogotá, D.C.","Bogotá, D.C.",11001,Mujer,2021,2,PRIVADA,60,Presencial,Cercano,matricula,datos_snies_2021.xlsx,22094,1728-7773-11001,Resto del país,UNIVERSIDAD SERGIO ARBOLEDA,Universidad Sergio Arboleda,True
1729,UNIVERSIDAD EL BOSQUE,103722,ESTADÍSTICA,"Bogotá, D.C.","Bogotá, D.C.",11001,Hombre,2021,1,PRIVADA,13,Presencial,Cercano,matricula,datos_snies_2021.xlsx,22847,1729-103722-11001,Resto del país,UNIVERSIDAD EL BOSQUE,Universidad El Bosque,True
1729,UNIVERSIDAD EL BOSQUE,103722,ESTADÍSTICA,"Bogotá, D.C.","Bogotá, D.C.",11001,Hombre,2021,2,PRIVADA,13,Presencial,Cercano,matricula,datos_snies_2021.xlsx,22848,1729-103722-11001,Resto del país,UNIVERSIDAD EL BOSQUE,Universidad El Bosque,True
1729,UNIVERSIDAD EL BOSQUE,103722,ESTADÍSTICA,"Bogotá, D.C.","Bogotá, D.C.",11001,Mujer,2021,1,PRIVADA,16,Presencial,Cercano,matricula,datos_snies_2021.xlsx,22849,1729-103722-11001,Resto del país,UNIVERSIDAD EL BOSQUE,Universidad El Bosque,True
1729,UNIVERSIDAD EL BOSQUE,103722,ESTADÍSTICA,"Bogotá, D.C.","Bogotá, D.C.",11001,Mujer,2021,2,PRIVADA,20,Presencial,Cercano,matricula,datos_snies_2021.xlsx,22850,1729-103722-11001,Resto del país,UNIVERSIDAD EL BOSQUE,Universidad El Bosque,True
1812,UNIVERSIDAD DE MEDELLIN,103268,COMPUTACIÓN CIENTÍFICA,Antioquia,Medellín,5001,Hombre,2021,1,PRIVADA,9,Presencial,Cercano,matricula,datos_snies_2021.xlsx,25744,1812-103268-5001,G8 Medellín,Universidad de Medellín,U. de Medellín,True
1812,UNIVERSIDAD DE MEDELLIN,103268,COMPUTACIÓN CIENTÍFICA,Antioquia,Medellín,5001,Hombre,2021,2,PRIVADA,9,Presencial,Cercano,matricula,datos_snies_2021.xlsx,25745,1812-103268-5001,G8 Medellín,Universidad de Medellín,U. de Medellín,True
1812,UNIVERSIDAD DE MEDELLIN,103268,COMPUTACIÓN CIENTÍFICA,Antioquia,Medellín,5001,Mujer,2021,1,PRIVADA,4,Presencial,Cercano,matricula,datos_snies_2021.xlsx,25746,1812-103268-5001,G8 Medellín,Universidad de Medellín,U. de Medellín,True
1812,UNIVERSIDAD DE MEDELLIN,103268,COMPUTACIÓN CIENTÍFICA,Antioquia,Medellín,5001,Mujer,2021,2,PRIVADA,6,Presencial,Cercano,matricula,datos_snies_2021.xlsx,25747,1812-103268-5001,G8 Medellín,Universidad de Medellín,U. de Medellín,True
1830,UNIVERSIDAD AUTONOMA DE OCCIDENTE,109940,INGENIERÍA DE DATOS E INTELIGENCIA ARTIFICIAL,Valle Del Cauca,Cali,76001,Hombre,2021,2,PRIVADA,7,Presencial,Directo,matricula,datos_snies_2021.xlsx,29802,1830-109940-76001,Resto del país,UNIVERSIDAD AUTONOMA DE OCCIDENTE,Universidad Autonoma De Occidente,False
1830,UNIVERSIDAD AUTONOMA DE OCCIDENTE,109940,INGENIERÍA DE DATOS E INTELIGENCIA ARTIFICIAL,Valle Del Cauca,Cali,76001,Mujer,2021,2,PRIVADA,4,Presencial,Directo,matricula,datos_snies_2021.xlsx,29803,1830-109940-76001,Resto del país,UNIVERSIDAD AUTONOMA DE OCCIDENTE,Universidad Autonoma De Occidente,False
2713,FUNDACION UNIVERSITARIA LOS LIBERTADORES,108275,ESTADÍSTICA,"Bogotá, D.C.","Bogotá, D.C.",11001,Hombre,2021,1,PRIVADA,25,Presencial,Cercano,matricula,datos_snies_2021.xlsx,45732,2713-108275-11001,Resto del país,FUNDACION UNIVERSITARIA LOS LIBERTADORES,Fundacion Universitaria Los Libertadores,True
2713,FUNDACION UNIVERSITARIA LOS LIBERTADORES,108275,ESTADÍSTICA,"Bogotá, D.C.","Bogotá, D.C.",11001,Hombre,2021,2,PRIVADA,31,Presencial,Cercano,matricula,datos_snies_2021.xlsx,45733,2713-108275-11001,Resto del país,FUNDACION UNIVERSITARIA LOS LIBERTADORES,Fundacion Universitaria Los Libertadores,True
2713,FUNDACION UNIVERSITARIA LOS LIBERTADORES,108275,ESTADÍSTICA,"Bogotá, D.C.","Bogotá, D.C.",11001,Mujer,2021,1,PRIVADA,10,Presencial,Cercano,matricula,datos_snies_2021.xlsx,45734,2713-108275-11001,Resto del país,FUNDACION UNIVERSITARIA LOS LIBERTADORES,Fundacion Universitaria Los Libertadores,True
2713,FUNDACION UNIVERSITARIA LOS LIBERTADORES,108275,ESTADÍSTICA,"Bogotá, D.C.","Bogotá, D.C.",11001,Mujer,2021,2,PRIVADA,12,Presencial,Cercano,matricula,datos_snies_2021.xlsx,45735,2713-108275-11001,Resto del país,FUNDACION UNIVERSITARIA LOS LIBERTADORES,Fundacion Universitaria Los Libertadores,True
2805,UNIVERSIDAD SIMON BOLIVAR,108783,MATEMATICAS Y CIENCIAS DE LA COMPUTACION,Norte De Santander,San José De Cúcuta,54001,Hombre,2021,1,PRIVADA,2,Presencial,Cercano,matricula,datos_snies_2021.xlsx,50086,2805-108783-54001,Resto del país,UNIVERSIDAD SIMON BOLIVAR,Universidad Simon Bolivar,True
2811,UNIVERSIDAD ESCUELA COLOMBIANA DE INGENIERIA JULIO GARAVITO,109408,INGENIERÍA ESTADÍSTICA,"Bogotá, D.C.","Bogotá, D.C.",11001,Hombre,2021,1,PRIVADA,4,Presencial,Cercano,matricula,datos_snies_2021.xlsx,50537,2811-109408-11001,Resto del país,UNIVERSIDAD ESCUELA COLOMBIANA DE INGENIERIA JULIO GARAVITO,Universidad Escuela Colombiana De Ingenieria Julio Garavito,True
2811,UNIVERSIDAD ESCUELA COLOMBIANA DE INGENIERIA JULIO GARAVITO,109408,INGENIERÍA ESTADÍSTICA,"Bogotá, D.C.","Bogotá, D.C.",11001,Hombre,2021,2,PRIVADA,7,Presencial,Cercano,matricula,datos_snies_2021.xlsx,50538,2811-109408-11001,Resto del país,UNIVERSIDAD ESCUELA COLOMBIANA DE INGENIERIA JULIO GARAVITO,Universidad Escuela Colombiana De Ingenieria Julio Garavito,True
2811,UNIVERSIDAD ESCUELA COLOMBIANA DE INGENIERIA JULIO GARAVITO,109408,INGENIERÍA ESTADÍSTICA,"Bogotá, D.C.","Bogotá, D.C.",11001,Mujer,2021,1,PRIVADA,2,Presencial,Cercano,matricula,datos_snies_2021.xlsx,50539,2811-109408-11001,Resto del país,UNIVERSIDAD ESCUELA COLOMBIANA DE INGENIERIA JULIO GARAVITO,Universidad Escuela Colombiana De Ingenieria Julio Garavito,True
2811,UNIVERSIDAD ESCUELA COLOMBIANA DE INGENIERIA JULIO GARAVITO,109408,INGENIERÍA ESTADÍSTICA,"Bogotá, D.C.","Bogotá, D.C.",11001,Mujer,2021,2,PRIVADA,4,Presencial,Cercano,matricula,datos_snies_2021.xlsx,50540,2811-109408-11001,Resto del país,UNIVERSIDAD ESCUELA COLOMBIANA DE INGENIERIA JULIO GARAVITO,Universidad Escuela Colombiana De Ingenieria Julio Garavito,True
5802,UNIVERSIDAD ECCI,103713,ESTADÍSTICA,"Bogotá, D.C.","Bogotá, D.C.",11001,Hombre,2021,1,PRIVADA,31,Presencial,Cercano,matricula,datos_snies_2021.xlsx,60678,5802-103713-11001,Resto del país,UNIVERSIDAD ECCI,Universidad Ecci,True
5802,UNIVERSIDAD ECCI,103713,ESTADÍSTICA,"Bogotá, D.C.","Bogotá, D.C.",11001,Hombre,2021,2,PRIVADA,33,Presencial,Cercano,matricula,datos_snies_2021.xlsx,60679,5802-103713-11001,Resto del país,UNIVERSIDAD ECCI,Universidad Ecci,True
5802,UNIVERSIDAD ECCI,103713,ESTADÍSTICA,"Bogotá, D.C.","Bogotá, D.C.",11001,Mujer,2021,1,PRIVADA,17,Presencial,Cercano,matricula,datos_snies_2021.xlsx,60680,5802-103713-11001,Resto del país,UNIVERSIDAD ECCI,Universidad Ecci,True
5802,UNIVERSIDAD ECCI,103713,ESTADÍSTICA,"Bogotá, D.C.","Bogotá, D.C.",11001,Mujer,2021,2,PRIVADA,20,Presencial,Cercano,matricula,datos_snies_2021.xlsx,60681,5802-103713-11001,Resto del país,UNIVERSIDAD ECCI,Universidad Ecci,True
9933,UNIVERSIDAD NACIONAL DE COLOMBIA,108082,ESTADÍSTICA,Cesar,La Paz,20621,Hombre,2021,1,OFICIAL,73,Presencial,Cercano,matricula,datos_snies_2021.xlsx,70569,9933-108082-20621,Resto del país,UNIVERSIDAD NACIONAL DE COLOMBIA,Universidad Nacional De Colombia,True
9933,UNIVERSIDAD NACIONAL DE COLOMBIA,108082,ESTADÍSTICA,Cesar,La Paz,20621,Hombre,2021,2,OFICIAL,83,Presencial,Cercano,matricula,datos_snies_2021.xlsx,70570,9933-108082-20621,Resto del país,UNIVERSIDAD NACIONAL DE COLOMBIA,Universidad Nacional De Colombia,True
9933,UNIVERSIDAD NACIONAL DE COLOMBIA,108082,ESTADÍSTICA,Cesar,La Paz,20621,Mujer,2021,1,OFICIAL,31,Presencial,Cercano,matricula,datos_snies_2021.xlsx,70571,9933-108082-20621,Resto del país,UNIVERSIDAD NACIONAL DE COLOMBIA,Universidad Nacional De Colombia,True
9933,UNIVERSIDAD NACIONAL DE COLOMBIA,108082,ESTADÍSTICA,Cesar,La Paz,20621,Mujer,2021,2,OFICIAL,39,Presencial,Cercano,matricula,datos_snies_2021.xlsx,70572,9933-108082-20621,Resto del país,UNIVERSIDAD NACIONAL DE COLOMBIA,Universidad Nacional De Colombia,True
1101,UNIVERSIDAD NACIONAL DE COLOMBIA,32,ESTADISTICA,Bogotá D.C.,"Bogotá, D.C.",11001,Masculino,2022,1,OFICIAL,338,Presencial,Cercano,matricula,datos_snies_2022.xlsx,118,1101-32-11001,Benchmark nacional,Universidad Nacional de Colombia - Bogotá,UNAL Bogotá,True
1101,UNIVERSIDAD NACIONAL DE COLOMBIA,32,ESTADISTICA,Bogotá D.C.,"Bogotá, D.C.",11001,Masculino,2022,2,OFICIAL,343,Presencial,Cercano,matricula,datos_snies_2022.xlsx,119,1101-32-11001,Benchmark nacional,Universidad Nacional de Colombia - Bogotá,UNAL Bogotá,True
1101,UNIVERSIDAD NACIONAL DE COLOMBIA,32,ESTADISTICA,Bogotá D.C.,"Bogotá, D.C.",11001,Femenino,2022,1,OFICIAL,130,Presencial,Cercano,matricula,datos_snies_2022.xlsx,120,1101-32-11001,Benchmark nacional,Universidad Nacional de Colombia - Bogotá,UNAL Bogotá,True
1101,UNIVERSIDAD NACIONAL DE COLOMBIA,32,ESTADISTICA,Bogotá D.C.,"Bogotá, D.C.",11001,Femenino,2022,2,OFICIAL,134,Presencial,Cercano,matricula,datos_snies_2022.xlsx,121,1101-32-11001,Benchmark nacional,Universidad Nacional de Colombia - Bogotá,UNAL Bogotá,True
1101,UNIVERSIDAD NACIONAL DE COLOMBIA,106341,CIENCIAS DE LA COMPUTACIÓN,Bogotá D.C.,"Bogotá, D.C.",11001,Masculino,2022,1,OFICIAL,169,Presencial,Cercano,matricula,datos_snies_2022.xlsx,939,1101-106341-11001,Benchmark nacional,Universidad Nacional de Colombia - Bogotá,UNAL Bogotá,True
1101,UNIVERSIDAD NACIONAL DE COLOMBIA,106341,CIENCIAS DE LA COMPUTACIÓN,Bogotá D.C.,"Bogotá, D.C.",11001,Masculino,2022,2,OFICIAL,184,Presencial,Cercano,matricula,datos_snies_2022.xlsx,940,1101-106341-11001,Benchmark nacional,Universidad Nacional de Colombia - Bogotá,UNAL Bogotá,True
1101,UNIVERSIDAD NACIONAL DE COLOMBIA,106341,CIENCIAS DE LA COMPUTACIÓN,Bogotá D.C.,"Bogotá, D.C.",11001,Femenino,2022,1,OFICIAL,23,Presencial,Cercano,matricula,datos_snies_2022.xlsx,941,1101-106341-11001,Benchmark nacional,Universidad Nacional de Colombia - Bogotá,UNAL Bogotá,True
1101,UNIVERSIDAD NACIONAL DE COLOMBIA,106341,CIENCIAS DE LA COMPUTACIÓN,Bogotá D.C.,"Bogotá, D.C.",11001,Femenino,2022,2,OFICIAL,29,Presencial,Cercano,matricula,datos_snies_2022.xlsx,942,1101-106341-11001,Benchmark nacional,Universidad Nacional de Colombia - Bogotá,UNAL Bogotá,True
1102,UNIVERSIDAD NACIONAL DE COLOMBIA,16920,ESTADISTICA,Antioquia,Medellín,5001,Masculino,2022,1,OFICIAL,246,Presencial,Cercano,matricula,datos_snies_2022.xlsx,1139,1102-16920-5001,G8 Medellín,Universidad Nacional de Colombia - Medellín,UNAL Medellín,True
1102,UNIVERSIDAD NACIONAL DE COLOMBIA,16920,ESTADISTICA,Antioquia,Medellín,5001,Masculino,2022,2,OFICIAL,247,Presencial,Cercano,matricula,datos_snies_2022.xlsx,1140,1102-16920-5001,G8 Medellín,Universidad Nacional de Colombia - Medellín,UNAL Medellín,True
1102,UNIVERSIDAD NACIONAL DE COLOMBIA,16920,ESTADISTICA,Antioquia,Medellín,5001,Femenino,2022,1,OFICIAL,166,Presencial,Cercano,matricula,datos_snies_2022.xlsx,1141,1102-16920-5001,G8 Medellín,Universidad Nacional de Colombia - Medellín,UNAL Medellín,True
1102,UNIVERSIDAD NACIONAL DE COLOMBIA,16920,ESTADISTICA,Antioquia,Medellín,5001,Femenino,2022,2,OFICIAL,166,Presencial,Cercano,matricula,datos_snies_2022.xlsx,1142,1102-16920-5001,G8 Medellín,Universidad Nacional de Colombia - Medellín,UNAL Medellín,True
1102,UNIVERSIDAD NACIONAL DE COLOMBIA,107447,CIENCIAS DE LA COMPUTACIÓN,Antioquia,Medellín,5001,Masculino,2022,1,OFICIAL,94,Presencial,Cercano,matricula,datos_snies_2022.xlsx,1431,1102-107447-5001,G8 Medellín,Universidad Nacional de Colombia - Medellín,UNAL Medellín,True
1102,UNIVERSIDAD NACIONAL DE COLOMBIA,107447,CIENCIAS DE LA COMPUTACIÓN,Antioquia,Medellín,5001,Masculino,2022,2,OFICIAL,111,Presencial,Cercano,matricula,datos_snies_2022.xlsx,1432,1102-107447-5001,G8 Medellín,Universidad Nacional de Colombia - Medellín,UNAL Medellín,True
1102,UNIVERSIDAD NACIONAL DE COLOMBIA,107447,CIENCIAS DE LA COMPUTACIÓN,Antioquia,Medellín,5001,Femenino,2022,1,OFICIAL,15,Presencial,Cercano,matricula,datos_snies_2022.xlsx,1433,1102-107447-5001,G8 Medellín,Universidad Nacional de Colombia - Medellín,UNAL Medellín,True
1102,UNIVERSIDAD NACIONAL DE COLOMBIA,107447,CIENCIAS DE LA COMPUTACIÓN,Antioquia,Medellín,5001,Femenino,2022,2,OFICIAL,20,Presencial,Cercano,matricula,datos_snies_2022.xlsx,1434,1102-107447-5001,G8 Medellín,Universidad Nacional de Colombia - Medellín,UNAL Medellín,True
1103,UNIVERSIDAD NACIONAL DE COLOMBIA,110177,CIENCIAS DE LA COMPUTACIÓN,Caldas,Manizales,17001,Masculino,2022,1,OFICIAL,29,Presencial,Cercano,matricula,datos_snies_2022.xlsx,1639,1103-110177-17001,Resto del país,UNIVERSIDAD NACIONAL DE COLOMBIA,Universidad Nacional De Colombia,True
1103,UNIVERSIDAD NACIONAL DE COLOMBIA,110177,CIENCIAS DE LA COMPUTACIÓN,Caldas,Manizales,17001,Masculino,2022,2,OFICIAL,53,Presencial,Cercano,matricula,datos_snies_2022.xlsx,1640,1103-110177-17001,Resto del país,UNIVERSIDAD NACIONAL DE COLOMBIA,Universidad Nacional De Colombia,True
1103,UNIVERSIDAD NACIONAL DE COLOMBIA,110177,CIENCIAS DE LA COMPUTACIÓN,Caldas,Manizales,17001,Femenino,2022,1,OFICIAL,6,Presencial,Cercano,matricula,datos_snies_2022.xlsx,1641,1103-110177-17001,Resto del país,UNIVERSIDAD NACIONAL DE COLOMBIA,Universidad Nacional De Colombia,True
1103,UNIVERSIDAD NACIONAL DE COLOMBIA,110177,CIENCIAS DE LA COMPUTACIÓN,Caldas,Manizales,17001,Femenino,2022,2,OFICIAL,14,Presencial,Cercano,matricula,datos_snies_2022.xlsx,1642,1103-110177-17001,Resto del país,UNIVERSIDAD NACIONAL DE COLOMBIA,Universidad Nacional De Colombia,True
1113,UNIVERSIDAD DE CORDOBA,103514,ESTADÍSTICA,Córdoba,Montería,23001,Masculino,2022,1,OFICIAL,203,Presencial,Cercano,matricula,datos_snies_2022.xlsx,4116,1113-103514-23001,Resto del país,UNIVERSIDAD DE CORDOBA,Universidad De Cordoba,True
1113,UNIVERSIDAD DE CORDOBA,103514,ESTADÍSTICA,Córdoba,Montería,23001,Masculino,2022,2,OFICIAL,189,Presencial,Cercano,matricula,datos_snies_2022.xlsx,4117,1113-103514-23001,Resto del país,UNIVERSIDAD DE CORDOBA,Universidad De Cordoba,True
1113,UNIVERSIDAD DE CORDOBA,103514,ESTADÍSTICA,Córdoba,Montería,23001,Femenino,2022,1,OFICIAL,112,Presencial,Cercano,matricula,datos_snies_2022.xlsx,4118,1113-103514-23001,Resto del país,UNIVERSIDAD DE CORDOBA,Universidad De Cordoba,True
1113,UNIVERSIDAD DE CORDOBA,103514,ESTADÍSTICA,Córdoba,Montería,23001,Femenino,2022,2,OFICIAL,112,Presencial,Cercano,matricula,datos_snies_2022.xlsx,4119,1113-103514-23001,Resto del país,UNIVERSIDAD DE CORDOBA,Universidad De Cordoba,True
1201,UNIVERSIDAD DE ANTIOQUIA,101571,ESTADÍSTICA,Antioquia,Medellín,5001,Masculino,2022,1,OFICIAL,96,Presencial,Cercano,matricula,datos_snies_2022.xlsx,6585,1201-101571-5001,G8 Medellín,Universidad de Antioquia (UdeA),UdeA,True
1201,UNIVERSIDAD DE ANTIOQUIA,101571,ESTADÍSTICA,Antioquia,Medellín,5001,Masculino,2022,2,OFICIAL,5,Presencial,Cercano,matricula,datos_snies_2022.xlsx,6586,1201-101571-5001,G8 Medellín,Universidad de Antioquia (UdeA),UdeA,True
1201,UNIVERSIDAD DE ANTIOQUIA,101571,ESTADÍSTICA,Antioquia,Medellín,5001,Femenino,2022,1,OFICIAL,74,Presencial,Cercano,matricula,datos_snies_2022.xlsx,6587,1201-101571-5001,G8 Medellín,Universidad de Antioquia (UdeA),UdeA,True
1201,UNIVERSIDAD DE ANTIOQUIA,101571,ESTADÍSTICA,Antioquia,Medellín,5001,Femenino,2022,2,OFICIAL,1,Presencial,Cercano,matricula,datos_snies_2022.xlsx,6588,1201-101571-5001,G8 Medellín,Universidad de Antioquia (UdeA),UdeA,True
1203,UNIVERSIDAD DEL VALLE,593,ESTADISTICA,Valle del Cauca,Cali,76001,Masculino,2022,1,OFICIAL,164,Presencial,Cercano,matricula,datos_snies_2022.xlsx,7585,1203-593-76001,Resto del país,UNIVERSIDAD DEL VALLE,Universidad Del Valle,True
1203,UNIVERSIDAD DEL VALLE,593,ESTADISTICA,Valle del Cauca,Cali,76001,Masculino,2022,2,OFICIAL,144,Presencial,Cercano,matricula,datos_snies_2022.xlsx,7586,1203-593-76001,Resto del país,UNIVERSIDAD DEL VALLE,Universidad Del Valle,True
1203,UNIVERSIDAD DEL VALLE,593,ESTADISTICA,Valle del Cauca,Cali,76001,Femenino,2022,1,OFICIAL,103,Presencial,Cercano,matricula,datos_snies_2022.xlsx,7587,1203-593-76001,Resto del país,UNIVERSIDAD DEL VALLE,Universidad Del Valle,True
1203,UNIVERSIDAD DEL VALLE,593,ESTADISTICA,Valle del Cauca,Cali,76001,Femenino,2022,2,OFICIAL,92,Presencial,Cercano,matricula,datos_snies_2022.xlsx,7588,1203-593-76001,Resto del país,UNIVERSIDAD DEL VALLE,Universidad Del Valle,True
1207,UNIVERSIDAD DEL TOLIMA,3345,MATEMATICAS CON ENFASIS EN ESTADISTICA,Tolima,Ibagué,73001,Masculino,2022,1,OFICIAL,118,Presencial,Cercano,matricula,datos_snies_2022.xlsx,10296,1207-3345-73001,Resto del país,UNIVERSIDAD DEL TOLIMA,Universidad Del Tolima,True
1207,UNIVERSIDAD DEL TOLIMA,3345,MATEMATICAS CON ENFASIS EN ESTADISTICA,Tolima,Ibagué,73001,Masculino,2022,2,OFICIAL,111,Presencial,Cercano,matricula,datos_snies_2022.xlsx,10297,1207-3345-73001,Resto del país,UNIVERSIDAD DEL TOLIMA,Universidad Del Tolima,True
1207,UNIVERSIDAD DEL TOLIMA,3345,MATEMATICAS CON ENFASIS EN ESTADISTICA,Tolima,Ibagué,73001,Femenino,2022,1,OFICIAL,61,Presencial,Cercano,matricula,datos_snies_2022.xlsx,10298,1207-3345-73001,Resto del país,UNIVERSIDAD DEL TOLIMA,Universidad Del Tolima,True
1207,UNIVERSIDAD DEL TOLIMA,3345,MATEMATICAS CON ENFASIS EN ESTADISTICA,Tolima,Ibagué,73001,Femenino,2022,2,OFICIAL,65,Presencial,Cercano,matricula,datos_snies_2022.xlsx,10299,1207-3345-73001,Resto del país,UNIVERSIDAD DEL TOLIMA,Universidad Del Tolima,True
1701,PONTIFICIA UNIVERSIDAD JAVERIANA,108890,CIENCIA DE DATOS,Bogotá D.C.,"Bogotá, D.C.",11001,Masculino,2022,1,PRIVADA,60,Presencial,Directo,matricula,datos_snies_2022.xlsx,14196,1701-108890-11001,Benchmark nacional,Pontificia Universidad Javeriana,Javeriana,True
1701,PONTIFICIA UNIVERSIDAD JAVERIANA,108890,CIENCIA DE DATOS,Bogotá D.C.,"Bogotá, D.C.",11001,Masculino,2022,2,PRIVADA,88,Presencial,Directo,matricula,datos_snies_2022.xlsx,14197,1701-108890-11001,Benchmark nacional,Pontificia Universidad Javeriana,Javeriana,True
1701,PONTIFICIA UNIVERSIDAD JAVERIANA,108890,CIENCIA DE DATOS,Bogotá D.C.,"Bogotá, D.C.",11001,Femenino,2022,1,PRIVADA,28,Presencial,Directo,matricula,datos_snies_2022.xlsx,14198,1701-108890-11001,Benchmark nacional,Pontificia Universidad Javeriana,Javeriana,True
1701,PONTIFICIA UNIVERSIDAD JAVERIANA,108890,CIENCIA DE DATOS,Bogotá D.C.,"Bogotá, D.C.",11001,Femenino,2022,2,PRIVADA,37,Presencial,Directo,matricula,datos_snies_2022.xlsx,14199,1701-108890-11001,Benchmark nacional,Pontificia Universidad Javeriana,Javeriana,True
1703,UNIVERSIDAD INCCA DE COLOMBIA,108038,ESTADISTICA,Bogotá D.C.,"Bogotá, D.C.",11001,Masculino,2022,1,PRIVADA,5,Presencial,Cercano,matricula,datos_snies_2022.xlsx,14649,1703-108038-11001,Resto del país,UNIVERSIDAD INCCA DE COLOMBIA,Universidad Incca De Colombia,True
1703,UNIVERSIDAD INCCA DE COLOMBIA,108038,ESTADISTICA,Bogotá D.C.,"Bogotá, D.C.",11001,Masculino,2022,2,PRIVADA,2,Presencial,Cercano,matricula,datos_snies_2022.xlsx,14650,1703-108038-11001,Resto del país,UNIVERSIDAD INCCA DE COLOMBIA,Universidad Incca De Colombia,True
1703,UNIVERSIDAD INCCA DE COLOMBIA,108038,ESTADISTICA,Bogotá D.C.,"Bogotá, D.C.",11001,Femenino,2022,1,PRIVADA,3,Presencial,Cercano,matricula,datos_snies_2022.xlsx,14651,1703-108038-11001,Resto del país,UNIVERSIDAD INCCA DE COLOMBIA,Universidad Incca De Colombia,True
1703,UNIVERSIDAD INCCA DE COLOMBIA,108038,ESTADISTICA,Bogotá D.C.,"Bogotá, D.C.",11001,Femenino,2022,2,PRIVADA,2,Presencial,Cercano,matricula,datos_snies_2022.xlsx,14652,1703-108038-11001,Resto del país,UNIVERSIDAD INCCA DE COLOMBIA,Universidad Incca De Colombia,True
1704,UNIVERSIDAD SANTO TOMAS,52000,ESTADÍSTICA,Bogotá D.C.,"Bogotá, D.C.",11001,Masculino,2022,1,PRIVADA,176,Presencial,Cercano,matricula,datos_snies_2022.xlsx,15237,1704-52000-11001,Resto del país,UNIVERSIDAD SANTO TOMAS,Universidad Santo Tomas,True
1704,UNIVERSIDAD SANTO TOMAS,52000,ESTADÍSTICA,Bogotá D.C.,"Bogotá, D.C.",11001,Masculino,2022,2,PRIVADA,166,Presencial,Cercano,matricula,datos_snies_2022.xlsx,15238,1704-52000-11001,Resto del país,UNIVERSIDAD SANTO TOMAS,Universidad Santo Tomas,True
1704,UNIVERSIDAD SANTO TOMAS,52000,ESTADÍSTICA,Bogotá D.C.,"Bogotá, D.C.",11001,Femenino,2022,1,PRIVADA,129,Presencial,Cercano,matricula,datos_snies_2022.xlsx,15239,1704-52000-11001,Resto del país,UNIVERSIDAD SANTO TOMAS,Universidad Santo Tomas,True
1704,UNIVERSIDAD SANTO TOMAS,52000,ESTADÍSTICA,Bogotá D.C.,"Bogotá, D.C.",11001,Femenino,2022,2,PRIVADA,130,Presencial,Cercano,matricula,datos_snies_2022.xlsx,15240,1704-52000-11001,Resto del país,UNIVERSIDAD SANTO TOMAS,Universidad Santo Tomas,True
1706,UNIVERSIDAD EXTERNADO DE COLOMBIA,110032,CIENCIA DE DATOS,Bogotá D.C.,"Bogotá, D.C.",11001,Masculino,2022,1,PRIVADA,21,Presencial,Directo,matricula,datos_snies_2022.xlsx,17093,1706-110032-11001,Resto del país,UNIVERSIDAD EXTERNADO DE COLOMBIA,Universidad Externado De Colombia,True
1706,UNIVERSIDAD EXTERNADO DE COLOMBIA,110032,CIENCIA DE DATOS,Bogotá D.C.,"Bogotá, D.C.",11001,Masculino,2022,2,PRIVADA,38,Presencial,Directo,matricula,datos_snies_2022.xlsx,17094,1706-110032-11001,Resto del país,UNIVERSIDAD EXTERNADO DE COLOMBIA,Universidad Externado De Colombia,True
1706,UNIVERSIDAD EXTERNADO DE COLOMBIA,110032,CIENCIA DE DATOS,Bogotá D.C.,"Bogotá, D.C.",11001,Femenino,2022,1,PRIVADA,12,Presencial,Directo,matricula,datos_snies_2022.xlsx,17095,1706-110032-11001,Resto del país,UNIVERSIDAD EXTERNADO DE COLOMBIA,Universidad Externado De Colombia,True
1706,UNIVERSIDAD EXTERNADO DE COLOMBIA,110032,CIENCIA DE DATOS,Bogotá D.C.,"Bogotá, D.C.",11001,Femenino,2022,2,PRIVADA,17,Presencial,Directo,matricula,datos_snies_2022.xlsx,17096,1706-110032-11001,Resto del país,UNIVERSIDAD EXTERNADO DE COLOMBIA,Universidad Externado De Colombia,True
1710,UNIVERSIDAD PONTIFICIA BOLIVARIANA,108578,INGENIERÍA EN CIENCIA DE DATOS,Antioquia,Medellín,5001,Masculino,2022,1,PRIVADA,42,Presencial,Directo,matricula,datos_snies_2022.xlsx,18340,1710-108578-5001,G8 Medellín,Universidad Pontificia Bolivariana (UPB),UPB Medellín,True
1710,UNIVERSIDAD PONTIFICIA BOLIVARIANA,108578,INGENIERÍA EN CIENCIA DE DATOS,Antioquia,Medellín,5001,Masculino,2022,2,PRIVADA,50,Presencial,Directo,matricula,datos_snies_2022.xlsx,18341,1710-108578-5001,G8 Medellín,Universidad Pontificia Bolivariana (UPB),UPB Medellín,True
1710,UNIVERSIDAD PONTIFICIA BOLIVARIANA,108578,INGENIERÍA EN CIENCIA DE DATOS,Antioquia,Medellín,5001,Femenino,2022,1,PRIVADA,14,Presencial,Directo,matricula,datos_snies_2022.xlsx,18342,1710-108578-5001,G8 Medellín,Universidad Pontificia Bolivariana (UPB),UPB Medellín,True
1710,UNIVERSIDAD PONTIFICIA BOLIVARIANA,108578,INGENIERÍA EN CIENCIA DE DATOS,Antioquia,Medellín,5001,Femenino,2022,2,PRIVADA,14,Presencial,Directo,matricula,datos_snies_2022.xlsx,18343,1710-108578-5001,G8 Medellín,Universidad Pontificia Bolivariana (UPB),UPB Medellín,True
1712,UNIVERSIDAD EAFIT-,11498,INGENIERIA MATEMATICA,Antioquia,Medellín,5001,Masculino,2022,1,PRIVADA,111,Presencial,Cercano,matricula,datos_snies_2022.xlsx,19035,1712-11498-5001,G8 Medellín,Universidad EAFIT,EAFIT,True
1712,UNIVERSIDAD EAFIT-,11498,INGENIERIA MATEMATICA,Antioquia,Medellín,5001,Masculino,2022,2,PRIVADA,114,Presencial,Cercano,matricula,datos_snies_2022.xlsx,19036,1712-11498-5001,G8 Medellín,Universidad EAFIT,EAFIT,True
1712,UNIVERSIDAD EAFIT-,11498,INGENIERIA MATEMATICA,Antioquia,Medellín,5001,Femenino,2022,1,PRIVADA,56,Presencial,Cercano,matricula,datos_snies_2022.xlsx,19037,1712-11498-5001,G8 Medellín,Universidad EAFIT,EAFIT,True
1712,UNIVERSIDAD EAFIT-,11498,INGENIERIA MATEMATICA,Antioquia,Medellín,5001,Femenino,2022,2,PRIVADA,56,Presencial,Cercano,matricula,datos_snies_2022.xlsx,19038,1712-11498-5001,G8 Medellín,Universidad EAFIT,EAFIT,True
1713,UNIVERSIDAD DEL NORTE,110172,CIENCIA DE DATOS,Atlántico,Barranquilla,8001,Masculino,2022,1,PRIVADA,21,Presencial,Directo,matricula,datos_snies_2022.xlsx,19968,1713-110172-8001,Benchmark nacional,Universidad del Norte,Uninorte,True
1713,UNIVERSIDAD DEL NORTE,110172,CIENCIA DE DATOS,Atlántico,Barranquilla,8001,Masculino,2022,2,PRIVADA,30,Presencial,Directo,matricula,datos_snies_2022.xlsx,19969,1713-110172-8001,Benchmark nacional,Universidad del Norte,Uninorte,True
1713,UNIVERSIDAD DEL NORTE,110172,CIENCIA DE DATOS,Atlántico,Barranquilla,8001,Femenino,2022,1,PRIVADA,15,Presencial,Directo,matricula,datos_snies_2022.xlsx,19970,1713-110172-8001,Benchmark nacional,Universidad del Norte,Uninorte,True
1713,UNIVERSIDAD DEL NORTE,110172,CIENCIA DE DATOS,Atlántico,Barranquilla,8001,Femenino,2022,2,PRIVADA,20,Presencial,Directo,matricula,datos_snies_2022.xlsx,19971,1713-110172-8001,Benchmark nacional,Universidad del Norte,Uninorte,True
1714,COLEGIO MAYOR DE NUESTRA SEÑORA DEL ROSARIO,105653,MATEMÁTICAS APLICADAS Y CIENCIAS DE LA COMPUTACIÓN,Bogotá D.C.,"Bogotá, D.C.",11001,Masculino,2022,1,PRIVADA,179,Presencial,Cercano,matricula,datos_snies_2022.xlsx,20399,1714-105653-11001,Benchmark nacional,Universidad del Rosario,Rosario,True
1714,COLEGIO MAYOR DE NUESTRA SEÑORA DEL ROSARIO,105653,MATEMÁTICAS APLICADAS Y CIENCIAS DE LA COMPUTACIÓN,Bogotá D.C.,"Bogotá, D.C.",11001,Masculino,2022,2,PRIVADA,182,Presencial,Cercano,matricula,datos_snies_2022.xlsx,20400,1714-105653-11001,Benchmark nacional,Universidad del Rosario,Rosario,True
1714,COLEGIO MAYOR DE NUESTRA SEÑORA DEL ROSARIO,105653,MATEMÁTICAS APLICADAS Y CIENCIAS DE LA COMPUTACIÓN,Bogotá D.C.,"Bogotá, D.C.",11001,Femenino,2022,1,PRIVADA,85,Presencial,Cercano,matricula,datos_snies_2022.xlsx,20401,1714-105653-11001,Benchmark nacional,Universidad del Rosario,Rosario,True
1714,COLEGIO MAYOR DE NUESTRA SEÑORA DEL ROSARIO,105653,MATEMÁTICAS APLICADAS Y CIENCIAS DE LA COMPUTACIÓN,Bogotá D.C.,"Bogotá, D.C.",11001,Femenino,2022,2,PRIVADA,84,Presencial,Cercano,matricula,datos_snies_2022.xlsx,20402,1714-105653-11001,Benchmark nacional,Universidad del Rosario,Rosario,True
1715,FUNDACION UNIVERSIDAD DE AMERICA,107649,ESTADISTICA Y CIENCIAS ACTUARIALES,Bogotá D.C.,"Bogotá, D.C.",11001,Masculino,2022,1,PRIVADA,32,Presencial,Cercano,matricula,datos_snies_2022.xlsx,20726,1715-107649-11001,Resto del país,FUNDACION UNIVERSIDAD DE AMERICA,Fundacion Universidad De America,True
1715,FUNDACION UNIVERSIDAD DE AMERICA,107649,ESTADISTICA Y CIENCIAS ACTUARIALES,Bogotá D.C.,"Bogotá, D.C.",11001,Masculino,2022,2,PRIVADA,30,Presencial,Cercano,matricula,datos_snies_2022.xlsx,20727,1715-107649-11001,Resto del país,FUNDACION UNIVERSIDAD DE AMERICA,Fundacion Universidad De America,True
1715,FUNDACION UNIVERSIDAD DE AMERICA,107649,ESTADISTICA Y CIENCIAS ACTUARIALES,Bogotá D.C.,"Bogotá, D.C.",11001,Femenino,2022,1,PRIVADA,13,Presencial,Cercano,matricula,datos_snies_2022.xlsx,20728,1715-107649-11001,Resto del país,FUNDACION UNIVERSIDAD DE AMERICA,Fundacion Universidad De America,True
1715,FUNDACION UNIVERSIDAD DE AMERICA,107649,ESTADISTICA Y CIENCIAS ACTUARIALES,Bogotá D.C.,"Bogotá, D.C.",11001,Femenino,2022,2,PRIVADA,10,Presencial,Cercano,matricula,datos_snies_2022.xlsx,20729,1715-107649-11001,Resto del país,FUNDACION UNIVERSIDAD DE AMERICA,Fundacion Universidad De America,True
1728,UNIVERSIDAD SERGIO ARBOLEDA,7773,CIENCIAS DE LA COMPUTACIÓN E INTELIGENCIA ARTIFICIAL,Bogotá D.C.,"Bogotá, D.C.",11001,Masculino,2022,1,PRIVADA,316,Presencial,Cercano,matricula,datos_snies_2022.xlsx,22525,1728-7773-11001,Resto del país,UNIVERSIDAD SERGIO ARBOLEDA,Universidad Sergio Arboleda,True
1728,UNIVERSIDAD SERGIO ARBOLEDA,7773,CIENCIAS DE LA COMPUTACIÓN E INTELIGENCIA ARTIFICIAL,Bogotá D.C.,"Bogotá, D.C.",11001,Masculino,2022,2,PRIVADA,334,Presencial,Cercano,matricula,datos_snies_2022.xlsx,22526,1728-7773-11001,Resto del país,UNIVERSIDAD SERGIO ARBOLEDA,Universidad Sergio Arboleda,True
1728,UNIVERSIDAD SERGIO ARBOLEDA,7773,CIENCIAS DE LA COMPUTACIÓN E INTELIGENCIA ARTIFICIAL,Bogotá D.C.,"Bogotá, D.C.",11001,Femenino,2022,1,PRIVADA,67,Presencial,Cercano,matricula,datos_snies_2022.xlsx,22527,1728-7773-11001,Resto del país,UNIVERSIDAD SERGIO ARBOLEDA,Universidad Sergio Arboleda,True
1728,UNIVERSIDAD SERGIO ARBOLEDA,7773,CIENCIAS DE LA COMPUTACIÓN E INTELIGENCIA ARTIFICIAL,Bogotá D.C.,"Bogotá, D.C.",11001,Femenino,2022,2,PRIVADA,68,Presencial,Cercano,matricula,datos_snies_2022.xlsx,22528,1728-7773-11001,Resto del país,UNIVERSIDAD SERGIO ARBOLEDA,Universidad Sergio Arboleda,True
1729,UNIVERSIDAD EL BOSQUE,103722,ESTADÍSTICA,Bogotá D.C.,"Bogotá, D.C.",11001,Masculino,2022,1,PRIVADA,18,Presencial,Cercano,matricula,datos_snies_2022.xlsx,23344,1729-103722-11001,Resto del país,UNIVERSIDAD EL BOSQUE,Universidad El Bosque,True
1729,UNIVERSIDAD EL BOSQUE,103722,ESTADÍSTICA,Bogotá D.C.,"Bogotá, D.C.",11001,Masculino,2022,2,PRIVADA,15,Presencial,Cercano,matricula,datos_snies_2022.xlsx,23345,1729-103722-11001,Resto del país,UNIVERSIDAD EL BOSQUE,Universidad El Bosque,True
1729,UNIVERSIDAD EL BOSQUE,103722,ESTADÍSTICA,Bogotá D.C.,"Bogotá, D.C.",11001,Femenino,2022,1,PRIVADA,25,Presencial,Cercano,matricula,datos_snies_2022.xlsx,23346,1729-103722-11001,Resto del país,UNIVERSIDAD EL BOSQUE,Universidad El Bosque,True
1729,UNIVERSIDAD EL BOSQUE,103722,ESTADÍSTICA,Bogotá D.C.,"Bogotá, D.C.",11001,Femenino,2022,2,PRIVADA,21,Presencial,Cercano,matricula,datos_snies_2022.xlsx,23347,1729-103722-11001,Resto del país,UNIVERSIDAD EL BOSQUE,Universidad El Bosque,True
1812,UNIVERSIDAD DE MEDELLIN,103268,COMPUTACIÓN CIENTÍFICA,Antioquia,Medellín,5001,Masculino,2022,1,PRIVADA,11,Presencial,Cercano,matricula,datos_snies_2022.xlsx,26361,1812-103268-5001,G8 Medellín,Universidad de Medellín,U. de Medellín,True
1812,UNIVERSIDAD DE MEDELLIN,103268,COMPUTACIÓN CIENTÍFICA,Antioquia,Medellín,5001,Masculino,2022,2,PRIVADA,21,Presencial,Cercano,matricula,datos_snies_2022.xlsx,26362,1812-103268-5001,G8 Medellín,Universidad de Medellín,U. de Medellín,True
1812,UNIVERSIDAD DE MEDELLIN,103268,COMPUTACIÓN CIENTÍFICA,Antioquia,Medellín,5001,Femenino,2022,1,PRIVADA,7,Presencial,Cercano,matricula,datos_snies_2022.xlsx,26363,1812-103268-5001,G8 Medellín,Universidad de Medellín,U. de Medellín,True
1812,UNIVERSIDAD DE MEDELLIN,103268,COMPUTACIÓN CIENTÍFICA,Antioquia,Medellín,5001,Femenino,2022,2,PRIVADA,11,Presencial,Cercano,matricula,datos_snies_2022.xlsx,26364,1812-103268-5001,G8 Medellín,Universidad de Medellín,U. de Medellín,True
1830,UNIVERSIDAD AUTONOMA DE OCCIDENTE,109940,INGENIERÍA DE DATOS E INTELIGENCIA ARTIFICIAL,Valle del Cauca,Cali,76001,Masculino,2022,1,PRIVADA,1,Presencial,Directo,matricula,datos_snies_2022.xlsx,30485,1830-109940-76001,Resto del país,UNIVERSIDAD AUTONOMA DE OCCIDENTE,Universidad Autonoma De Occidente,False
1830,UNIVERSIDAD AUTONOMA DE OCCIDENTE,109940,INGENIERÍA DE DATOS E INTELIGENCIA ARTIFICIAL,Valle del Cauca,Cali,76001,Masculino,2022,2,PRIVADA,1,Presencial,Directo,matricula,datos_snies_2022.xlsx,30486,1830-109940-76001,Resto del país,UNIVERSIDAD AUTONOMA DE OCCIDENTE,Universidad Autonoma De Occidente,False
1830,UNIVERSIDAD AUTONOMA DE OCCIDENTE,110368,INGENIERÍA DE DATOS E INTELIGENCIA ARTIFICIAL,Valle del Cauca,Cali,76001,Masculino,2022,1,PRIVADA,25,Presencial-Virtual,Directo,matricula,datos_snies_2022.xlsx,30503,1830-110368-76001,Resto del país,UNIVERSIDAD AUTONOMA DE OCCIDENTE,Universidad Autonoma De Occidente,False
1830,UNIVERSIDAD AUTONOMA DE OCCIDENTE,110368,INGENIERÍA DE DATOS E INTELIGENCIA ARTIFICIAL,Valle del Cauca,Cali,76001,Masculino,2022,2,PRIVADA,44,Presencial-Virtual,Directo,matricula,datos_snies_2022.xlsx,30504,1830-110368-76001,Resto del país,UNIVERSIDAD AUTONOMA DE OCCIDENTE,Universidad Autonoma De Occidente,False
1830,UNIVERSIDAD AUTONOMA DE OCCIDENTE,110368,INGENIERÍA DE DATOS E INTELIGENCIA ARTIFICIAL,Valle del Cauca,Cali,76001,Femenino,2022,1,PRIVADA,14,Presencial-Virtual,Directo,matricula,datos_snies_2022.xlsx,30505,1830-110368-76001,Resto del país,UNIVERSIDAD AUTONOMA DE OCCIDENTE,Universidad Autonoma De Occidente,False
1830,UNIVERSIDAD AUTONOMA DE OCCIDENTE,110368,INGENIERÍA DE DATOS E INTELIGENCIA ARTIFICIAL,Valle del Cauca,Cali,76001,Femenino,2022,2,PRIVADA,21,Presencial-Virtual,Directo,matricula,datos_snies_2022.xlsx,30506,1830-110368-76001,Resto del país,UNIVERSIDAD AUTONOMA DE OCCIDENTE,Universidad Autonoma De Occidente,False
2713,FUNDACION UNIVERSITARIA LOS LIBERTADORES,108275,ESTADÍSTICA,Bogotá D.C.,"Bogotá, D.C.",11001,Masculino,2022,1,PRIVADA,38,Presencial,Cercano,matricula,datos_snies_2022.xlsx,46030,2713-108275-11001,Resto del país,FUNDACION UNIVERSITARIA LOS LIBERTADORES,Fundacion Universitaria Los Libertadores,True
2713,FUNDACION UNIVERSITARIA LOS LIBERTADORES,108275,ESTADÍSTICA,Bogotá D.C.,"Bogotá, D.C.",11001,Masculino,2022,2,PRIVADA,32,Presencial,Cercano,matricula,datos_snies_2022.xlsx,46031,2713-108275-11001,Resto del país,FUNDACION UNIVERSITARIA LOS LIBERTADORES,Fundacion Universitaria Los Libertadores,True
2713,FUNDACION UNIVERSITARIA LOS LIBERTADORES,108275,ESTADÍSTICA,Bogotá D.C.,"Bogotá, D.C.",11001,Femenino,2022,1,PRIVADA,16,Presencial,Cercano,matricula,datos_snies_2022.xlsx,46032,2713-108275-11001,Resto del país,FUNDACION UNIVERSITARIA LOS LIBERTADORES,Fundacion Universitaria Los Libertadores,True
2713,FUNDACION UNIVERSITARIA LOS LIBERTADORES,108275,ESTADÍSTICA,Bogotá D.C.,"Bogotá, D.C.",11001,Femenino,2022,2,PRIVADA,15,Presencial,Cercano,matricula,datos_snies_2022.xlsx,46033,2713-108275-11001,Resto del país,FUNDACION UNIVERSITARIA LOS LIBERTADORES,Fundacion Universitaria Los Libertadores,True
2725,POLITECNICO GRANCOLOMBIANO,110098,INGENIERIA EN CIENCIA DE DATOS,Bogotá D.C.,"Bogotá, D.C.",11001,Masculino,2022,1,PRIVADA,9,Presencial,Directo,matricula,datos_snies_2022.xlsx,47371,2725-110098-11001,Resto del país,POLITECNICO GRANCOLOMBIANO,Politecnico Grancolombiano,True
2725,POLITECNICO GRANCOLOMBIANO,110098,INGENIERIA EN CIENCIA DE DATOS,Bogotá D.C.,"Bogotá, D.C.",11001,Masculino,2022,2,PRIVADA,23,Presencial,Directo,matricula,datos_snies_2022.xlsx,47372,2725-110098-11001,Resto del país,POLITECNICO GRANCOLOMBIANO,Politecnico Grancolombiano,True
2725,POLITECNICO GRANCOLOMBIANO,110098,INGENIERIA EN CIENCIA DE DATOS,Bogotá D.C.,"Bogotá, D.C.",11001,Femenino,2022,1,PRIVADA,1,Presencial,Directo,matricula,datos_snies_2022.xlsx,47373,2725-110098-11001,Resto del país,POLITECNICO GRANCOLOMBIANO,Politecnico Grancolombiano,True
2725,POLITECNICO GRANCOLOMBIANO,110098,INGENIERIA EN CIENCIA DE DATOS,Bogotá D.C.,"Bogotá, D.C.",11001,Femenino,2022,2,PRIVADA,4,Presencial,Directo,matricula,datos_snies_2022.xlsx,47374,2725-110098-11001,Resto del país,POLITECNICO GRANCOLOMBIANO,Politecnico Grancolombiano,True
2745,FUNDACIÓN UNIVERSITARIA COMPENSAR,110692,CIENCIA DE DATOS,Bogotá D.C.,"Bogotá, D.C.",11001,Masculino,2022,2,PRIVADA,8,Presencial,Directo,matricula,datos_snies_2022.xlsx,48876,2745-110692-11001,Resto del país,FUNDACIÓN UNIVERSITARIA COMPENSAR,Fundación Universitaria Compensar,True
2745,FUNDACIÓN UNIVERSITARIA COMPENSAR,110692,CIENCIA DE DATOS,Bogotá D.C.,"Bogotá, D.C.",11001,Femenino,2022,2,PRIVADA,6,Presencial,Directo,matricula,datos_snies_2022.xlsx,48877,2745-110692-11001,Resto del país,FUNDACIÓN UNIVERSITARIA COMPENSAR,Fundación Universitaria Compensar,True
2745,FUNDACIÓN UNIVERSITARIA COMPENSAR,111015,CIENCIA DE DATOS,Bogotá D.C.,"Bogotá, D.C.",11001,Masculino,2022,1,PRIVADA,18,Virtual,Directo,matricula,datos_snies_2022.xlsx,48884,2745-111015-11001,Resto del país,FUNDACIÓN UNIVERSITARIA COMPENSAR,Fundación Universitaria Compensar,True
2745,FUNDACIÓN UNIVERSITARIA COMPENSAR,111015,CIENCIA DE DATOS,Bogotá D.C.,"Bogotá, D.C.",11001,Masculino,2022,2,PRIVADA,34,Virtual,Directo,matricula,datos_snies_2022.xlsx,48885,2745-111015-11001,Resto del país,FUNDACIÓN UNIVERSITARIA COMPENSAR,Fundación Universitaria Compensar,True
2745,FUNDACIÓN UNIVERSITARIA COMPENSAR,111015,CIENCIA DE DATOS,Bogotá D.C.,"Bogotá, D.C.",11001,Femenino,2022,1,PRIVADA,11,Virtual,Directo,matricula,datos_snies_2022.xlsx,48886,2745-111015-11001,Resto del país,FUNDACIÓN UNIVERSITARIA COMPENSAR,Fundación Universitaria Compensar,True
2745,FUNDACIÓN UNIVERSITARIA COMPENSAR,111015,CIENCIA DE DATOS,Bogotá D.C.,"Bogotá, D.C.",11001,Femenino,2022,2,PRIVADA,19,Virtual,Directo,matricula,datos_snies_2022.xlsx,48887,2745-111015-11001,Resto del país,FUNDACIÓN UNIVERSITARIA COMPENSAR,Fundación Universitaria Compensar,True
2811,UNIVERSIDAD ESCUELA COLOMBIANA DE INGENIERIA JULIO GARAVITO,109408,INGENIERÍA ESTADÍSTICA,Bogotá D.C.,"Bogotá, D.C.",11001,Masculino,2022,1,PRIVADA,18,Presencial,Cercano,matricula,datos_snies_2022.xlsx,50014,2811-109408-11001,Resto del país,UNIVERSIDAD ESCUELA COLOMBIANA DE INGENIERIA JULIO GARAVITO,Universidad Escuela Colombiana De Ingenieria Julio Garavito,True
2811,UNIVERSIDAD ESCUELA COLOMBIANA DE INGENIERIA JULIO GARAVITO,109408,INGENIERÍA ESTADÍSTICA,Bogotá D.C.,"Bogotá, D.C.",11001,Masculino,2022,2,PRIVADA,22,Presencial,Cercano,matricula,datos_snies_2022.xlsx,50015,2811-109408-11001,Resto del país,UNIVERSIDAD ESCUELA COLOMBIANA DE INGENIERIA JULIO GARAVITO,Universidad Escuela Colombiana De Ingenieria Julio Garavito,True
2811,UNIVERSIDAD ESCUELA COLOMBIANA DE INGENIERIA JULIO GARAVITO,109408,INGENIERÍA ESTADÍSTICA,Bogotá D.C.,"Bogotá, D.C.",11001,Femenino,2022,1,PRIVADA,9,Presencial,Cercano,matricula,datos_snies_2022.xlsx,50016,2811-109408-11001,Resto del país,UNIVERSIDAD ESCUELA COLOMBIANA DE INGENIERIA JULIO GARAVITO,Universidad Escuela Colombiana De Ingenieria Julio Garavito,True
2811,UNIVERSIDAD ESCUELA COLOMBIANA DE INGENIERIA JULIO GARAVITO,109408,INGENIERÍA ESTADÍSTICA,Bogotá D.C.,"Bogotá, D.C.",11001,Femenino,2022,2,PRIVADA,11,Presencial,Cercano,matricula,datos_snies_2022.xlsx,50017,2811-109408-11001,Resto del país,UNIVERSIDAD ESCUELA COLOMBIANA DE INGENIERIA JULIO GARAVITO,Universidad Escuela Colombiana De Ingenieria Julio Garavito,True
2830,CORPORACION UNIVERSITARIA IBEROAMERICANA,110672,INGENIERIA EN CIENCIA DE DATOS,Bogotá D.C.,"Bogotá, D.C.",11001,Masculino,2022,1,PRIVADA,17,Virtual,Directo,matricula,datos_snies_2022.xlsx,52510,2830-110672-11001,Resto del país,CORPORACION UNIVERSITARIA IBEROAMERICANA,Corporacion Universitaria Iberoamericana,True
2830,CORPORACION UNIVERSITARIA IBEROAMERICANA,110672,INGENIERIA EN CIENCIA DE DATOS,Bogotá D.C.,"Bogotá, D.C.",11001,Masculino,2022,2,PRIVADA,40,Virtual,Directo,matricula,datos_snies_2022.xlsx,52511,2830-110672-11001,Resto del país,CORPORACION UNIVERSITARIA IBEROAMERICANA,Corporacion Universitaria Iberoamericana,True
2830,CORPORACION UNIVERSITARIA IBEROAMERICANA,110672,INGENIERIA EN CIENCIA DE DATOS,Bogotá D.C.,"Bogotá, D.C.",11001,Femenino,2022,1,PRIVADA,6,Virtual,Directo,matricula,datos_snies_2022.xlsx,52512,2830-110672-11001,Resto del país,CORPORACION UNIVERSITARIA IBEROAMERICANA,Corporacion Universitaria Iberoamericana,True
2830,CORPORACION UNIVERSITARIA IBEROAMERICANA,110672,INGENIERIA EN CIENCIA DE DATOS,Bogotá D.C.,"Bogotá, D.C.",11001,Femenino,2022,2,PRIVADA,14,Virtual,Directo,matricula,datos_snies_2022.xlsx,52513,2830-110672-11001,Resto del país,CORPORACION UNIVERSITARIA IBEROAMERICANA,Corporacion Universitaria Iberoamericana,True
5802,UNIVERSIDAD ECCI,103713,ESTADÍSTICA,Bogotá D.C.,"Bogotá, D.C.",11001,Masculino,2022,1,PRIVADA,29,Presencial,Cercano,matricula,datos_snies_2022.xlsx,60687,5802-103713-11001,Resto del país,UNIVERSIDAD ECCI,Universidad Ecci,True
5802,UNIVERSIDAD ECCI,103713,ESTADÍSTICA,Bogotá D.C.,"Bogotá, D.C.",11001,Masculino,2022,2,PRIVADA,34,Presencial,Cercano,matricula,datos_snies_2022.xlsx,60688,5802-103713-11001,Resto del país,UNIVERSIDAD ECCI,Universidad Ecci,True
5802,UNIVERSIDAD ECCI,103713,ESTADÍSTICA,Bogotá D.C.,"Bogotá, D.C.",11001,Femenino,2022,1,PRIVADA,16,Presencial,Cercano,matricula,datos_snies_2022.xlsx,60689,5802-103713-11001,Resto del país,UNIVERSIDAD ECCI,Universidad Ecci,True
5802,UNIVERSIDAD ECCI,103713,ESTADÍSTICA,Bogotá D.C.,"Bogotá, D.C.",11001,Femenino,2022,2,PRIVADA,19,Presencial,Cercano,matricula,datos_snies_2022.xlsx,60690,5802-103713-11001,Resto del país,UNIVERSIDAD ECCI,Universidad Ecci,True
9933,UNIVERSIDAD NACIONAL DE COLOMBIA,108082,ESTADÍSTICA,Cesar,La Paz,20621,Masculino,2022,1,OFICIAL,98,Presencial,Cercano,matricula,datos_snies_2022.xlsx,69713,9933-108082-20621,Resto del país,UNIVERSIDAD NACIONAL DE COLOMBIA,Universidad Nacional De Colombia,True
9933,UNIVERSIDAD NACIONAL DE COLOMBIA,108082,ESTADÍSTICA,Cesar,La Paz,20621,Masculino,2022,2,OFICIAL,106,Presencial,Cercano,matricula,datos_snies_2022.xlsx,69714,9933-108082-20621,Resto del país,UNIVERSIDAD NACIONAL DE COLOMBIA,Universidad Nacional De Colombia,True
9933,UNIVERSIDAD NACIONAL DE COLOMBIA,108082,ESTADÍSTICA,Cesar,La Paz,20621,Femenino,2022,1,OFICIAL,48,Presencial,Cercano,matricula,datos_snies_2022.xlsx,69715,9933-108082-20621,Resto del país,UNIVERSIDAD NACIONAL DE COLOMBIA,Universidad Nacional De Colombia,True
9933,UNIVERSIDAD NACIONAL DE COLOMBIA,108082,ESTADÍSTICA,Cesar,La Paz,20621,Femenino,2022,2,OFICIAL,53,Presencial,Cercano,matricula,datos_snies_2022.xlsx,69716,9933-108082-20621,Resto del país,UNIVERSIDAD NACIONAL DE COLOMBIA,Universidad Nacional De Colombia,True
1101,UNIVERSIDAD NACIONAL DE COLOMBIA,32,ESTADISTICA,"Bogotá, D.C.","Bogotá, D.C.",11001,Masculino,2023,1,Oficial,320,Presencial,Cercano,matricula,datos_snies_2023.xlsx,118,1101-32-11001,Benchmark nacional,Universidad Nacional de Colombia - Bogotá,UNAL Bogotá,True
1101,UNIVERSIDAD NACIONAL DE COLOMBIA,32,ESTADISTICA,"Bogotá, D.C.","Bogotá, D.C.",11001,Masculino,2023,2,Oficial,309,Presencial,Cercano,matricula,datos_snies_2023.xlsx,119,1101-32-11001,Benchmark nacional,Universidad Nacional de Colombia - Bogotá,UNAL Bogotá,True
1101,UNIVERSIDAD NACIONAL DE COLOMBIA,32,ESTADISTICA,"Bogotá, D.C.","Bogotá, D.C.",11001,Femenino,2023,1,Oficial,141,Presencial,Cercano,matricula,datos_snies_2023.xlsx,120,1101-32-11001,Benchmark nacional,Universidad Nacional de Colombia - Bogotá,UNAL Bogotá,True
1101,UNIVERSIDAD NACIONAL DE COLOMBIA,32,ESTADISTICA,"Bogotá, D.C.","Bogotá, D.C.",11001,Femenino,2023,2,Oficial,122,Presencial,Cercano,matricula,datos_snies_2023.xlsx,121,1101-32-11001,Benchmark nacional,Universidad Nacional de Colombia - Bogotá,UNAL Bogotá,True
1101,UNIVERSIDAD NACIONAL DE COLOMBIA,106341,CIENCIAS DE LA COMPUTACIÓN,"Bogotá, D.C.","Bogotá, D.C.",11001,Masculino,2023,1,Oficial,176,Presencial,Cercano,matricula,datos_snies_2023.xlsx,944,1101-106341-11001,Benchmark nacional,Universidad Nacional de Colombia - Bogotá,UNAL Bogotá,True
1101,UNIVERSIDAD NACIONAL DE COLOMBIA,106341,CIENCIAS DE LA COMPUTACIÓN,"Bogotá, D.C.","Bogotá, D.C.",11001,Masculino,2023,2,Oficial,188,Presencial,Cercano,matricula,datos_snies_2023.xlsx,945,1101-106341-11001,Benchmark nacional,Universidad Nacional de Colombia - Bogotá,UNAL Bogotá,True
1101,UNIVERSIDAD NACIONAL DE COLOMBIA,106341,CIENCIAS DE LA COMPUTACIÓN,"Bogotá, D.C.","Bogotá, D.C.",11001,Femenino,2023,1,Oficial,27,Presencial,Cercano,matricula,datos_snies_2023.xlsx,946,1101-106341-11001,Benchmark nacional,Universidad Nacional de Colombia - Bogotá,UNAL Bogotá,True
1101,UNIVERSIDAD NACIONAL DE COLOMBIA,106341,CIENCIAS DE LA COMPUTACIÓN,"Bogotá, D.C.","Bogotá, D.C.",11001,Femenino,2023,2,Oficial,33,Presencial,Cercano,matricula,datos_snies_2023.xlsx,947,1101-106341-11001,Benchmark nacional,Universidad Nacional de Colombia - Bogotá,UNAL Bogotá,True
1102,UNIVERSIDAD NACIONAL DE COLOMBIA,16920,ESTADISTICA,Antioquia,Medellín,5001,Masculino,2023,1,Oficial,241,Presencial,Cercano,matricula,datos_snies_2023.xlsx,1154,1102-16920-5001,G8 Medellín,Universidad Nacional de Colombia - Medellín,UNAL Medellín,True
1102,UNIVERSIDAD NACIONAL DE COLOMBIA,16920,ESTADISTICA,Antioquia,Medellín,5001,Masculino,2023,2,Oficial,213,Presencial,Cercano,matricula,datos_snies_2023.xlsx,1155,1102-16920-5001,G8 Medellín,Universidad Nacional de Colombia - Medellín,UNAL Medellín,True
1102,UNIVERSIDAD NACIONAL DE COLOMBIA,16920,ESTADISTICA,Antioquia,Medellín,5001,Femenino,2023,1,Oficial,162,Presencial,Cercano,matricula,datos_snies_2023.xlsx,1156,1102-16920-5001,G8 Medellín,Universidad Nacional de Colombia - Medellín,UNAL Medellín,True
1102,UNIVERSIDAD NACIONAL DE COLOMBIA,16920,ESTADISTICA,Antioquia,Medellín,5001,Femenino,2023,2,Oficial,141,Presencial,Cercano,matricula,datos_snies_2023.xlsx,1157,1102-16920-5001,G8 Medellín,Universidad Nacional de Colombia - Medellín,UNAL Medellín,True
1102,UNIVERSIDAD NACIONAL DE COLOMBIA,107447,CIENCIAS DE LA COMPUTACIÓN,Antioquia,Medellín,5001,Masculino,2023,1,Oficial,98,Presencial,Cercano,matricula,datos_snies_2023.xlsx,1438,1102-107447-5001,G8 Medellín,Universidad Nacional de Colombia - Medellín,UNAL Medellín,True
1102,UNIVERSIDAD NACIONAL DE COLOMBIA,107447,CIENCIAS DE LA COMPUTACIÓN,Antioquia,Medellín,5001,Masculino,2023,2,Oficial,126,Presencial,Cercano,matricula,datos_snies_2023.xlsx,1439,1102-107447-5001,G8 Medellín,Universidad Nacional de Colombia - Medellín,UNAL Medellín,True
1102,UNIVERSIDAD NACIONAL DE COLOMBIA,107447,CIENCIAS DE LA COMPUTACIÓN,Antioquia,Medellín,5001,Femenino,2023,1,Oficial,19,Presencial,Cercano,matricula,datos_snies_2023.xlsx,1440,1102-107447-5001,G8 Medellín,Universidad Nacional de Colombia - Medellín,UNAL Medellín,True
1102,UNIVERSIDAD NACIONAL DE COLOMBIA,107447,CIENCIAS DE LA COMPUTACIÓN,Antioquia,Medellín,5001,Femenino,2023,2,Oficial,16,Presencial,Cercano,matricula,datos_snies_2023.xlsx,1441,1102-107447-5001,G8 Medellín,Universidad Nacional de Colombia - Medellín,UNAL Medellín,True
1103,UNIVERSIDAD NACIONAL DE COLOMBIA,110177,CIENCIAS DE LA COMPUTACIÓN,Caldas,Manizales,17001,Masculino,2023,1,Oficial,67,Presencial,Cercano,matricula,datos_snies_2023.xlsx,1646,1103-110177-17001,Resto del país,UNIVERSIDAD NACIONAL DE COLOMBIA,Universidad Nacional De Colombia,True
1103,UNIVERSIDAD NACIONAL DE COLOMBIA,110177,CIENCIAS DE LA COMPUTACIÓN,Caldas,Manizales,17001,Masculino,2023,2,Oficial,92,Presencial,Cercano,matricula,datos_snies_2023.xlsx,1647,1103-110177-17001,Resto del país,UNIVERSIDAD NACIONAL DE COLOMBIA,Universidad Nacional De Colombia,True
1103,UNIVERSIDAD NACIONAL DE COLOMBIA,110177,CIENCIAS DE LA COMPUTACIÓN,Caldas,Manizales,17001,Femenino,2023,1,Oficial,15,Presencial,Cercano,matricula,datos_snies_2023.xlsx,1648,1103-110177-17001,Resto del país,UNIVERSIDAD NACIONAL DE COLOMBIA,Universidad Nacional De Colombia,True
1103,UNIVERSIDAD NACIONAL DE COLOMBIA,110177,CIENCIAS DE LA COMPUTACIÓN,Caldas,Manizales,17001,Femenino,2023,2,Oficial,21,Presencial,Cercano,matricula,datos_snies_2023.xlsx,1649,1103-110177-17001,Resto del país,UNIVERSIDAD NACIONAL DE COLOMBIA,Universidad Nacional De Colombia,True
1113,UNIVERSIDAD DE CORDOBA,103514,ESTADÍSTICA,Córdoba,Montería,23001,Masculino,2023,1,Oficial,192,Presencial,Cercano,matricula,datos_snies_2023.xlsx,4194,1113-103514-23001,Resto del país,UNIVERSIDAD DE CORDOBA,Universidad De Cordoba,True
1113,UNIVERSIDAD DE CORDOBA,103514,ESTADÍSTICA,Córdoba,Montería,23001,Masculino,2023,2,Oficial,199,Presencial,Cercano,matricula,datos_snies_2023.xlsx,4195,1113-103514-23001,Resto del país,UNIVERSIDAD DE CORDOBA,Universidad De Cordoba,True
1113,UNIVERSIDAD DE CORDOBA,103514,ESTADÍSTICA,Córdoba,Montería,23001,Femenino,2023,1,Oficial,126,Presencial,Cercano,matricula,datos_snies_2023.xlsx,4196,1113-103514-23001,Resto del país,UNIVERSIDAD DE CORDOBA,Universidad De Cordoba,True
1113,UNIVERSIDAD DE CORDOBA,103514,ESTADÍSTICA,Córdoba,Montería,23001,Femenino,2023,2,Oficial,127,Presencial,Cercano,matricula,datos_snies_2023.xlsx,4197,1113-103514-23001,Resto del país,UNIVERSIDAD DE CORDOBA,Universidad De Cordoba,True
1201,UNIVERSIDAD DE ANTIOQUIA,101571,ESTADÍSTICA,Antioquia,Medellín,5001,Masculino,2023,1,Oficial,95,Presencial,Cercano,matricula,datos_snies_2023.xlsx,6825,1201-101571-5001,G8 Medellín,Universidad de Antioquia (UdeA),UdeA,True
1201,UNIVERSIDAD DE ANTIOQUIA,101571,ESTADÍSTICA,Antioquia,Medellín,5001,Masculino,2023,2,Oficial,101,Presencial,Cercano,matricula,datos_snies_2023.xlsx,6826,1201-101571-5001,G8 Medellín,Universidad de Antioquia (UdeA),UdeA,True
1201,UNIVERSIDAD DE ANTIOQUIA,101571,ESTADÍSTICA,Antioquia,Medellín,5001,Femenino,2023,1,Oficial,79,Presencial,Cercano,matricula,datos_snies_2023.xlsx,6827,1201-101571-5001,G8 Medellín,Universidad de Antioquia (UdeA),UdeA,True
1201,UNIVERSIDAD DE ANTIOQUIA,101571,ESTADÍSTICA,Antioquia,Medellín,5001,Femenino,2023,2,Oficial,67,Presencial,Cercano,matricula,datos_snies_2023.xlsx,6828,1201-101571-5001,G8 Medellín,Universidad de Antioquia (UdeA),UdeA,True
1203,UNIVERSIDAD DEL VALLE,593,ESTADISTICA,Valle del Cauca,Santiago de Cali,76001,Masculino,2023,1,Oficial,171,Presencial,Cercano,matricula,datos_snies_2023.xlsx,8028,1203-593-76001,Resto del país,UNIVERSIDAD DEL VALLE,Universidad Del Valle,True
1203,UNIVERSIDAD DEL VALLE,593,ESTADISTICA,Valle del Cauca,Santiago de Cali,76001,Masculino,2023,2,Oficial,139,Presencial,Cercano,matricula,datos_snies_2023.xlsx,8029,1203-593-76001,Resto del país,UNIVERSIDAD DEL VALLE,Universidad Del Valle,True
1203,UNIVERSIDAD DEL VALLE,593,ESTADISTICA,Valle del Cauca,Santiago de Cali,76001,Femenino,2023,1,Oficial,104,Presencial,Cercano,matricula,datos_snies_2023.xlsx,8030,1203-593-76001,Resto del país,UNIVERSIDAD DEL VALLE,Universidad Del Valle,True
1203,UNIVERSIDAD DEL VALLE,593,ESTADISTICA,Valle del Cauca,Santiago de Cali,76001,Femenino,2023,2,Oficial,80,Presencial,Cercano,matricula,datos_snies_2023.xlsx,8031,1203-593-76001,Resto del país,UNIVERSIDAD DEL VALLE,Universidad Del Valle,True
1207,UNIVERSIDAD DEL TOLIMA,3345,MATEMATICAS CON ENFASIS EN ESTADISTICA,Tolima,Ibagué,73001,Masculino,2023,1,Oficial,111,Presencial,Cercano,matricula,datos_snies_2023.xlsx,10773,1207-3345-73001,Resto del país,UNIVERSIDAD DEL TOLIMA,Universidad Del Tolima,True
1207,UNIVERSIDAD DEL TOLIMA,3345,MATEMATICAS CON ENFASIS EN ESTADISTICA,Tolima,Ibagué,73001,Masculino,2023,2,Oficial,103,Presencial,Cercano,matricula,datos_snies_2023.xlsx,10774,1207-3345-73001,Resto del país,UNIVERSIDAD DEL TOLIMA,Universidad Del Tolima,True
1207,UNIVERSIDAD DEL TOLIMA,3345,MATEMATICAS CON ENFASIS EN ESTADISTICA,Tolima,Ibagué,73001,Femenino,2023,1,Oficial,61,Presencial,Cercano,matricula,datos_snies_2023.xlsx,10775,1207-3345-73001,Resto del país,UNIVERSIDAD DEL TOLIMA,Universidad Del Tolima,True
1207,UNIVERSIDAD DEL TOLIMA,3345,MATEMATICAS CON ENFASIS EN ESTADISTICA,Tolima,Ibagué,73001,Femenino,2023,2,Oficial,66,Presencial,Cercano,matricula,datos_snies_2023.xlsx,10776,1207-3345-73001,Resto del país,UNIVERSIDAD DEL TOLIMA,Universidad Del Tolima,True
1701,PONTIFICIA UNIVERSIDAD JAVERIANA,108890,CIENCIA DE DATOS,"Bogotá, D.C.","Bogotá, D.C.",11001,Masculino,2023,1,Privado,100,Presencial,Directo,matricula,datos_snies_2023.xlsx,14495,1701-108890-11001,Benchmark nacional,Pontificia Universidad Javeriana,Javeriana,True
1701,PONTIFICIA UNIVERSIDAD JAVERIANA,108890,CIENCIA DE DATOS,"Bogotá, D.C.","Bogotá, D.C.",11001,Masculino,2023,2,Privado,118,Presencial,Directo,matricula,datos_snies_2023.xlsx,14496,1701-108890-11001,Benchmark nacional,Pontificia Universidad Javeriana,Javeriana,True
1701,PONTIFICIA UNIVERSIDAD JAVERIANA,108890,CIENCIA DE DATOS,"Bogotá, D.C.","Bogotá, D.C.",11001,Femenino,2023,1,Privado,44,Presencial,Directo,matricula,datos_snies_2023.xlsx,14497,1701-108890-11001,Benchmark nacional,Pontificia Universidad Javeriana,Javeriana,True
1701,PONTIFICIA UNIVERSIDAD JAVERIANA,108890,CIENCIA DE DATOS,"Bogotá, D.C.","Bogotá, D.C.",11001,Femenino,2023,2,Privado,51,Presencial,Directo,matricula,datos_snies_2023.xlsx,14498,1701-108890-11001,Benchmark nacional,Pontificia Universidad Javeriana,Javeriana,True
1704,UNIVERSIDAD SANTO TOMAS,52000,ESTADÍSTICA,"Bogotá, D.C.","Bogotá, D.C.",11001,Masculino,2023,1,Privado,164,Presencial,Cercano,matricula,datos_snies_2023.xlsx,15501,1704-52000-11001,Resto del país,UNIVERSIDAD SANTO TOMAS,Universidad Santo Tomas,True
1704,UNIVERSIDAD SANTO TOMAS,52000,ESTADÍSTICA,"Bogotá, D.C.","Bogotá, D.C.",11001,Masculino,2023,2,Privado,149,Presencial,Cercano,matricula,datos_snies_2023.xlsx,15502,1704-52000-11001,Resto del país,UNIVERSIDAD SANTO TOMAS,Universidad Santo Tomas,True
1704,UNIVERSIDAD SANTO TOMAS,52000,ESTADÍSTICA,"Bogotá, D.C.","Bogotá, D.C.",11001,Femenino,2023,1,Privado,129,Presencial,Cercano,matricula,datos_snies_2023.xlsx,15503,1704-52000-11001,Resto del país,UNIVERSIDAD SANTO TOMAS,Universidad Santo Tomas,True
1704,UNIVERSIDAD SANTO TOMAS,52000,ESTADÍSTICA,"Bogotá, D.C.","Bogotá, D.C.",11001,Femenino,2023,2,Privado,111,Presencial,Cercano,matricula,datos_snies_2023.xlsx,15504,1704-52000-11001,Resto del país,UNIVERSIDAD SANTO TOMAS,Universidad Santo Tomas,True
1706,UNIVERSIDAD EXTERNADO DE COLOMBIA,110032,CIENCIA DE DATOS,"Bogotá, D.C.","Bogotá, D.C.",11001,Masculino,2023,1,Privado,73,Presencial,Directo,matricula,datos_snies_2023.xlsx,17342,1706-110032-11001,Resto del país,UNIVERSIDAD EXTERNADO DE COLOMBIA,Universidad Externado De Colombia,True
1706,UNIVERSIDAD EXTERNADO DE COLOMBIA,110032,CIENCIA DE DATOS,"Bogotá, D.C.","Bogotá, D.C.",11001,Masculino,2023,2,Privado,109,Presencial,Directo,matricula,datos_snies_2023.xlsx,17343,1706-110032-11001,Resto del país,UNIVERSIDAD EXTERNADO DE COLOMBIA,Universidad Externado De Colombia,True
1706,UNIVERSIDAD EXTERNADO DE COLOMBIA,110032,CIENCIA DE DATOS,"Bogotá, D.C.","Bogotá, D.C.",11001,Femenino,2023,1,Privado,35,Presencial,Directo,matricula,datos_snies_2023.xlsx,17344,1706-110032-11001,Resto del país,UNIVERSIDAD EXTERNADO DE COLOMBIA,Universidad Externado De Colombia,True
1706,UNIVERSIDAD EXTERNADO DE COLOMBIA,110032,CIENCIA DE DATOS,"Bogotá, D.C.","Bogotá, D.C.",11001,Femenino,2023,2,Privado,51,Presencial,Directo,matricula,datos_snies_2023.xlsx,17345,1706-110032-11001,Resto del país,UNIVERSIDAD EXTERNADO DE COLOMBIA,Universidad Externado De Colombia,True
1710,UNIVERSIDAD PONTIFICIA BOLIVARIANA,108578,INGENIERÍA EN CIENCIA DE DATOS,Antioquia,Medellín,5001,Masculino,2023,1,Privado,57,Presencial,Directo,matricula,datos_snies_2023.xlsx,18526,1710-108578-5001,G8 Medellín,Universidad Pontificia Bolivariana (UPB),UPB Medellín,True
1710,UNIVERSIDAD PONTIFICIA BOLIVARIANA,108578,INGENIERÍA EN CIENCIA DE DATOS,Antioquia,Medellín,5001,Masculino,2023,2,Privado,70,Presencial,Directo,matricula,datos_snies_2023.xlsx,18527,1710-108578-5001,G8 Medellín,Universidad Pontificia Bolivariana (UPB),UPB Medellín,True
1710,UNIVERSIDAD PONTIFICIA BOLIVARIANA,108578,INGENIERÍA EN CIENCIA DE DATOS,Antioquia,Medellín,5001,Femenino,2023,1,Privado,16,Presencial,Directo,matricula,datos_snies_2023.xlsx,18528,1710-108578-5001,G8 Medellín,Universidad Pontificia Bolivariana (UPB),UPB Medellín,True
1710,UNIVERSIDAD PONTIFICIA BOLIVARIANA,108578,INGENIERÍA EN CIENCIA DE DATOS,Antioquia,Medellín,5001,Femenino,2023,2,Privado,22,Presencial,Directo,matricula,datos_snies_2023.xlsx,18529,1710-108578-5001,G8 Medellín,Universidad Pontificia Bolivariana (UPB),UPB Medellín,True
1712,UNIVERSIDAD EAFIT-,11498,INGENIERIA MATEMATICA,Antioquia,Medellín,5001,Masculino,2023,1,Privado,133,Presencial,Cercano,matricula,datos_snies_2023.xlsx,19234,1712-11498-5001,G8 Medellín,Universidad EAFIT,EAFIT,True
1712,UNIVERSIDAD EAFIT-,11498,INGENIERIA MATEMATICA,Antioquia,Medellín,5001,Masculino,2023,2,Privado,128,Presencial,Cercano,matricula,datos_snies_2023.xlsx,19235,1712-11498-5001,G8 Medellín,Universidad EAFIT,EAFIT,True
1712,UNIVERSIDAD EAFIT-,11498,INGENIERIA MATEMATICA,Antioquia,Medellín,5001,Femenino,2023,1,Privado,54,Presencial,Cercano,matricula,datos_snies_2023.xlsx,19236,1712-11498-5001,G8 Medellín,Universidad EAFIT,EAFIT,True
1712,UNIVERSIDAD EAFIT-,11498,INGENIERIA MATEMATICA,Antioquia,Medellín,5001,Femenino,2023,2,Privado,53,Presencial,Cercano,matricula,datos_snies_2023.xlsx,19237,1712-11498-5001,G8 Medellín,Universidad EAFIT,EAFIT,True
1713,UNIVERSIDAD DEL NORTE,110172,CIENCIA DE DATOS,Atlántico,Barranquilla,8001,Masculino,2023,1,Privado,55,Presencial,Directo,matricula,datos_snies_2023.xlsx,20162,1713-110172-8001,Benchmark nacional,Universidad del Norte,Uninorte,True
1713,UNIVERSIDAD DEL NORTE,110172,CIENCIA DE DATOS,Atlántico,Barranquilla,8001,Masculino,2023,2,Privado,65,Presencial,Directo,matricula,datos_snies_2023.xlsx,20163,1713-110172-8001,Benchmark nacional,Universidad del Norte,Uninorte,True
1713,UNIVERSIDAD DEL NORTE,110172,CIENCIA DE DATOS,Atlántico,Barranquilla,8001,Femenino,2023,1,Privado,26,Presencial,Directo,matricula,datos_snies_2023.xlsx,20164,1713-110172-8001,Benchmark nacional,Universidad del Norte,Uninorte,True
1713,UNIVERSIDAD DEL NORTE,110172,CIENCIA DE DATOS,Atlántico,Barranquilla,8001,Femenino,2023,2,Privado,33,Presencial,Directo,matricula,datos_snies_2023.xlsx,20165,1713-110172-8001,Benchmark nacional,Universidad del Norte,Uninorte,True
1714,COLEGIO MAYOR DE NUESTRA SEÑORA DEL ROSARIO,105653,MATEMÁTICAS APLICADAS Y CIENCIAS DE LA COMPUTACIÓN,"Bogotá, D.C.","Bogotá, D.C.",11001,Masculino,2023,1,Privado,200,Presencial,Cercano,matricula,datos_snies_2023.xlsx,20601,1714-105653-11001,Benchmark nacional,Universidad del Rosario,Rosario,True
1714,COLEGIO MAYOR DE NUESTRA SEÑORA DEL ROSARIO,105653,MATEMÁTICAS APLICADAS Y CIENCIAS DE LA COMPUTACIÓN,"Bogotá, D.C.","Bogotá, D.C.",11001,Masculino,2023,2,Privado,198,Presencial,Cercano,matricula,datos_snies_2023.xlsx,20602,1714-105653-11001,Benchmark nacional,Universidad del Rosario,Rosario,True
1714,COLEGIO MAYOR DE NUESTRA SEÑORA DEL ROSARIO,105653,MATEMÁTICAS APLICADAS Y CIENCIAS DE LA COMPUTACIÓN,"Bogotá, D.C.","Bogotá, D.C.",11001,Femenino,2023,1,Privado,90,Presencial,Cercano,matricula,datos_snies_2023.xlsx,20603,1714-105653-11001,Benchmark nacional,Universidad del Rosario,Rosario,True
1714,COLEGIO MAYOR DE NUESTRA SEÑORA DEL ROSARIO,105653,MATEMÁTICAS APLICADAS Y CIENCIAS DE LA COMPUTACIÓN,"Bogotá, D.C.","Bogotá, D.C.",11001,Femenino,2023,2,Privado,78,Presencial,Cercano,matricula,datos_snies_2023.xlsx,20604,1714-105653-11001,Benchmark nacional,Universidad del Rosario,Rosario,True
1715,FUNDACION UNIVERSIDAD DE AMERICA,107649,ESTADISTICA Y CIENCIAS ACTUARIALES,"Bogotá, D.C.","Bogotá, D.C.",11001,Masculino,2023,1,Privado,34,Presencial,Cercano,matricula,datos_snies_2023.xlsx,20959,1715-107649-11001,Resto del país,FUNDACION UNIVERSIDAD DE AMERICA,Fundacion Universidad De America,True
1715,FUNDACION UNIVERSIDAD DE AMERICA,107649,ESTADISTICA Y CIENCIAS ACTUARIALES,"Bogotá, D.C.","Bogotá, D.C.",11001,Masculino,2023,2,Privado,24,Presencial,Cercano,matricula,datos_snies_2023.xlsx,20960,1715-107649-11001,Resto del país,FUNDACION UNIVERSIDAD DE AMERICA,Fundacion Universidad De America,True
1715,FUNDACION UNIVERSIDAD DE AMERICA,107649,ESTADISTICA Y CIENCIAS ACTUARIALES,"Bogotá, D.C.","Bogotá, D.C.",11001,Femenino,2023,1,Privado,10,Presencial,Cercano,matricula,datos_snies_2023.xlsx,20961,1715-107649-11001,Resto del país,FUNDACION UNIVERSIDAD DE AMERICA,Fundacion Universidad De America,True
1715,FUNDACION UNIVERSIDAD DE AMERICA,107649,ESTADISTICA Y CIENCIAS ACTUARIALES,"Bogotá, D.C.","Bogotá, D.C.",11001,Femenino,2023,2,Privado,11,Presencial,Cercano,matricula,datos_snies_2023.xlsx,20962,1715-107649-11001,Resto del país,FUNDACION UNIVERSIDAD DE AMERICA,Fundacion Universidad De America,True
1728,UNIVERSIDAD SERGIO ARBOLEDA,7773,CIENCIAS DE LA COMPUTACIÓN E INTELIGENCIA ARTIFICIAL,"Bogotá, D.C.","Bogotá, D.C.",11001,Masculino,2023,1,Privado,289,Presencial,Cercano,matricula,datos_snies_2023.xlsx,22718,1728-7773-11001,Resto del país,UNIVERSIDAD SERGIO ARBOLEDA,Universidad Sergio Arboleda,True
1728,UNIVERSIDAD SERGIO ARBOLEDA,7773,CIENCIAS DE LA COMPUTACIÓN E INTELIGENCIA ARTIFICIAL,"Bogotá, D.C.","Bogotá, D.C.",11001,Masculino,2023,2,Privado,283,Presencial,Cercano,matricula,datos_snies_2023.xlsx,22719,1728-7773-11001,Resto del país,UNIVERSIDAD SERGIO ARBOLEDA,Universidad Sergio Arboleda,True
1728,UNIVERSIDAD SERGIO ARBOLEDA,7773,CIENCIAS DE LA COMPUTACIÓN E INTELIGENCIA ARTIFICIAL,"Bogotá, D.C.","Bogotá, D.C.",11001,Femenino,2023,1,Privado,64,Presencial,Cercano,matricula,datos_snies_2023.xlsx,22720,1728-7773-11001,Resto del país,UNIVERSIDAD SERGIO ARBOLEDA,Universidad Sergio Arboleda,True
1728,UNIVERSIDAD SERGIO ARBOLEDA,7773,CIENCIAS DE LA COMPUTACIÓN E INTELIGENCIA ARTIFICIAL,"Bogotá, D.C.","Bogotá, D.C.",11001,Femenino,2023,2,Privado,58,Presencial,Cercano,matricula,datos_snies_2023.xlsx,22721,1728-7773-11001,Resto del país,UNIVERSIDAD SERGIO ARBOLEDA,Universidad Sergio Arboleda,True
1729,UNIVERSIDAD EL BOSQUE,103722,ESTADÍSTICA,"Bogotá, D.C.","Bogotá, D.C.",11001,Masculino,2023,1,Privado,22,Presencial,Cercano,matricula,datos_snies_2023.xlsx,23535,1729-103722-11001,Resto del país,UNIVERSIDAD EL BOSQUE,Universidad El Bosque,True
1729,UNIVERSIDAD EL BOSQUE,103722,ESTADÍSTICA,"Bogotá, D.C.","Bogotá, D.C.",11001,Masculino,2023,2,Privado,24,Presencial,Cercano,matricula,datos_snies_2023.xlsx,23536,1729-103722-11001,Resto del país,UNIVERSIDAD EL BOSQUE,Universidad El Bosque,True
1729,UNIVERSIDAD EL BOSQUE,103722,ESTADÍSTICA,"Bogotá, D.C.","Bogotá, D.C.",11001,Femenino,2023,1,Privado,25,Presencial,Cercano,matricula,datos_snies_2023.xlsx,23537,1729-103722-11001,Resto del país,UNIVERSIDAD EL BOSQUE,Universidad El Bosque,True
1729,UNIVERSIDAD EL BOSQUE,103722,ESTADÍSTICA,"Bogotá, D.C.","Bogotá, D.C.",11001,Femenino,2023,2,Privado,23,Presencial,Cercano,matricula,datos_snies_2023.xlsx,23538,1729-103722-11001,Resto del país,UNIVERSIDAD EL BOSQUE,Universidad El Bosque,True
1812,UNIVERSIDAD DE MEDELLIN,103268,COMPUTACIÓN CIENTÍFICA,Antioquia,Medellín,5001,Masculino,2023,1,Privado,10,Presencial,Cercano,matricula,datos_snies_2023.xlsx,26570,1812-103268-5001,G8 Medellín,Universidad de Medellín,U. de Medellín,True
1812,UNIVERSIDAD DE MEDELLIN,103268,COMPUTACIÓN CIENTÍFICA,Antioquia,Medellín,5001,Masculino,2023,2,Privado,17,Presencial,Cercano,matricula,datos_snies_2023.xlsx,26571,1812-103268-5001,G8 Medellín,Universidad de Medellín,U. de Medellín,True
1812,UNIVERSIDAD DE MEDELLIN,103268,COMPUTACIÓN CIENTÍFICA,Antioquia,Medellín,5001,Femenino,2023,1,Privado,5,Presencial,Cercano,matricula,datos_snies_2023.xlsx,26572,1812-103268-5001,G8 Medellín,Universidad de Medellín,U. de Medellín,True
1812,UNIVERSIDAD DE MEDELLIN,103268,COMPUTACIÓN CIENTÍFICA,Antioquia,Medellín,5001,Femenino,2023,2,Privado,16,Presencial,Cercano,matricula,datos_snies_2023.xlsx,26573,1812-103268-5001,G8 Medellín,Universidad de Medellín,U. de Medellín,True
1830,UNIVERSIDAD AUTONOMA DE OCCIDENTE,110368,INGENIERÍA DE DATOS E INTELIGENCIA ARTIFICIAL,Valle del Cauca,Santiago de Cali,76001,Masculino,2023,1,Privado,68,Presencial-Virtual,Directo,matricula,datos_snies_2023.xlsx,30721,1830-110368-76001,Resto del país,UNIVERSIDAD AUTONOMA DE OCCIDENTE,Universidad Autonoma De Occidente,False
1830,UNIVERSIDAD AUTONOMA DE OCCIDENTE,110368,INGENIERÍA DE DATOS E INTELIGENCIA ARTIFICIAL,Valle del Cauca,Santiago de Cali,76001,Masculino,2023,2,Privado,93,Presencial-Virtual,Directo,matricula,datos_snies_2023.xlsx,30722,1830-110368-76001,Resto del país,UNIVERSIDAD AUTONOMA DE OCCIDENTE,Universidad Autonoma De Occidente,False
1830,UNIVERSIDAD AUTONOMA DE OCCIDENTE,110368,INGENIERÍA DE DATOS E INTELIGENCIA ARTIFICIAL,Valle del Cauca,Santiago de Cali,76001,Femenino,2023,1,Privado,30,Presencial-Virtual,Directo,matricula,datos_snies_2023.xlsx,30723,1830-110368-76001,Resto del país,UNIVERSIDAD AUTONOMA DE OCCIDENTE,Universidad Autonoma De Occidente,False
1830,UNIVERSIDAD AUTONOMA DE OCCIDENTE,110368,INGENIERÍA DE DATOS E INTELIGENCIA ARTIFICIAL,Valle del Cauca,Santiago de Cali,76001,Femenino,2023,2,Privado,46,Presencial-Virtual,Directo,matricula,datos_snies_2023.xlsx,30724,1830-110368-76001,Resto del país,UNIVERSIDAD AUTONOMA DE OCCIDENTE,Universidad Autonoma De Occidente,False
2713,FUNDACION UNIVERSITARIA LOS LIBERTADORES,108275,ESTADÍSTICA,"Bogotá, D.C.","Bogotá, D.C.",11001,Masculino,2023,1,Privado,42,Presencial,Cercano,matricula,datos_snies_2023.xlsx,48154,2713-108275-11001,Resto del país,FUNDACION UNIVERSITARIA LOS LIBERTADORES,Fundacion Universitaria Los Libertadores,True
2713,FUNDACION UNIVERSITARIA LOS LIBERTADORES,108275,ESTADÍSTICA,"Bogotá, D.C.","Bogotá, D.C.",11001,Masculino,2023,2,Privado,49,Presencial,Cercano,matricula,datos_snies_2023.xlsx,48155,2713-108275-11001,Resto del país,FUNDACION UNIVERSITARIA LOS LIBERTADORES,Fundacion Universitaria Los Libertadores,True
2713,FUNDACION UNIVERSITARIA LOS LIBERTADORES,108275,ESTADÍSTICA,"Bogotá, D.C.","Bogotá, D.C.",11001,Femenino,2023,1,Privado,21,Presencial,Cercano,matricula,datos_snies_2023.xlsx,48156,2713-108275-11001,Resto del país,FUNDACION UNIVERSITARIA LOS LIBERTADORES,Fundacion Universitaria Los Libertadores,True
2713,FUNDACION UNIVERSITARIA LOS LIBERTADORES,108275,ESTADÍSTICA,"Bogotá, D.C.","Bogotá, D.C.",11001,Femenino,2023,2,Privado,25,Presencial,Cercano,matricula,datos_snies_2023.xlsx,48157,2713-108275-11001,Resto del país,FUNDACION UNIVERSITARIA LOS LIBERTADORES,Fundacion Universitaria Los Libertadores,True
2725,POLITECNICO GRANCOLOMBIANO,110098,INGENIERIA EN CIENCIA DE DATOS,"Bogotá, D.C.","Bogotá, D.C.",11001,Masculino,2023,1,Privado,22,Presencial,Directo,matricula,datos_snies_2023.xlsx,49468,2725-110098-11001,Resto del país,POLITECNICO GRANCOLOMBIANO,Politecnico Grancolombiano,True
2725,POLITECNICO GRANCOLOMBIANO,110098,INGENIERIA EN CIENCIA DE DATOS,"Bogotá, D.C.","Bogotá, D.C.",11001,Masculino,2023,2,Privado,42,Presencial,Directo,matricula,datos_snies_2023.xlsx,49469,2725-110098-11001,Resto del país,POLITECNICO GRANCOLOMBIANO,Politecnico Grancolombiano,True
2725,POLITECNICO GRANCOLOMBIANO,110098,INGENIERIA EN CIENCIA DE DATOS,"Bogotá, D.C.","Bogotá, D.C.",11001,Femenino,2023,1,Privado,7,Presencial,Directo,matricula,datos_snies_2023.xlsx,49470,2725-110098-11001,Resto del país,POLITECNICO GRANCOLOMBIANO,Politecnico Grancolombiano,True
2725,POLITECNICO GRANCOLOMBIANO,110098,INGENIERIA EN CIENCIA DE DATOS,"Bogotá, D.C.","Bogotá, D.C.",11001,Femenino,2023,2,Privado,17,Presencial,Directo,matricula,datos_snies_2023.xlsx,49471,2725-110098-11001,Resto del país,POLITECNICO GRANCOLOMBIANO,Politecnico Grancolombiano,True
2745,FUNDACIÓN UNIVERSITARIA COMPENSAR,110692,CIENCIA DE DATOS,"Bogotá, D.C.","Bogotá, D.C.",11001,Masculino,2023,1,Privado,16,Presencial,Directo,matricula,datos_snies_2023.xlsx,50964,2745-110692-11001,Resto del país,FUNDACIÓN UNIVERSITARIA COMPENSAR,Fundación Universitaria Compensar,True
2745,FUNDACIÓN UNIVERSITARIA COMPENSAR,110692,CIENCIA DE DATOS,"Bogotá, D.C.","Bogotá, D.C.",11001,Masculino,2023,2,Privado,26,Presencial,Directo,matricula,datos_snies_2023.xlsx,50965,2745-110692-11001,Resto del país,FUNDACIÓN UNIVERSITARIA COMPENSAR,Fundación Universitaria Compensar,True
2745,FUNDACIÓN UNIVERSITARIA COMPENSAR,110692,CIENCIA DE DATOS,"Bogotá, D.C.","Bogotá, D.C.",11001,Femenino,2023,1,Privado,9,Presencial,Directo,matricula,datos_snies_2023.xlsx,50966,2745-110692-11001,Resto del país,FUNDACIÓN UNIVERSITARIA COMPENSAR,Fundación Universitaria Compensar,True
2745,FUNDACIÓN UNIVERSITARIA COMPENSAR,110692,CIENCIA DE DATOS,"Bogotá, D.C.","Bogotá, D.C.",11001,Femenino,2023,2,Privado,13,Presencial,Directo,matricula,datos_snies_2023.xlsx,50967,2745-110692-11001,Resto del país,FUNDACIÓN UNIVERSITARIA COMPENSAR,Fundación Universitaria Compensar,True
2745,FUNDACIÓN UNIVERSITARIA COMPENSAR,111015,CIENCIA DE DATOS,"Bogotá, D.C.","Bogotá, D.C.",11001,Masculino,2023,1,Privado,53,Virtual,Directo,matricula,datos_snies_2023.xlsx,50976,2745-111015-11001,Resto del país,FUNDACIÓN UNIVERSITARIA COMPENSAR,Fundación Universitaria Compensar,True
2745,FUNDACIÓN UNIVERSITARIA COMPENSAR,111015,CIENCIA DE DATOS,"Bogotá, D.C.","Bogotá, D.C.",11001,Masculino,2023,2,Privado,61,Virtual,Directo,matricula,datos_snies_2023.xlsx,50977,2745-111015-11001,Resto del país,FUNDACIÓN UNIVERSITARIA COMPENSAR,Fundación Universitaria Compensar,True
2745,FUNDACIÓN UNIVERSITARIA COMPENSAR,111015,CIENCIA DE DATOS,"Bogotá, D.C.","Bogotá, D.C.",11001,Femenino,2023,1,Privado,21,Virtual,Directo,matricula,datos_snies_2023.xlsx,50978,2745-111015-11001,Resto del país,FUNDACIÓN UNIVERSITARIA COMPENSAR,Fundación Universitaria Compensar,True
2745,FUNDACIÓN UNIVERSITARIA COMPENSAR,111015,CIENCIA DE DATOS,"Bogotá, D.C.","Bogotá, D.C.",11001,Femenino,2023,2,Privado,22,Virtual,Directo,matricula,datos_snies_2023.xlsx,50979,2745-111015-11001,Resto del país,FUNDACIÓN UNIVERSITARIA COMPENSAR,Fundación Universitaria Compensar,True
2811,UNIVERSIDAD ESCUELA COLOMBIANA DE INGENIERIA JULIO GARAVITO,109408,INGENIERÍA ESTADÍSTICA,"Bogotá, D.C.","Bogotá, D.C.",11001,Masculino,2023,1,Privado,26,Presencial,Cercano,matricula,datos_snies_2023.xlsx,52166,2811-109408-11001,Resto del país,UNIVERSIDAD ESCUELA COLOMBIANA DE INGENIERIA JULIO GARAVITO,Universidad Escuela Colombiana De Ingenieria Julio Garavito,True
2811,UNIVERSIDAD ESCUELA COLOMBIANA DE INGENIERIA JULIO GARAVITO,109408,INGENIERÍA ESTADÍSTICA,"Bogotá, D.C.","Bogotá, D.C.",11001,Masculino,2023,2,Privado,31,Presencial,Cercano,matricula,datos_snies_2023.xlsx,52167,2811-109408-11001,Resto del país,UNIVERSIDAD ESCUELA COLOMBIANA DE INGENIERIA JULIO GARAVITO,Universidad Escuela Colombiana De Ingenieria Julio Garavito,True
2811,UNIVERSIDAD ESCUELA COLOMBIANA DE INGENIERIA JULIO GARAVITO,109408,INGENIERÍA ESTADÍSTICA,"Bogotá, D.C.","Bogotá, D.C.",11001,Femenino,2023,1,Privado,11,Presencial,Cercano,matricula,datos_snies_2023.xlsx,52168,2811-109408-11001,Resto del país,UNIVERSIDAD ESCUELA COLOMBIANA DE INGENIERIA JULIO GARAVITO,Universidad Escuela Colombiana De Ingenieria Julio Garavito,True
2811,UNIVERSIDAD ESCUELA COLOMBIANA DE INGENIERIA JULIO GARAVITO,109408,INGENIERÍA ESTADÍSTICA,"Bogotá, D.C.","Bogotá, D.C.",11001,Femenino,2023,2,Privado,12,Presencial,Cercano,matricula,datos_snies_2023.xlsx,52169,2811-109408-11001,Resto del país,UNIVERSIDAD ESCUELA COLOMBIANA DE INGENIERIA JULIO GARAVITO,Universidad Escuela Colombiana De Ingenieria Julio Garavito,True
2830,CORPORACION UNIVERSITARIA IBEROAMERICANA,110672,INGENIERIA EN CIENCIA DE DATOS,"Bogotá, D.C.","Bogotá, D.C.",11001,Masculino,2023,1,Privado,70,Virtual,Directo,matricula,datos_snies_2023.xlsx,54736,2830-110672-11001,Resto del país,CORPORACION UNIVERSITARIA IBEROAMERICANA,Corporacion Universitaria Iberoamericana,True
2830,CORPORACION UNIVERSITARIA IBEROAMERICANA,110672,INGENIERIA EN CIENCIA DE DATOS,"Bogotá, D.C.","Bogotá, D.C.",11001,Masculino,2023,2,Privado,113,Virtual,Directo,matricula,datos_snies_2023.xlsx,54737,2830-110672-11001,Resto del país,CORPORACION UNIVERSITARIA IBEROAMERICANA,Corporacion Universitaria Iberoamericana,True
2830,CORPORACION UNIVERSITARIA IBEROAMERICANA,110672,INGENIERIA EN CIENCIA DE DATOS,"Bogotá, D.C.","Bogotá, D.C.",11001,Femenino,2023,1,Privado,17,Virtual,Directo,matricula,datos_snies_2023.xlsx,54738,2830-110672-11001,Resto del país,CORPORACION UNIVERSITARIA IBEROAMERICANA,Corporacion Universitaria Iberoamericana,True
2830,CORPORACION UNIVERSITARIA IBEROAMERICANA,110672,INGENIERIA EN CIENCIA DE DATOS,"Bogotá, D.C.","Bogotá, D.C.",11001,Femenino,2023,2,Privado,41,Virtual,Directo,matricula,datos_snies_2023.xlsx,54739,2830-110672-11001,Resto del país,CORPORACION UNIVERSITARIA IBEROAMERICANA,Corporacion Universitaria Iberoamericana,True
5802,UNIVERSIDAD ECCI,103713,ESTADÍSTICA,"Bogotá, D.C.","Bogotá, D.C.",11001,Masculino,2023,1,Privado,41,Presencial,Cercano,matricula,datos_snies_2023.xlsx,63334,5802-103713-11001,Resto del país,UNIVERSIDAD ECCI,Universidad Ecci,True
5802,UNIVERSIDAD ECCI,103713,ESTADÍSTICA,"Bogotá, D.C.","Bogotá, D.C.",11001,Masculino,2023,2,Privado,47,Presencial,Cercano,matricula,datos_snies_2023.xlsx,63335,5802-103713-11001,Resto del país,UNIVERSIDAD ECCI,Universidad Ecci,True
5802,UNIVERSIDAD ECCI,103713,ESTADÍSTICA,"Bogotá, D.C.","Bogotá, D.C.",11001,Femenino,2023,1,Privado,19,Presencial,Cercano,matricula,datos_snies_2023.xlsx,63336,5802-103713-11001,Resto del país,UNIVERSIDAD ECCI,Universidad Ecci,True
5802,UNIVERSIDAD ECCI,103713,ESTADÍSTICA,"Bogotá, D.C.","Bogotá, D.C.",11001,Femenino,2023,2,Privado,20,Presencial,Cercano,matricula,datos_snies_2023.xlsx,63337,5802-103713-11001,Resto del país,UNIVERSIDAD ECCI,Universidad Ecci,True
9933,UNIVERSIDAD NACIONAL DE COLOMBIA,108082,ESTADÍSTICA,Cesar,La Paz,20621,Masculino,2023,1,Oficial,117,Presencial,Cercano,matricula,datos_snies_2023.xlsx,72331,9933-108082-20621,Resto del país,UNIVERSIDAD NACIONAL DE COLOMBIA,Universidad Nacional De Colombia,True
9933,UNIVERSIDAD NACIONAL DE COLOMBIA,108082,ESTADÍSTICA,Cesar,La Paz,20621,Masculino,2023,2,Oficial,132,Presencial,Cercano,matricula,datos_snies_2023.xlsx,72332,9933-108082-20621,Resto del país,UNIVERSIDAD NACIONAL DE COLOMBIA,Universidad Nacional De Colombia,True
9933,UNIVERSIDAD NACIONAL DE COLOMBIA,108082,ESTADÍSTICA,Cesar,La Paz,20621,Femenino,2023,1,Oficial,51,Presencial,Cercano,matricula,datos_snies_2023.xlsx,72333,9933-108082-20621,Resto del país,UNIVERSIDAD NACIONAL DE COLOMBIA,Universidad Nacional De Colombia,True
9933,UNIVERSIDAD NACIONAL DE COLOMBIA,108082,ESTADÍSTICA,Cesar,La Paz,20621,Femenino,2023,2,Oficial,54,Presencial,Cercano,matricula,datos_snies_2023.xlsx,72334,9933-108082-20621,Resto del país,UNIVERSIDAD NACIONAL DE COLOMBIA,Universidad Nacional De Colombia,True
1101,UNIVERSIDAD NACIONAL DE COLOMBIA,106341,CIENCIAS DE LA COMPUTACIÓN,"Bogotá, D.C.","Bogotá, D.C.",11001,Masculino,2024,1,Oficial,190,Presencial,Cercano,matricula,datos_snies_2024.xlsx,105,1101-106341-11001,Benchmark nacional,Universidad Nacional de Colombia - Bogotá,UNAL Bogotá,True
1101,UNIVERSIDAD NACIONAL DE COLOMBIA,106341,CIENCIAS DE LA COMPUTACIÓN,"Bogotá, D.C.","Bogotá, D.C.",11001,Masculino,2024,2,Oficial,205,Presencial,Cercano,matricula,datos_snies_2024.xlsx,106,1101-106341-11001,Benchmark nacional,Universidad Nacional de Colombia - Bogotá,UNAL Bogotá,True
1101,UNIVERSIDAD NACIONAL DE COLOMBIA,106341,CIENCIAS DE LA COMPUTACIÓN,"Bogotá, D.C.","Bogotá, D.C.",11001,Femenino,2024,1,Oficial,31,Presencial,Cercano,matricula,datos_snies_2024.xlsx,107,1101-106341-11001,Benchmark nacional,Universidad Nacional de Colombia - Bogotá,UNAL Bogotá,True
1101,UNIVERSIDAD NACIONAL DE COLOMBIA,106341,CIENCIAS DE LA COMPUTACIÓN,"Bogotá, D.C.","Bogotá, D.C.",11001,Femenino,2024,2,Oficial,33,Presencial,Cercano,matricula,datos_snies_2024.xlsx,108,1101-106341-11001,Benchmark nacional,Universidad Nacional de Colombia - Bogotá,UNAL Bogotá,True
1101,UNIVERSIDAD NACIONAL DE COLOMBIA,32,ESTADISTICA,"Bogotá, D.C.","Bogotá, D.C.",11001,Masculino,2024,1,Oficial,302,Presencial,Cercano,matricula,datos_snies_2024.xlsx,540,1101-32-11001,Benchmark nacional,Universidad Nacional de Colombia - Bogotá,UNAL Bogotá,True
1101,UNIVERSIDAD NACIONAL DE COLOMBIA,32,ESTADISTICA,"Bogotá, D.C.","Bogotá, D.C.",11001,Masculino,2024,2,Oficial,303,Presencial,Cercano,matricula,datos_snies_2024.xlsx,541,1101-32-11001,Benchmark nacional,Universidad Nacional de Colombia - Bogotá,UNAL Bogotá,True
1101,UNIVERSIDAD NACIONAL DE COLOMBIA,32,ESTADISTICA,"Bogotá, D.C.","Bogotá, D.C.",11001,Femenino,2024,1,Oficial,123,Presencial,Cercano,matricula,datos_snies_2024.xlsx,542,1101-32-11001,Benchmark nacional,Universidad Nacional de Colombia - Bogotá,UNAL Bogotá,True
1101,UNIVERSIDAD NACIONAL DE COLOMBIA,32,ESTADISTICA,"Bogotá, D.C.","Bogotá, D.C.",11001,Femenino,2024,2,Oficial,126,Presencial,Cercano,matricula,datos_snies_2024.xlsx,543,1101-32-11001,Benchmark nacional,Universidad Nacional de Colombia - Bogotá,UNAL Bogotá,True
1102,UNIVERSIDAD NACIONAL DE COLOMBIA,107447,CIENCIAS DE LA COMPUTACIÓN,Antioquia,Medellín,5001,Masculino,2024,1,Oficial,131,Presencial,Cercano,matricula,datos_snies_2024.xlsx,1122,1102-107447-5001,G8 Medellín,Universidad Nacional de Colombia - Medellín,UNAL Medellín,True
1102,UNIVERSIDAD NACIONAL DE COLOMBIA,107447,CIENCIAS DE LA COMPUTACIÓN,Antioquia,Medellín,5001,Masculino,2024,2,Oficial,157,Presencial,Cercano,matricula,datos_snies_2024.xlsx,1123,1102-107447-5001,G8 Medellín,Universidad Nacional de Colombia - Medellín,UNAL Medellín,True
1102,UNIVERSIDAD NACIONAL DE COLOMBIA,107447,CIENCIAS DE LA COMPUTACIÓN,Antioquia,Medellín,5001,Femenino,2024,1,Oficial,14,Presencial,Cercano,matricula,datos_snies_2024.xlsx,1124,1102-107447-5001,G8 Medellín,Universidad Nacional de Colombia - Medellín,UNAL Medellín,True
1102,UNIVERSIDAD NACIONAL DE COLOMBIA,107447,CIENCIAS DE LA COMPUTACIÓN,Antioquia,Medellín,5001,Femenino,2024,2,Oficial,18,Presencial,Cercano,matricula,datos_snies_2024.xlsx,1125,1102-107447-5001,G8 Medellín,Universidad Nacional de Colombia - Medellín,UNAL Medellín,True
1102,UNIVERSIDAD NACIONAL DE COLOMBIA,16920,ESTADISTICA,Antioquia,Medellín,5001,Masculino,2024,1,Oficial,210,Presencial,Cercano,matricula,datos_snies_2024.xlsx,1238,1102-16920-5001,G8 Medellín,Universidad Nacional de Colombia - Medellín,UNAL Medellín,True
1102,UNIVERSIDAD NACIONAL DE COLOMBIA,16920,ESTADISTICA,Antioquia,Medellín,5001,Masculino,2024,2,Oficial,187,Presencial,Cercano,matricula,datos_snies_2024.xlsx,1239,1102-16920-5001,G8 Medellín,Universidad Nacional de Colombia - Medellín,UNAL Medellín,True
1102,UNIVERSIDAD NACIONAL DE COLOMBIA,16920,ESTADISTICA,Antioquia,Medellín,5001,Femenino,2024,1,Oficial,149,Presencial,Cercano,matricula,datos_snies_2024.xlsx,1240,1102-16920-5001,G8 Medellín,Universidad Nacional de Colombia - Medellín,UNAL Medellín,True
1102,UNIVERSIDAD NACIONAL DE COLOMBIA,16920,ESTADISTICA,Antioquia,Medellín,5001,Femenino,2024,2,Oficial,113,Presencial,Cercano,matricula,datos_snies_2024.xlsx,1241,1102-16920-5001,G8 Medellín,Universidad Nacional de Colombia - Medellín,UNAL Medellín,True
1103,UNIVERSIDAD NACIONAL DE COLOMBIA,110177,CIENCIAS DE LA COMPUTACIÓN,Caldas,Manizales,17001,Masculino,2024,1,Oficial,100,Presencial,Cercano,matricula,datos_snies_2024.xlsx,1507,1103-110177-17001,Resto del país,UNIVERSIDAD NACIONAL DE COLOMBIA,Universidad Nacional De Colombia,True
1103,UNIVERSIDAD NACIONAL DE COLOMBIA,110177,CIENCIAS DE LA COMPUTACIÓN,Caldas,Manizales,17001,Masculino,2024,2,Oficial,150,Presencial,Cercano,matricula,datos_snies_2024.xlsx,1508,1103-110177-17001,Resto del país,UNIVERSIDAD NACIONAL DE COLOMBIA,Universidad Nacional De Colombia,True
1103,UNIVERSIDAD NACIONAL DE COLOMBIA,110177,CIENCIAS DE LA COMPUTACIÓN,Caldas,Manizales,17001,Femenino,2024,1,Oficial,18,Presencial,Cercano,matricula,datos_snies_2024.xlsx,1509,1103-110177-17001,Resto del país,UNIVERSIDAD NACIONAL DE COLOMBIA,Universidad Nacional De Colombia,True
1103,UNIVERSIDAD NACIONAL DE COLOMBIA,110177,CIENCIAS DE LA COMPUTACIÓN,Caldas,Manizales,17001,Femenino,2024,2,Oficial,38,Presencial,Cercano,matricula,datos_snies_2024.xlsx,1510,1103-110177-17001,Resto del país,UNIVERSIDAD NACIONAL DE COLOMBIA,Universidad Nacional De Colombia,True
1103,UNIVERSIDAD NACIONAL DE COLOMBIA,116559,Estadística,Caldas,Manizales,17001,Masculino,2024,2,Oficial,8,Presencial,Cercano,matricula,datos_snies_2024.xlsx,1521,1103-116559-17001,Resto del país,UNIVERSIDAD NACIONAL DE COLOMBIA,Universidad Nacional De Colombia,True
1103,UNIVERSIDAD NACIONAL DE COLOMBIA,116559,Estadística,Caldas,Manizales,17001,Femenino,2024,2,Oficial,10,Presencial,Cercano,matricula,datos_snies_2024.xlsx,1522,1103-116559-17001,Resto del país,UNIVERSIDAD NACIONAL DE COLOMBIA,Universidad Nacional De Colombia,True
1113,UNIVERSIDAD DE CORDOBA,103514,ESTADÍSTICA,Córdoba,Montería,23001,Masculino,2024,1,Oficial,202,Presencial,Cercano,matricula,datos_snies_2024.xlsx,4170,1113-103514-23001,Resto del país,UNIVERSIDAD DE CORDOBA,Universidad De Cordoba,True
1113,UNIVERSIDAD DE CORDOBA,103514,ESTADÍSTICA,Córdoba,Montería,23001,Masculino,2024,2,Oficial,226,Presencial,Cercano,matricula,datos_snies_2024.xlsx,4171,1113-103514-23001,Resto del país,UNIVERSIDAD DE CORDOBA,Universidad De Cordoba,True
1113,UNIVERSIDAD DE CORDOBA,103514,ESTADÍSTICA,Córdoba,Montería,23001,Femenino,2024,1,Oficial,134,Presencial,Cercano,matricula,datos_snies_2024.xlsx,4172,1113-103514-23001,Resto del país,UNIVERSIDAD DE CORDOBA,Universidad De Cordoba,True
1113,UNIVERSIDAD DE CORDOBA,103514,ESTADÍSTICA,Córdoba,Montería,23001,Femenino,2024,2,Oficial,125,Presencial,Cercano,matricula,datos_snies_2024.xlsx,4173,1113-103514-23001,Resto del país,UNIVERSIDAD DE CORDOBA,Universidad De Cordoba,True
1201,UNIVERSIDAD DE ANTIOQUIA,101571,ESTADÍSTICA,Antioquia,Medellín,5001,Masculino,2024,1,Oficial,103,Presencial,Cercano,matricula,datos_snies_2024.xlsx,6302,1201-101571-5001,G8 Medellín,Universidad de Antioquia (UdeA),UdeA,True
1201,UNIVERSIDAD DE ANTIOQUIA,101571,ESTADÍSTICA,Antioquia,Medellín,5001,Masculino,2024,2,Oficial,108,Presencial,Cercano,matricula,datos_snies_2024.xlsx,6303,1201-101571-5001,G8 Medellín,Universidad de Antioquia (UdeA),UdeA,True
1201,UNIVERSIDAD DE ANTIOQUIA,101571,ESTADÍSTICA,Antioquia,Medellín,5001,Femenino,2024,1,Oficial,64,Presencial,Cercano,matricula,datos_snies_2024.xlsx,6304,1201-101571-5001,G8 Medellín,Universidad de Antioquia (UdeA),UdeA,True
1201,UNIVERSIDAD DE ANTIOQUIA,101571,ESTADÍSTICA,Antioquia,Medellín,5001,Femenino,2024,2,Oficial,69,Presencial,Cercano,matricula,datos_snies_2024.xlsx,6305,1201-101571-5001,G8 Medellín,Universidad de Antioquia (UdeA),UdeA,True
1203,UNIVERSIDAD DEL VALLE,593,ESTADISTICA,Valle del Cauca,Santiago de Cali,76001,Masculino,2024,1,Oficial,160,Presencial,Cercano,matricula,datos_snies_2024.xlsx,9385,1203-593-76001,Resto del país,UNIVERSIDAD DEL VALLE,Universidad Del Valle,True
1203,UNIVERSIDAD DEL VALLE,593,ESTADISTICA,Valle del Cauca,Santiago de Cali,76001,Masculino,2024,2,Oficial,129,Presencial,Cercano,matricula,datos_snies_2024.xlsx,9386,1203-593-76001,Resto del país,UNIVERSIDAD DEL VALLE,Universidad Del Valle,True
1203,UNIVERSIDAD DEL VALLE,593,ESTADISTICA,Valle del Cauca,Santiago de Cali,76001,Femenino,2024,1,Oficial,95,Presencial,Cercano,matricula,datos_snies_2024.xlsx,9387,1203-593-76001,Resto del país,UNIVERSIDAD DEL VALLE,Universidad Del Valle,True
1203,UNIVERSIDAD DEL VALLE,593,ESTADISTICA,Valle del Cauca,Santiago de Cali,76001,Femenino,2024,2,Oficial,74,Presencial,Cercano,matricula,datos_snies_2024.xlsx,9388,1203-593-76001,Resto del país,UNIVERSIDAD DEL VALLE,Universidad Del Valle,True
1204,UNIVERSIDAD INDUSTRIAL DE SANTANDER,117201,Ingeniería en Ciencia de Datos,Santander,Bucaramanga,68001,Masculino,2024,2,Oficial,47,Presencial,Directo,matricula,datos_snies_2024.xlsx,9779,1204-117201-68001,Resto del país,UNIVERSIDAD INDUSTRIAL DE SANTANDER,Universidad Industrial De Santander,True
1204,UNIVERSIDAD INDUSTRIAL DE SANTANDER,117201,Ingeniería en Ciencia de Datos,Santander,Bucaramanga,68001,Femenino,2024,2,Oficial,17,Presencial,Directo,matricula,datos_snies_2024.xlsx,9780,1204-117201-68001,Resto del país,UNIVERSIDAD INDUSTRIAL DE SANTANDER,Universidad Industrial De Santander,True
1207,UNIVERSIDAD DEL TOLIMA,3345,MATEMATICAS CON ENFASIS EN ESTADISTICA,Tolima,Ibagué,73001,Masculino,2024,1,Oficial,102,Presencial,Cercano,matricula,datos_snies_2024.xlsx,11489,1207-3345-73001,Resto del país,UNIVERSIDAD DEL TOLIMA,Universidad Del Tolima,True
1207,UNIVERSIDAD DEL TOLIMA,3345,MATEMATICAS CON ENFASIS EN ESTADISTICA,Tolima,Ibagué,73001,Masculino,2024,2,Oficial,91,Presencial,Cercano,matricula,datos_snies_2024.xlsx,11490,1207-3345-73001,Resto del país,UNIVERSIDAD DEL TOLIMA,Universidad Del Tolima,True
1207,UNIVERSIDAD DEL TOLIMA,3345,MATEMATICAS CON ENFASIS EN ESTADISTICA,Tolima,Ibagué,73001,Femenino,2024,1,Oficial,56,Presencial,Cercano,matricula,datos_snies_2024.xlsx,11491,1207-3345-73001,Resto del país,UNIVERSIDAD DEL TOLIMA,Universidad Del Tolima,True
1207,UNIVERSIDAD DEL TOLIMA,3345,MATEMATICAS CON ENFASIS EN ESTADISTICA,Tolima,Ibagué,73001,Femenino,2024,2,Oficial,46,Presencial,Cercano,matricula,datos_snies_2024.xlsx,11492,1207-3345-73001,Resto del país,UNIVERSIDAD DEL TOLIMA,Universidad Del Tolima,True
1701,PONTIFICIA UNIVERSIDAD JAVERIANA,108890,CIENCIA DE DATOS,"Bogotá, D.C.","Bogotá, D.C.",11001,Masculino,2024,1,Privado,132,Presencial,Directo,matricula,datos_snies_2024.xlsx,14602,1701-108890-11001,Benchmark nacional,Pontificia Universidad Javeriana,Javeriana,True
1701,PONTIFICIA UNIVERSIDAD JAVERIANA,108890,CIENCIA DE DATOS,"Bogotá, D.C.","Bogotá, D.C.",11001,Masculino,2024,2,Privado,165,Presencial,Directo,matricula,datos_snies_2024.xlsx,14603,1701-108890-11001,Benchmark nacional,Pontificia Universidad Javeriana,Javeriana,True
1701,PONTIFICIA UNIVERSIDAD JAVERIANA,108890,CIENCIA DE DATOS,"Bogotá, D.C.","Bogotá, D.C.",11001,Femenino,2024,1,Privado,56,Presencial,Directo,matricula,datos_snies_2024.xlsx,14604,1701-108890-11001,Benchmark nacional,Pontificia Universidad Javeriana,Javeriana,True
1701,PONTIFICIA UNIVERSIDAD JAVERIANA,108890,CIENCIA DE DATOS,"Bogotá, D.C.","Bogotá, D.C.",11001,Femenino,2024,2,Privado,69,Presencial,Directo,matricula,datos_snies_2024.xlsx,14605,1701-108890-11001,Benchmark nacional,Pontificia Universidad Javeriana,Javeriana,True
1704,UNIVERSIDAD SANTO TOMAS,52000,ESTADÍSTICA,"Bogotá, D.C.","Bogotá, D.C.",11001,Masculino,2024,1,Privado,164,Presencial,Cercano,matricula,datos_snies_2024.xlsx,16630,1704-52000-11001,Resto del país,UNIVERSIDAD SANTO TOMAS,Universidad Santo Tomas,True
1704,UNIVERSIDAD SANTO TOMAS,52000,ESTADÍSTICA,"Bogotá, D.C.","Bogotá, D.C.",11001,Masculino,2024,2,Privado,150,Presencial,Cercano,matricula,datos_snies_2024.xlsx,16631,1704-52000-11001,Resto del país,UNIVERSIDAD SANTO TOMAS,Universidad Santo Tomas,True
1704,UNIVERSIDAD SANTO TOMAS,52000,ESTADÍSTICA,"Bogotá, D.C.","Bogotá, D.C.",11001,Femenino,2024,1,Privado,113,Presencial,Cercano,matricula,datos_snies_2024.xlsx,16632,1704-52000-11001,Resto del país,UNIVERSIDAD SANTO TOMAS,Universidad Santo Tomas,True
1704,UNIVERSIDAD SANTO TOMAS,52000,ESTADÍSTICA,"Bogotá, D.C.","Bogotá, D.C.",11001,Femenino,2024,2,Privado,100,Presencial,Cercano,matricula,datos_snies_2024.xlsx,16633,1704-52000-11001,Resto del país,UNIVERSIDAD SANTO TOMAS,Universidad Santo Tomas,True
1706,UNIVERSIDAD EXTERNADO DE COLOMBIA,110032,CIENCIA DE DATOS,"Bogotá, D.C.","Bogotá, D.C.",11001,Masculino,2024,1,Privado,138,Presencial,Directo,matricula,datos_snies_2024.xlsx,17550,1706-110032-11001,Resto del país,UNIVERSIDAD EXTERNADO DE COLOMBIA,Universidad Externado De Colombia,True
1706,UNIVERSIDAD EXTERNADO DE COLOMBIA,110032,CIENCIA DE DATOS,"Bogotá, D.C.","Bogotá, D.C.",11001,Masculino,2024,2,Privado,151,Presencial,Directo,matricula,datos_snies_2024.xlsx,17551,1706-110032-11001,Resto del país,UNIVERSIDAD EXTERNADO DE COLOMBIA,Universidad Externado De Colombia,True
1706,UNIVERSIDAD EXTERNADO DE COLOMBIA,110032,CIENCIA DE DATOS,"Bogotá, D.C.","Bogotá, D.C.",11001,Femenino,2024,1,Privado,67,Presencial,Directo,matricula,datos_snies_2024.xlsx,17552,1706-110032-11001,Resto del país,UNIVERSIDAD EXTERNADO DE COLOMBIA,Universidad Externado De Colombia,True
1706,UNIVERSIDAD EXTERNADO DE COLOMBIA,110032,CIENCIA DE DATOS,"Bogotá, D.C.","Bogotá, D.C.",11001,Femenino,2024,2,Privado,68,Presencial,Directo,matricula,datos_snies_2024.xlsx,17553,1706-110032-11001,Resto del país,UNIVERSIDAD EXTERNADO DE COLOMBIA,Universidad Externado De Colombia,True
1709,UNIVERSIDAD CENTRAL,116928,CIENCIA DE DATOS,"Bogotá, D.C.","Bogotá, D.C.",11001,Masculino,2024,2,Privado,7,Presencial,Directo,matricula,datos_snies_2024.xlsx,18489,1709-116928-11001,Resto del país,UNIVERSIDAD CENTRAL,Universidad Central,True
1709,UNIVERSIDAD CENTRAL,116928,CIENCIA DE DATOS,"Bogotá, D.C.","Bogotá, D.C.",11001,Femenino,2024,2,Privado,3,Presencial,Directo,matricula,datos_snies_2024.xlsx,18490,1709-116928-11001,Resto del país,UNIVERSIDAD CENTRAL,Universidad Central,True
1710,UNIVERSIDAD PONTIFICIA BOLIVARIANA,108578,INGENIERÍA EN CIENCIA DE DATOS,Antioquia,Medellín,5001,Masculino,2024,1,Privado,88,Presencial,Directo,matricula,datos_snies_2024.xlsx,18812,1710-108578-5001,G8 Medellín,Universidad Pontificia Bolivariana (UPB),UPB Medellín,True
1710,UNIVERSIDAD PONTIFICIA BOLIVARIANA,108578,INGENIERÍA EN CIENCIA DE DATOS,Antioquia,Medellín,5001,Masculino,2024,2,Privado,97,Presencial,Directo,matricula,datos_snies_2024.xlsx,18813,1710-108578-5001,G8 Medellín,Universidad Pontificia Bolivariana (UPB),UPB Medellín,True
1710,UNIVERSIDAD PONTIFICIA BOLIVARIANA,108578,INGENIERÍA EN CIENCIA DE DATOS,Antioquia,Medellín,5001,Femenino,2024,1,Privado,29,Presencial,Directo,matricula,datos_snies_2024.xlsx,18814,1710-108578-5001,G8 Medellín,Universidad Pontificia Bolivariana (UPB),UPB Medellín,True
1710,UNIVERSIDAD PONTIFICIA BOLIVARIANA,108578,INGENIERÍA EN CIENCIA DE DATOS,Antioquia,Medellín,5001,Femenino,2024,2,Privado,33,Presencial,Directo,matricula,datos_snies_2024.xlsx,18815,1710-108578-5001,G8 Medellín,Universidad Pontificia Bolivariana (UPB),UPB Medellín,True
1711,UNIVERSIDAD DE LA SABANA,116091,Ciencia de Datos,Cundinamarca,Chía,25175,Masculino,2024,1,Privado,32,Presencial-Virtual,Directo,matricula,datos_snies_2024.xlsx,19558,1711-116091-25175,Benchmark nacional,Universidad de La Sabana,La Sabana,True
1711,UNIVERSIDAD DE LA SABANA,116091,Ciencia de Datos,Cundinamarca,Chía,25175,Masculino,2024,2,Privado,60,Presencial-Virtual,Directo,matricula,datos_snies_2024.xlsx,19559,1711-116091-25175,Benchmark nacional,Universidad de La Sabana,La Sabana,True
1711,UNIVERSIDAD DE LA SABANA,116091,Ciencia de Datos,Cundinamarca,Chía,25175,Femenino,2024,1,Privado,14,Presencial-Virtual,Directo,matricula,datos_snies_2024.xlsx,19560,1711-116091-25175,Benchmark nacional,Universidad de La Sabana,La Sabana,True
1711,UNIVERSIDAD DE LA SABANA,116091,Ciencia de Datos,Cundinamarca,Chía,25175,Femenino,2024,2,Privado,23,Presencial-Virtual,Directo,matricula,datos_snies_2024.xlsx,19561,1711-116091-25175,Benchmark nacional,Universidad de La Sabana,La Sabana,True
1712,UNIVERSIDAD EAFIT-,11498,INGENIERIA MATEMATICA,Antioquia,Medellín,5001,Masculino,2024,1,Privado,131,Presencial,Cercano,matricula,datos_snies_2024.xlsx,20028,1712-11498-5001,G8 Medellín,Universidad EAFIT,EAFIT,True
1712,UNIVERSIDAD EAFIT-,11498,INGENIERIA MATEMATICA,Antioquia,Medellín,5001,Masculino,2024,2,Privado,123,Presencial,Cercano,matricula,datos_snies_2024.xlsx,20029,1712-11498-5001,G8 Medellín,Universidad EAFIT,EAFIT,True
1712,UNIVERSIDAD EAFIT-,11498,INGENIERIA MATEMATICA,Antioquia,Medellín,5001,Femenino,2024,1,Privado,52,Presencial,Cercano,matricula,datos_snies_2024.xlsx,20030,1712-11498-5001,G8 Medellín,Universidad EAFIT,EAFIT,True
1712,UNIVERSIDAD EAFIT-,11498,INGENIERIA MATEMATICA,Antioquia,Medellín,5001,Femenino,2024,2,Privado,42,Presencial,Cercano,matricula,datos_snies_2024.xlsx,20031,1712-11498-5001,G8 Medellín,Universidad EAFIT,EAFIT,True
1713,UNIVERSIDAD DEL NORTE,110172,CIENCIA DE DATOS,Atlántico,Barranquilla,8001,Masculino,2024,1,Privado,87,Presencial,Directo,matricula,datos_snies_2024.xlsx,20504,1713-110172-8001,Benchmark nacional,Universidad del Norte,Uninorte,True
1713,UNIVERSIDAD DEL NORTE,110172,CIENCIA DE DATOS,Atlántico,Barranquilla,8001,Masculino,2024,2,Privado,94,Presencial,Directo,matricula,datos_snies_2024.xlsx,20505,1713-110172-8001,Benchmark nacional,Universidad del Norte,Uninorte,True
1713,UNIVERSIDAD DEL NORTE,110172,CIENCIA DE DATOS,Atlántico,Barranquilla,8001,Femenino,2024,1,Privado,40,Presencial,Directo,matricula,datos_snies_2024.xlsx,20506,1713-110172-8001,Benchmark nacional,Universidad del Norte,Uninorte,True
1713,UNIVERSIDAD DEL NORTE,110172,CIENCIA DE DATOS,Atlántico,Barranquilla,8001,Femenino,2024,2,Privado,45,Presencial,Directo,matricula,datos_snies_2024.xlsx,20507,1713-110172-8001,Benchmark nacional,Universidad del Norte,Uninorte,True
1714,COLEGIO MAYOR DE NUESTRA SEÑORA DEL ROSARIO,105653,MATEMÁTICAS APLICADAS Y CIENCIAS DE LA COMPUTACIÓN,"Bogotá, D.C.","Bogotá, D.C.",11001,Masculino,2024,1,Privado,224,Presencial,Cercano,matricula,datos_snies_2024.xlsx,20943,1714-105653-11001,Benchmark nacional,Universidad del Rosario,Rosario,True
1714,COLEGIO MAYOR DE NUESTRA SEÑORA DEL ROSARIO,105653,MATEMÁTICAS APLICADAS Y CIENCIAS DE LA COMPUTACIÓN,"Bogotá, D.C.","Bogotá, D.C.",11001,Masculino,2024,2,Privado,204,Presencial,Cercano,matricula,datos_snies_2024.xlsx,20944,1714-105653-11001,Benchmark nacional,Universidad del Rosario,Rosario,True
1714,COLEGIO MAYOR DE NUESTRA SEÑORA DEL ROSARIO,105653,MATEMÁTICAS APLICADAS Y CIENCIAS DE LA COMPUTACIÓN,"Bogotá, D.C.","Bogotá, D.C.",11001,Femenino,2024,1,Privado,92,Presencial,Cercano,matricula,datos_snies_2024.xlsx,20945,1714-105653-11001,Benchmark nacional,Universidad del Rosario,Rosario,True
1714,COLEGIO MAYOR DE NUESTRA SEÑORA DEL ROSARIO,105653,MATEMÁTICAS APLICADAS Y CIENCIAS DE LA COMPUTACIÓN,"Bogotá, D.C.","Bogotá, D.C.",11001,Femenino,2024,2,Privado,86,Presencial,Cercano,matricula,datos_snies_2024.xlsx,20946,1714-105653-11001,Benchmark nacional,Universidad del Rosario,Rosario,True
1715,FUNDACION UNIVERSIDAD DE AMERICA,107649,ESTADISTICA Y CIENCIAS ACTUARIALES,"Bogotá, D.C.","Bogotá, D.C.",11001,Masculino,2024,1,Privado,20,Presencial,Cercano,matricula,datos_snies_2024.xlsx,21642,1715-107649-11001,Resto del país,FUNDACION UNIVERSIDAD DE AMERICA,Fundacion Universidad De America,True
1715,FUNDACION UNIVERSIDAD DE AMERICA,107649,ESTADISTICA Y CIENCIAS ACTUARIALES,"Bogotá, D.C.","Bogotá, D.C.",11001,Masculino,2024,2,Privado,17,Presencial,Cercano,matricula,datos_snies_2024.xlsx,21643,1715-107649-11001,Resto del país,FUNDACION UNIVERSIDAD DE AMERICA,Fundacion Universidad De America,True
1715,FUNDACION UNIVERSIDAD DE AMERICA,107649,ESTADISTICA Y CIENCIAS ACTUARIALES,"Bogotá, D.C.","Bogotá, D.C.",11001,Femenino,2024,1,Privado,6,Presencial,Cercano,matricula,datos_snies_2024.xlsx,21644,1715-107649-11001,Resto del país,FUNDACION UNIVERSIDAD DE AMERICA,Fundacion Universidad De America,True
1715,FUNDACION UNIVERSIDAD DE AMERICA,107649,ESTADISTICA Y CIENCIAS ACTUARIALES,"Bogotá, D.C.","Bogotá, D.C.",11001,Femenino,2024,2,Privado,5,Presencial,Cercano,matricula,datos_snies_2024.xlsx,21645,1715-107649-11001,Resto del país,FUNDACION UNIVERSIDAD DE AMERICA,Fundacion Universidad De America,True
1728,UNIVERSIDAD SERGIO ARBOLEDA,7773,CIENCIAS DE LA COMPUTACIÓN E INTELIGENCIA ARTIFICIAL,"Bogotá, D.C.","Bogotá, D.C.",11001,Masculino,2024,1,Privado,305,Presencial,Cercano,matricula,datos_snies_2024.xlsx,23858,1728-7773-11001,Resto del país,UNIVERSIDAD SERGIO ARBOLEDA,Universidad Sergio Arboleda,True
1728,UNIVERSIDAD SERGIO ARBOLEDA,7773,CIENCIAS DE LA COMPUTACIÓN E INTELIGENCIA ARTIFICIAL,"Bogotá, D.C.","Bogotá, D.C.",11001,Masculino,2024,2,Privado,304,Presencial,Cercano,matricula,datos_snies_2024.xlsx,23859,1728-7773-11001,Resto del país,UNIVERSIDAD SERGIO ARBOLEDA,Universidad Sergio Arboleda,True
1728,UNIVERSIDAD SERGIO ARBOLEDA,7773,CIENCIAS DE LA COMPUTACIÓN E INTELIGENCIA ARTIFICIAL,"Bogotá, D.C.","Bogotá, D.C.",11001,Femenino,2024,1,Privado,62,Presencial,Cercano,matricula,datos_snies_2024.xlsx,23860,1728-7773-11001,Resto del país,UNIVERSIDAD SERGIO ARBOLEDA,Universidad Sergio Arboleda,True
1728,UNIVERSIDAD SERGIO ARBOLEDA,7773,CIENCIAS DE LA COMPUTACIÓN E INTELIGENCIA ARTIFICIAL,"Bogotá, D.C.","Bogotá, D.C.",11001,Femenino,2024,2,Privado,58,Presencial,Cercano,matricula,datos_snies_2024.xlsx,23861,1728-7773-11001,Resto del país,UNIVERSIDAD SERGIO ARBOLEDA,Universidad Sergio Arboleda,True
1729,UNIVERSIDAD EL BOSQUE,103722,ESTADÍSTICA,"Bogotá, D.C.","Bogotá, D.C.",11001,Masculino,2024,1,Privado,27,Presencial,Cercano,matricula,datos_snies_2024.xlsx,23928,1729-103722-11001,Resto del país,UNIVERSIDAD EL BOSQUE,Universidad El Bosque,True
1729,UNIVERSIDAD EL BOSQUE,103722,ESTADÍSTICA,"Bogotá, D.C.","Bogotá, D.C.",11001,Masculino,2024,2,Privado,29,Presencial,Cercano,matricula,datos_snies_2024.xlsx,23929,1729-103722-11001,Resto del país,UNIVERSIDAD EL BOSQUE,Universidad El Bosque,True
1729,UNIVERSIDAD EL BOSQUE,103722,ESTADÍSTICA,"Bogotá, D.C.","Bogotá, D.C.",11001,Femenino,2024,1,Privado,20,Presencial,Cercano,matricula,datos_snies_2024.xlsx,23930,1729-103722-11001,Resto del país,UNIVERSIDAD EL BOSQUE,Universidad El Bosque,True
1729,UNIVERSIDAD EL BOSQUE,103722,ESTADÍSTICA,"Bogotá, D.C.","Bogotá, D.C.",11001,Femenino,2024,2,Privado,27,Presencial,Cercano,matricula,datos_snies_2024.xlsx,23931,1729-103722-11001,Resto del país,UNIVERSIDAD EL BOSQUE,Universidad El Bosque,True
1732,UNIVERSIDAD SANTO TOMAS,116280,Ingeniería de Datos e Inteligencia Artificial,Boyacá,Tunja,15001,Masculino,2024,2,Privado,21,Presencial,Directo,matricula,datos_snies_2024.xlsx,24502,1732-116280-15001,Resto del país,UNIVERSIDAD SANTO TOMAS,Universidad Santo Tomas,False
1732,UNIVERSIDAD SANTO TOMAS,116280,Ingeniería de Datos e Inteligencia Artificial,Boyacá,Tunja,15001,Femenino,2024,2,Privado,7,Presencial,Directo,matricula,datos_snies_2024.xlsx,24503,1732-116280-15001,Resto del país,UNIVERSIDAD SANTO TOMAS,Universidad Santo Tomas,False
1803,UNIVERSIDAD DE LA SALLE,116998,Ciencia de Datos,"Bogotá, D.C.","Bogotá, D.C.",11001,Masculino,2024,2,Privado,12,Virtual,Directo,matricula,datos_snies_2024.xlsx,25593,1803-116998-11001,Resto del país,UNIVERSIDAD DE LA SALLE,Universidad De La Salle,True
1803,UNIVERSIDAD DE LA SALLE,116998,Ciencia de Datos,"Bogotá, D.C.","Bogotá, D.C.",11001,Femenino,2024,2,Privado,5,Virtual,Directo,matricula,datos_snies_2024.xlsx,25594,1803-116998-11001,Resto del país,UNIVERSIDAD DE LA SALLE,Universidad De La Salle,True
1812,UNIVERSIDAD DE MEDELLIN,103268,COMPUTACIÓN CIENTÍFICA,Antioquia,Medellín,5001,Masculino,2024,1,Privado,19,Presencial,Cercano,matricula,datos_snies_2024.xlsx,27146,1812-103268-5001,G8 Medellín,Universidad de Medellín,U. de Medellín,True
1812,UNIVERSIDAD DE MEDELLIN,103268,COMPUTACIÓN CIENTÍFICA,Antioquia,Medellín,5001,Masculino,2024,2,Privado,31,Presencial,Cercano,matricula,datos_snies_2024.xlsx,27147,1812-103268-5001,G8 Medellín,Universidad de Medellín,U. de Medellín,True
1812,UNIVERSIDAD DE MEDELLIN,103268,COMPUTACIÓN CIENTÍFICA,Antioquia,Medellín,5001,Femenino,2024,1,Privado,7,Presencial,Cercano,matricula,datos_snies_2024.xlsx,27148,1812-103268-5001,G8 Medellín,Universidad de Medellín,U. de Medellín,True
1812,UNIVERSIDAD DE MEDELLIN,103268,COMPUTACIÓN CIENTÍFICA,Antioquia,Medellín,5001,Femenino,2024,2,Privado,19,Presencial,Cercano,matricula,datos_snies_2024.xlsx,27149,1812-103268-5001,G8 Medellín,Universidad de Medellín,U. de Medellín,True
1830,UNIVERSIDAD AUTONOMA DE OCCIDENTE,110368,INGENIERÍA DE DATOS E INTELIGENCIA ARTIFICIAL,Valle del Cauca,Santiago de Cali,76001,Masculino,2024,1,Privado,131,Presencial-Virtual,Directo,matricula,datos_snies_2024.xlsx,31530,1830-110368-76001,Resto del país,UNIVERSIDAD AUTONOMA DE OCCIDENTE,Universidad Autonoma De Occidente,False
1830,UNIVERSIDAD AUTONOMA DE OCCIDENTE,110368,INGENIERÍA DE DATOS E INTELIGENCIA ARTIFICIAL,Valle del Cauca,Santiago de Cali,76001,Masculino,2024,2,Privado,198,Presencial-Virtual,Directo,matricula,datos_snies_2024.xlsx,31531,1830-110368-76001,Resto del país,UNIVERSIDAD AUTONOMA DE OCCIDENTE,Universidad Autonoma De Occidente,False
1830,UNIVERSIDAD AUTONOMA DE OCCIDENTE,110368,INGENIERÍA DE DATOS E INTELIGENCIA ARTIFICIAL,Valle del Cauca,Santiago de Cali,76001,Femenino,2024,1,Privado,52,Presencial-Virtual,Directo,matricula,datos_snies_2024.xlsx,31532,1830-110368-76001,Resto del país,UNIVERSIDAD AUTONOMA DE OCCIDENTE,Universidad Autonoma De Occidente,False
1830,UNIVERSIDAD AUTONOMA DE OCCIDENTE,110368,INGENIERÍA DE DATOS E INTELIGENCIA ARTIFICIAL,Valle del Cauca,Santiago de Cali,76001,Femenino,2024,2,Privado,74,Presencial-Virtual,Directo,matricula,datos_snies_2024.xlsx,31533,1830-110368-76001,Resto del país,UNIVERSIDAD AUTONOMA DE OCCIDENTE,Universidad Autonoma De Occidente,False
1832,UNIVERSIDAD TECNOLOGICA DE BOLIVAR,116063,CIENCIA DE DATOS,Bolívar,Cartagena de Indias,13001,Masculino,2024,1,Privado,9,Presencial,Directo,matricula,datos_snies_2024.xlsx,31928,1832-116063-13001,Resto del país,UNIVERSIDAD TECNOLOGICA DE BOLIVAR,Universidad Tecnologica De Bolivar,True
1832,UNIVERSIDAD TECNOLOGICA DE BOLIVAR,116063,CIENCIA DE DATOS,Bolívar,Cartagena de Indias,13001,Masculino,2024,2,Privado,11,Presencial,Directo,matricula,datos_snies_2024.xlsx,31929,1832-116063-13001,Resto del país,UNIVERSIDAD TECNOLOGICA DE BOLIVAR,Universidad Tecnologica De Bolivar,True
1832,UNIVERSIDAD TECNOLOGICA DE BOLIVAR,116063,CIENCIA DE DATOS,Bolívar,Cartagena de Indias,13001,Femenino,2024,1,Privado,4,Presencial,Directo,matricula,datos_snies_2024.xlsx,31930,1832-116063-13001,Resto del país,UNIVERSIDAD TECNOLOGICA DE BOLIVAR,Universidad Tecnologica De Bolivar,True
1832,UNIVERSIDAD TECNOLOGICA DE BOLIVAR,116063,CIENCIA DE DATOS,Bolívar,Cartagena de Indias,13001,Femenino,2024,2,Privado,8,Presencial,Directo,matricula,datos_snies_2024.xlsx,31931,1832-116063-13001,Resto del país,UNIVERSIDAD TECNOLOGICA DE BOLIVAR,Universidad Tecnologica De Bolivar,True
2713,FUNDACION UNIVERSITARIA LOS LIBERTADORES,108275,ESTADÍSTICA,"Bogotá, D.C.","Bogotá, D.C.",11001,Masculino,2024,1,Privado,46,Presencial,Cercano,matricula,datos_snies_2024.xlsx,51022,2713-108275-11001,Resto del país,FUNDACION UNIVERSITARIA LOS LIBERTADORES,Fundacion Universitaria Los Libertadores,True
2713,FUNDACION UNIVERSITARIA LOS LIBERTADORES,108275,ESTADÍSTICA,"Bogotá, D.C.","Bogotá, D.C.",11001,Masculino,2024,2,Privado,52,Presencial,Cercano,matricula,datos_snies_2024.xlsx,51023,2713-108275-11001,Resto del país,FUNDACION UNIVERSITARIA LOS LIBERTADORES,Fundacion Universitaria Los Libertadores,True
2713,FUNDACION UNIVERSITARIA LOS LIBERTADORES,108275,ESTADÍSTICA,"Bogotá, D.C.","Bogotá, D.C.",11001,Femenino,2024,1,Privado,28,Presencial,Cercano,matricula,datos_snies_2024.xlsx,51024,2713-108275-11001,Resto del país,FUNDACION UNIVERSITARIA LOS LIBERTADORES,Fundacion Universitaria Los Libertadores,True
2713,FUNDACION UNIVERSITARIA LOS LIBERTADORES,108275,ESTADÍSTICA,"Bogotá, D.C.","Bogotá, D.C.",11001,Femenino,2024,2,Privado,28,Presencial,Cercano,matricula,datos_snies_2024.xlsx,51025,2713-108275-11001,Resto del país,FUNDACION UNIVERSITARIA LOS LIBERTADORES,Fundacion Universitaria Los Libertadores,True
2725,POLITECNICO GRANCOLOMBIANO,110098,INGENIERIA EN CIENCIA DE DATOS,"Bogotá, D.C.","Bogotá, D.C.",11001,Masculino,2024,1,Privado,58,Presencial,Directo,matricula,datos_snies_2024.xlsx,52270,2725-110098-11001,Resto del país,POLITECNICO GRANCOLOMBIANO,Politecnico Grancolombiano,True
2725,POLITECNICO GRANCOLOMBIANO,110098,INGENIERIA EN CIENCIA DE DATOS,"Bogotá, D.C.","Bogotá, D.C.",11001,Masculino,2024,2,Privado,72,Presencial,Directo,matricula,datos_snies_2024.xlsx,52271,2725-110098-11001,Resto del país,POLITECNICO GRANCOLOMBIANO,Politecnico Grancolombiano,True
2725,POLITECNICO GRANCOLOMBIANO,110098,INGENIERIA EN CIENCIA DE DATOS,"Bogotá, D.C.","Bogotá, D.C.",11001,Femenino,2024,1,Privado,29,Presencial,Directo,matricula,datos_snies_2024.xlsx,52272,2725-110098-11001,Resto del país,POLITECNICO GRANCOLOMBIANO,Politecnico Grancolombiano,True
2725,POLITECNICO GRANCOLOMBIANO,110098,INGENIERIA EN CIENCIA DE DATOS,"Bogotá, D.C.","Bogotá, D.C.",11001,Femenino,2024,2,Privado,32,Presencial,Directo,matricula,datos_snies_2024.xlsx,52273,2725-110098-11001,Resto del país,POLITECNICO GRANCOLOMBIANO,Politecnico Grancolombiano,True
2745,FUNDACIÓN UNIVERSITARIA COMPENSAR,110692,CIENCIA DE DATOS,"Bogotá, D.C.","Bogotá, D.C.",11001,Masculino,2024,1,Privado,36,Presencial,Directo,matricula,datos_snies_2024.xlsx,53883,2745-110692-11001,Resto del país,FUNDACIÓN UNIVERSITARIA COMPENSAR,Fundación Universitaria Compensar,True
2745,FUNDACIÓN UNIVERSITARIA COMPENSAR,110692,CIENCIA DE DATOS,"Bogotá, D.C.","Bogotá, D.C.",11001,Masculino,2024,2,Privado,46,Presencial,Directo,matricula,datos_snies_2024.xlsx,53884,2745-110692-11001,Resto del país,FUNDACIÓN UNIVERSITARIA COMPENSAR,Fundación Universitaria Compensar,True
2745,FUNDACIÓN UNIVERSITARIA COMPENSAR,110692,CIENCIA DE DATOS,"Bogotá, D.C.","Bogotá, D.C.",11001,Femenino,2024,1,Privado,20,Presencial,Directo,matricula,datos_snies_2024.xlsx,53885,2745-110692-11001,Resto del país,FUNDACIÓN UNIVERSITARIA COMPENSAR,Fundación Universitaria Compensar,True
2745,FUNDACIÓN UNIVERSITARIA COMPENSAR,110692,CIENCIA DE DATOS,"Bogotá, D.C.","Bogotá, D.C.",11001,Femenino,2024,2,Privado,22,Presencial,Directo,matricula,datos_snies_2024.xlsx,53886,2745-110692-11001,Resto del país,FUNDACIÓN UNIVERSITARIA COMPENSAR,Fundación Universitaria Compensar,True
2745,FUNDACIÓN UNIVERSITARIA COMPENSAR,111015,CIENCIA DE DATOS,"Bogotá, D.C.","Bogotá, D.C.",11001,Masculino,2024,1,Privado,105,Virtual,Directo,matricula,datos_snies_2024.xlsx,53895,2745-111015-11001,Resto del país,FUNDACIÓN UNIVERSITARIA COMPENSAR,Fundación Universitaria Compensar,True
2745,FUNDACIÓN UNIVERSITARIA COMPENSAR,111015,CIENCIA DE DATOS,"Bogotá, D.C.","Bogotá, D.C.",11001,Masculino,2024,2,Privado,132,Virtual,Directo,matricula,datos_snies_2024.xlsx,53896,2745-111015-11001,Resto del país,FUNDACIÓN UNIVERSITARIA COMPENSAR,Fundación Universitaria Compensar,True
2745,FUNDACIÓN UNIVERSITARIA COMPENSAR,111015,CIENCIA DE DATOS,"Bogotá, D.C.","Bogotá, D.C.",11001,Femenino,2024,1,Privado,42,Virtual,Directo,matricula,datos_snies_2024.xlsx,53897,2745-111015-11001,Resto del país,FUNDACIÓN UNIVERSITARIA COMPENSAR,Fundación Universitaria Compensar,True
2745,FUNDACIÓN UNIVERSITARIA COMPENSAR,111015,CIENCIA DE DATOS,"Bogotá, D.C.","Bogotá, D.C.",11001,Femenino,2024,2,Privado,64,Virtual,Directo,matricula,datos_snies_2024.xlsx,53898,2745-111015-11001,Resto del país,FUNDACIÓN UNIVERSITARIA COMPENSAR,Fundación Universitaria Compensar,True
2811,UNIVERSIDAD ESCUELA COLOMBIANA DE INGENIERIA JULIO GARAVITO,109408,INGENIERÍA ESTADÍSTICA,"Bogotá, D.C.","Bogotá, D.C.",11001,Masculino,2024,1,Privado,33,Presencial,Cercano,matricula,datos_snies_2024.xlsx,55158,2811-109408-11001,Resto del país,UNIVERSIDAD ESCUELA COLOMBIANA DE INGENIERIA JULIO GARAVITO,Universidad Escuela Colombiana De Ingenieria Julio Garavito,True
2811,UNIVERSIDAD ESCUELA COLOMBIANA DE INGENIERIA JULIO GARAVITO,109408,INGENIERÍA ESTADÍSTICA,"Bogotá, D.C.","Bogotá, D.C.",11001,Masculino,2024,2,Privado,38,Presencial,Cercano,matricula,datos_snies_2024.xlsx,55159,2811-109408-11001,Resto del país,UNIVERSIDAD ESCUELA COLOMBIANA DE INGENIERIA JULIO GARAVITO,Universidad Escuela Colombiana De Ingenieria Julio Garavito,True
2811,UNIVERSIDAD ESCUELA COLOMBIANA DE INGENIERIA JULIO GARAVITO,109408,INGENIERÍA ESTADÍSTICA,"Bogotá, D.C.","Bogotá, D.C.",11001,Femenino,2024,1,Privado,17,Presencial,Cercano,matricula,datos_snies_2024.xlsx,55160,2811-109408-11001,Resto del país,UNIVERSIDAD ESCUELA COLOMBIANA DE INGENIERIA JULIO GARAVITO,Universidad Escuela Colombiana De Ingenieria Julio Garavito,True
2811,UNIVERSIDAD ESCUELA COLOMBIANA DE INGENIERIA JULIO GARAVITO,109408,INGENIERÍA ESTADÍSTICA,"Bogotá, D.C.","Bogotá, D.C.",11001,Femenino,2024,2,Privado,17,Presencial,Cercano,matricula,datos_snies_2024.xlsx,55161,2811-109408-11001,Resto del país,UNIVERSIDAD ESCUELA COLOMBIANA DE INGENIERIA JULIO GARAVITO,Universidad Escuela Colombiana De Ingenieria Julio Garavito,True
2812,UNIVERSIDAD EAN,116226,Ingeniería en Ciencia de Datos,"Bogotá, D.C.","Bogotá, D.C.",11001,Masculino,2024,2,Privado,9,Presencial,Directo,matricula,datos_snies_2024.xlsx,55440,2812-116226-11001,Resto del país,UNIVERSIDAD EAN,Universidad Ean,True
2812,UNIVERSIDAD EAN,116226,Ingeniería en Ciencia de Datos,"Bogotá, D.C.","Bogotá, D.C.",11001,Femenino,2024,2,Privado,4,Presencial,Directo,matricula,datos_snies_2024.xlsx,55441,2812-116226-11001,Resto del país,UNIVERSIDAD EAN,Universidad Ean,True
2830,CORPORACION UNIVERSITARIA IBEROAMERICANA,110672,INGENIERIA EN CIENCIA DE DATOS,"Bogotá, D.C.","Bogotá, D.C.",11001,Masculino,2024,1,Privado,149,Virtual,Directo,matricula,datos_snies_2024.xlsx,57941,2830-110672-11001,Resto del país,CORPORACION UNIVERSITARIA IBEROAMERICANA,Corporacion Universitaria Iberoamericana,True
2830,CORPORACION UNIVERSITARIA IBEROAMERICANA,110672,INGENIERIA EN CIENCIA DE DATOS,"Bogotá, D.C.","Bogotá, D.C.",11001,Masculino,2024,2,Privado,176,Virtual,Directo,matricula,datos_snies_2024.xlsx,57942,2830-110672-11001,Resto del país,CORPORACION UNIVERSITARIA IBEROAMERICANA,Corporacion Universitaria Iberoamericana,True
2830,CORPORACION UNIVERSITARIA IBEROAMERICANA,110672,INGENIERIA EN CIENCIA DE DATOS,"Bogotá, D.C.","Bogotá, D.C.",11001,Femenino,2024,1,Privado,57,Virtual,Directo,matricula,datos_snies_2024.xlsx,57943,2830-110672-11001,Resto del país,CORPORACION UNIVERSITARIA IBEROAMERICANA,Corporacion Universitaria Iberoamericana,True
2830,CORPORACION UNIVERSITARIA IBEROAMERICANA,110672,INGENIERIA EN CIENCIA DE DATOS,"Bogotá, D.C.","Bogotá, D.C.",11001,Femenino,2024,2,Privado,85,Virtual,Directo,matricula,datos_snies_2024.xlsx,57944,2830-110672-11001,Resto del país,CORPORACION UNIVERSITARIA IBEROAMERICANA,Corporacion Universitaria Iberoamericana,True
3302,INSTITUTO TECNOLOGICO METROPOLITANO,116314,Ingeniería en Ciencia de Datos,Antioquia,Medellín,5001,Masculino,2024,2,Oficial,132,Presencial,Directo,matricula,datos_snies_2024.xlsx,61652,3302-116314-5001,Resto del país,INSTITUTO TECNOLOGICO METROPOLITANO,Instituto Tecnologico Metropolitano,True
3302,INSTITUTO TECNOLOGICO METROPOLITANO,116314,Ingeniería en Ciencia de Datos,Antioquia,Medellín,5001,Femenino,2024,2,Oficial,45,Presencial,Directo,matricula,datos_snies_2024.xlsx,61653,3302-116314-5001,Resto del país,INSTITUTO TECNOLOGICO METROPOLITANO,Instituto Tecnologico Metropolitano,True
5802,UNIVERSIDAD ECCI,103713,ESTADÍSTICA,"Bogotá, D.C.","Bogotá, D.C.",11001,Masculino,2024,1,Privado,49,Presencial,Cercano,matricula,datos_snies_2024.xlsx,65918,5802-103713-11001,Resto del país,UNIVERSIDAD ECCI,Universidad Ecci,True
5802,UNIVERSIDAD ECCI,103713,ESTADÍSTICA,"Bogotá, D.C.","Bogotá, D.C.",11001,Masculino,2024,2,Privado,37,Presencial,Cercano,matricula,datos_snies_2024.xlsx,65919,5802-103713-11001,Resto del país,UNIVERSIDAD ECCI,Universidad Ecci,True
5802,UNIVERSIDAD ECCI,103713,ESTADÍSTICA,"Bogotá, D.C.","Bogotá, D.C.",11001,Femenino,2024,1,Privado,17,Presencial,Cercano,matricula,datos_snies_2024.xlsx,65920,5802-103713-11001,Resto del país,UNIVERSIDAD ECCI,Universidad Ecci,True
5802,UNIVERSIDAD ECCI,103713,ESTADÍSTICA,"Bogotá, D.C.","Bogotá, D.C.",11001,Femenino,2024,2,Privado,16,Presencial,Cercano,matricula,datos_snies_2024.xlsx,65921,5802-103713-11001,Resto del país,UNIVERSIDAD ECCI,Universidad Ecci,True
5802,UNIVERSIDAD ECCI,116523,Estadística,"Bogotá, D.C.","Bogotá, D.C.",11001,Masculino,2024,2,Privado,4,Presencial,Cercano,matricula,datos_snies_2024.xlsx,66051,5802-116523-11001,Resto del país,UNIVERSIDAD ECCI,Universidad Ecci,True
5802,UNIVERSIDAD ECCI,116523,Estadística,"Bogotá, D.C.","Bogotá, D.C.",11001,Femenino,2024,2,Privado,1,Presencial,Cercano,matricula,datos_snies_2024.xlsx,66052,5802-116523-11001,Resto del país,UNIVERSIDAD ECCI,Universidad Ecci,True
9129,FUNDACION UNIVERSITARIA CAFAM -UNICAFAM,116136,Ciencia de Datos,"Bogotá, D.C.","Bogotá, D.C.",11001,Masculino,2024,1,Privado,10,Presencial,Directo,matricula,datos_snies_2024.xlsx,73640,9129-116136-11001,Resto del país,FUNDACION UNIVERSITARIA CAFAM -UNICAFAM,Fundacion Universitaria Cafam -Unicafam,True
9129,FUNDACION UNIVERSITARIA CAFAM -UNICAFAM,116136,Ciencia de Datos,"Bogotá, D.C.","Bogotá, D.C.",11001,Masculino,2024,2,Privado,17,Presencial,Directo,matricula,datos_snies_2024.xlsx,73641,9129-116136-11001,Resto del país,FUNDACION UNIVERSITARIA CAFAM -UNICAFAM,Fundacion Universitaria Cafam -Unicafam,True
9129,FUNDACION UNIVERSITARIA CAFAM -UNICAFAM,116136,Ciencia de Datos,"Bogotá, D.C.","Bogotá, D.C.",11001,Femenino,2024,1,Privado,2,Presencial,Directo,matricula,datos_snies_2024.xlsx,73642,9129-116136-11001,Resto del país,FUNDACION UNIVERSITARIA CAFAM -UNICAFAM,Fundacion Universitaria Cafam -Unicafam,True
9129,FUNDACION UNIVERSITARIA CAFAM -UNICAFAM,116136,Ciencia de Datos,"Bogotá, D.C.","Bogotá, D.C.",11001,Femenino,2024,2,Privado,6,Presencial,Directo,matricula,datos_snies_2024.xlsx,73643,9129-116136-11001,Resto del país,FUNDACION UNIVERSITARIA CAFAM -UNICAFAM,Fundacion Universitaria Cafam -Unicafam,True
9933,UNIVERSIDAD NACIONAL DE COLOMBIA,108082,ESTADÍSTICA,Cesar,La Paz,20621,Masculino,2024,1,Oficial,140,Presencial,Cercano,matricula,datos_snies_2024.xlsx,75131,9933-108082-20621,Resto del país,UNIVERSIDAD NACIONAL DE COLOMBIA,Universidad Nacional De Colombia,True
9933,UNIVERSIDAD NACIONAL DE COLOMBIA,108082,ESTADÍSTICA,Cesar,La Paz,20621,Masculino,2024,2,Oficial,126,Presencial,Cercano,matricula,datos_snies_2024.xlsx,75132,9933-108082-20621,Resto del país,UNIVERSIDAD NACIONAL DE COLOMBIA,Universidad Nacional De Colombia,True
9933,UNIVERSIDAD NACIONAL DE COLOMBIA,108082,ESTADÍSTICA,Cesar,La Paz,20621,Femenino,2024,1,Oficial,58,Presencial,Cercano,matricula,datos_snies_2024.xlsx,75133,9933-108082-20621,Resto del país,UNIVERSIDAD NACIONAL DE COLOMBIA,Universidad Nacional De Colombia,True
9933,UNIVERSIDAD NACIONAL DE COLOMBIA,108082,ESTADÍSTICA,Cesar,La Paz,20621,Femenino,2024,2,Oficial,50,Presencial,Cercano,matricula,datos_snies_2024.xlsx,75134,9933-108082-20621,Resto del país,UNIVERSIDAD NACIONAL DE COLOMBIA,Universidad Nacional De Colombia,True
1101,UNIVERSIDAD NACIONAL DE COLOMBIA,106341,CIENCIAS DE LA COMPUTACIÓN,"Bogotá, D.C.","Bogotá, D.C.",11001,Masculino,2025,1,Oficial,195,Presencial,Cercano,matricula,datos_snies_2025.xlsx,99,1101-106341-11001,Benchmark nacional,Universidad Nacional de Colombia - Bogotá,UNAL Bogotá,True
1101,UNIVERSIDAD NACIONAL DE COLOMBIA,106341,CIENCIAS DE LA COMPUTACIÓN,"Bogotá, D.C.","Bogotá, D.C.",11001,Masculino,2025,2,Oficial,208,Presencial,Cercano,matricula,datos_snies_2025.xlsx,100,1101-106341-11001,Benchmark nacional,Universidad Nacional de Colombia - Bogotá,UNAL Bogotá,True
1101,UNIVERSIDAD NACIONAL DE COLOMBIA,106341,CIENCIAS DE LA COMPUTACIÓN,"Bogotá, D.C.","Bogotá, D.C.",11001,Femenino,2025,1,Oficial,33,Presencial,Cercano,matricula,datos_snies_2025.xlsx,101,1101-106341-11001,Benchmark nacional,Universidad Nacional de Colombia - Bogotá,UNAL Bogotá,True
1101,UNIVERSIDAD NACIONAL DE COLOMBIA,106341,CIENCIAS DE LA COMPUTACIÓN,"Bogotá, D.C.","Bogotá, D.C.",11001,Femenino,2025,2,Oficial,32,Presencial,Cercano,matricula,datos_snies_2025.xlsx,102,1101-106341-11001,Benchmark nacional,Universidad Nacional de Colombia - Bogotá,UNAL Bogotá,True
1101,UNIVERSIDAD NACIONAL DE COLOMBIA,32,ESTADISTICA,"Bogotá, D.C.","Bogotá, D.C.",11001,Masculino,2025,1,Oficial,298,Presencial,Cercano,matricula,datos_snies_2025.xlsx,522,1101-32-11001,Benchmark nacional,Universidad Nacional de Colombia - Bogotá,UNAL Bogotá,True
1101,UNIVERSIDAD NACIONAL DE COLOMBIA,32,ESTADISTICA,"Bogotá, D.C.","Bogotá, D.C.",11001,Masculino,2025,2,Oficial,281,Presencial,Cercano,matricula,datos_snies_2025.xlsx,523,1101-32-11001,Benchmark nacional,Universidad Nacional de Colombia - Bogotá,UNAL Bogotá,True
1101,UNIVERSIDAD NACIONAL DE COLOMBIA,32,ESTADISTICA,"Bogotá, D.C.","Bogotá, D.C.",11001,Femenino,2025,1,Oficial,121,Presencial,Cercano,matricula,datos_snies_2025.xlsx,524,1101-32-11001,Benchmark nacional,Universidad Nacional de Colombia - Bogotá,UNAL Bogotá,True
1101,UNIVERSIDAD NACIONAL DE COLOMBIA,32,ESTADISTICA,"Bogotá, D.C.","Bogotá, D.C.",11001,Femenino,2025,2,Oficial,116,Presencial,Cercano,matricula,datos_snies_2025.xlsx,525,1101-32-11001,Benchmark nacional,Universidad Nacional de Colombia - Bogotá,UNAL Bogotá,True
1102,UNIVERSIDAD NACIONAL DE COLOMBIA,107447,CIENCIAS DE LA COMPUTACIÓN,Antioquia,Medellín,5001,Masculino,2025,1,Oficial,164,Presencial,Cercano,matricula,datos_snies_2025.xlsx,1045,1102-107447-5001,G8 Medellín,Universidad Nacional de Colombia - Medellín,UNAL Medellín,True
1102,UNIVERSIDAD NACIONAL DE COLOMBIA,107447,CIENCIAS DE LA COMPUTACIÓN,Antioquia,Medellín,5001,Masculino,2025,2,Oficial,169,Presencial,Cercano,matricula,datos_snies_2025.xlsx,1046,1102-107447-5001,G8 Medellín,Universidad Nacional de Colombia - Medellín,UNAL Medellín,True
1102,UNIVERSIDAD NACIONAL DE COLOMBIA,107447,CIENCIAS DE LA COMPUTACIÓN,Antioquia,Medellín,5001,Femenino,2025,1,Oficial,24,Presencial,Cercano,matricula,datos_snies_2025.xlsx,1047,1102-107447-5001,G8 Medellín,Universidad Nacional de Colombia - Medellín,UNAL Medellín,True
1102,UNIVERSIDAD NACIONAL DE COLOMBIA,107447,CIENCIAS DE LA COMPUTACIÓN,Antioquia,Medellín,5001,Femenino,2025,2,Oficial,28,Presencial,Cercano,matricula,datos_snies_2025.xlsx,1048,1102-107447-5001,G8 Medellín,Universidad Nacional de Colombia - Medellín,UNAL Medellín,True
1102,UNIVERSIDAD NACIONAL DE COLOMBIA,16920,ESTADISTICA,Antioquia,Medellín,5001,Masculino,2025,1,Oficial,186,Presencial,Cercano,matricula,datos_snies_2025.xlsx,1171,1102-16920-5001,G8 Medellín,Universidad Nacional de Colombia - Medellín,UNAL Medellín,True
1102,UNIVERSIDAD NACIONAL DE COLOMBIA,16920,ESTADISTICA,Antioquia,Medellín,5001,Masculino,2025,2,Oficial,151,Presencial,Cercano,matricula,datos_snies_2025.xlsx,1172,1102-16920-5001,G8 Medellín,Universidad Nacional de Colombia - Medellín,UNAL Medellín,True
1102,UNIVERSIDAD NACIONAL DE COLOMBIA,16920,ESTADISTICA,Antioquia,Medellín,5001,Femenino,2025,1,Oficial,112,Presencial,Cercano,matricula,datos_snies_2025.xlsx,1173,1102-16920-5001,G8 Medellín,Universidad Nacional de Colombia - Medellín,UNAL Medellín,True
1102,UNIVERSIDAD NACIONAL DE COLOMBIA,16920,ESTADISTICA,Antioquia,Medellín,5001,Femenino,2025,2,Oficial,100,Presencial,Cercano,matricula,datos_snies_2025.xlsx,1174,1102-16920-5001,G8 Medellín,Universidad Nacional de Colombia - Medellín,UNAL Medellín,True
1103,UNIVERSIDAD NACIONAL DE COLOMBIA,110177,CIENCIAS DE LA COMPUTACIÓN,Caldas,Manizales,17001,Masculino,2025,1,Oficial,156,Presencial,Cercano,matricula,datos_snies_2025.xlsx,1428,1103-110177-17001,Resto del país,UNIVERSIDAD NACIONAL DE COLOMBIA,Universidad Nacional De Colombia,True
1103,UNIVERSIDAD NACIONAL DE COLOMBIA,110177,CIENCIAS DE LA COMPUTACIÓN,Caldas,Manizales,17001,Masculino,2025,2,Oficial,170,Presencial,Cercano,matricula,datos_snies_2025.xlsx,1429,1103-110177-17001,Resto del país,UNIVERSIDAD NACIONAL DE COLOMBIA,Universidad Nacional De Colombia,True
1103,UNIVERSIDAD NACIONAL DE COLOMBIA,110177,CIENCIAS DE LA COMPUTACIÓN,Caldas,Manizales,17001,Femenino,2025,1,Oficial,37,Presencial,Cercano,matricula,datos_snies_2025.xlsx,1430,1103-110177-17001,Resto del país,UNIVERSIDAD NACIONAL DE COLOMBIA,Universidad Nacional De Colombia,True
1103,UNIVERSIDAD NACIONAL DE COLOMBIA,110177,CIENCIAS DE LA COMPUTACIÓN,Caldas,Manizales,17001,Femenino,2025,2,Oficial,49,Presencial,Cercano,matricula,datos_snies_2025.xlsx,1431,1103-110177-17001,Resto del país,UNIVERSIDAD NACIONAL DE COLOMBIA,Universidad Nacional De Colombia,True
1103,UNIVERSIDAD NACIONAL DE COLOMBIA,116559,Estadística,Caldas,Manizales,17001,Masculino,2025,1,Oficial,20,Presencial,Cercano,matricula,datos_snies_2025.xlsx,1446,1103-116559-17001,Resto del país,UNIVERSIDAD NACIONAL DE COLOMBIA,Universidad Nacional De Colombia,True
1103,UNIVERSIDAD NACIONAL DE COLOMBIA,116559,Estadística,Caldas,Manizales,17001,Masculino,2025,2,Oficial,16,Presencial,Cercano,matricula,datos_snies_2025.xlsx,1447,1103-116559-17001,Resto del país,UNIVERSIDAD NACIONAL DE COLOMBIA,Universidad Nacional De Colombia,True
1103,UNIVERSIDAD NACIONAL DE COLOMBIA,116559,Estadística,Caldas,Manizales,17001,Femenino,2025,1,Oficial,17,Presencial,Cercano,matricula,datos_snies_2025.xlsx,1448,1103-116559-17001,Resto del país,UNIVERSIDAD NACIONAL DE COLOMBIA,Universidad Nacional De Colombia,True
1103,UNIVERSIDAD NACIONAL DE COLOMBIA,116559,Estadística,Caldas,Manizales,17001,Femenino,2025,2,Oficial,17,Presencial,Cercano,matricula,datos_snies_2025.xlsx,1449,1103-116559-17001,Resto del país,UNIVERSIDAD NACIONAL DE COLOMBIA,Universidad Nacional De Colombia,True
1113,UNIVERSIDAD DE CORDOBA,103514,ESTADÍSTICA,Córdoba,Montería,23001,Masculino,2025,1,Oficial,228,Presencial,Cercano,matricula,datos_snies_2025.xlsx,4371,1113-103514-23001,Resto del país,UNIVERSIDAD DE CORDOBA,Universidad De Cordoba,True
1113,UNIVERSIDAD DE CORDOBA,103514,ESTADÍSTICA,Córdoba,Montería,23001,Masculino,2025,2,Oficial,221,Presencial,Cercano,matricula,datos_snies_2025.xlsx,4372,1113-103514-23001,Resto del país,UNIVERSIDAD DE CORDOBA,Universidad De Cordoba,True
1113,UNIVERSIDAD DE CORDOBA,103514,ESTADÍSTICA,Córdoba,Montería,23001,Femenino,2025,1,Oficial,124,Presencial,Cercano,matricula,datos_snies_2025.xlsx,4373,1113-103514-23001,Resto del país,UNIVERSIDAD DE CORDOBA,Universidad De Cordoba,True
1113,UNIVERSIDAD DE CORDOBA,103514,ESTADÍSTICA,Córdoba,Montería,23001,Femenino,2025,2,Oficial,119,Presencial,Cercano,matricula,datos_snies_2025.xlsx,4374,1113-103514-23001,Resto del país,UNIVERSIDAD DE CORDOBA,Universidad De Cordoba,True
1201,UNIVERSIDAD DE ANTIOQUIA,101571,ESTADÍSTICA,Antioquia,Medellín,5001,Masculino,2025,1,Oficial,104,Presencial,Cercano,matricula,datos_snies_2025.xlsx,6611,1201-101571-5001,G8 Medellín,Universidad de Antioquia (UdeA),UdeA,True
1201,UNIVERSIDAD DE ANTIOQUIA,101571,ESTADÍSTICA,Antioquia,Medellín,5001,Masculino,2025,2,Oficial,104,Presencial,Cercano,matricula,datos_snies_2025.xlsx,6612,1201-101571-5001,G8 Medellín,Universidad de Antioquia (UdeA),UdeA,True
1201,UNIVERSIDAD DE ANTIOQUIA,101571,ESTADÍSTICA,Antioquia,Medellín,5001,Femenino,2025,1,Oficial,70,Presencial,Cercano,matricula,datos_snies_2025.xlsx,6613,1201-101571-5001,G8 Medellín,Universidad de Antioquia (UdeA),UdeA,True
1201,UNIVERSIDAD DE ANTIOQUIA,101571,ESTADÍSTICA,Antioquia,Medellín,5001,Femenino,2025,2,Oficial,71,Presencial,Cercano,matricula,datos_snies_2025.xlsx,6614,1201-101571-5001,G8 Medellín,Universidad de Antioquia (UdeA),UdeA,True
1203,UNIVERSIDAD DEL VALLE,593,ESTADISTICA,Valle del Cauca,Santiago de Cali,76001,Masculino,2025,1,Oficial,140,Presencial,Cercano,matricula,datos_snies_2025.xlsx,9719,1203-593-76001,Resto del país,UNIVERSIDAD DEL VALLE,Universidad Del Valle,True
1203,UNIVERSIDAD DEL VALLE,593,ESTADISTICA,Valle del Cauca,Santiago de Cali,76001,Masculino,2025,2,Oficial,130,Presencial,Cercano,matricula,datos_snies_2025.xlsx,9720,1203-593-76001,Resto del país,UNIVERSIDAD DEL VALLE,Universidad Del Valle,True
1203,UNIVERSIDAD DEL VALLE,593,ESTADISTICA,Valle del Cauca,Santiago de Cali,76001,Femenino,2025,1,Oficial,81,Presencial,Cercano,matricula,datos_snies_2025.xlsx,9721,1203-593-76001,Resto del país,UNIVERSIDAD DEL VALLE,Universidad Del Valle,True
1203,UNIVERSIDAD DEL VALLE,593,ESTADISTICA,Valle del Cauca,Santiago de Cali,76001,Femenino,2025,2,Oficial,76,Presencial,Cercano,matricula,datos_snies_2025.xlsx,9722,1203-593-76001,Resto del país,UNIVERSIDAD DEL VALLE,Universidad Del Valle,True
1204,UNIVERSIDAD INDUSTRIAL DE SANTANDER,117201,Ingeniería en Ciencia de Datos,Santander,Bucaramanga,68001,Masculino,2025,1,Oficial,86,Presencial,Directo,matricula,datos_snies_2025.xlsx,10140,1204-117201-68001,Resto del país,UNIVERSIDAD INDUSTRIAL DE SANTANDER,Universidad Industrial De Santander,True
1204,UNIVERSIDAD INDUSTRIAL DE SANTANDER,117201,Ingeniería en Ciencia de Datos,Santander,Bucaramanga,68001,Masculino,2025,2,Oficial,121,Presencial,Directo,matricula,datos_snies_2025.xlsx,10141,1204-117201-68001,Resto del país,UNIVERSIDAD INDUSTRIAL DE SANTANDER,Universidad Industrial De Santander,True
1204,UNIVERSIDAD INDUSTRIAL DE SANTANDER,117201,Ingeniería en Ciencia de Datos,Santander,Bucaramanga,68001,Femenino,2025,1,Oficial,25,Presencial,Directo,matricula,datos_snies_2025.xlsx,10142,1204-117201-68001,Resto del país,UNIVERSIDAD INDUSTRIAL DE SANTANDER,Universidad Industrial De Santander,True
1204,UNIVERSIDAD INDUSTRIAL DE SANTANDER,117201,Ingeniería en Ciencia de Datos,Santander,Bucaramanga,68001,Femenino,2025,2,Oficial,43,Presencial,Directo,matricula,datos_snies_2025.xlsx,10143,1204-117201-68001,Resto del país,UNIVERSIDAD INDUSTRIAL DE SANTANDER,Universidad Industrial De Santander,True
1207,UNIVERSIDAD DEL TOLIMA,3345,MATEMATICAS CON ENFASIS EN ESTADISTICA,Tolima,Ibagué,73001,Masculino,2025,1,Oficial,93,Presencial,Cercano,matricula,datos_snies_2025.xlsx,12027,1207-3345-73001,Resto del país,UNIVERSIDAD DEL TOLIMA,Universidad Del Tolima,True
1207,UNIVERSIDAD DEL TOLIMA,3345,MATEMATICAS CON ENFASIS EN ESTADISTICA,Tolima,Ibagué,73001,Masculino,2025,2,Oficial,94,Presencial,Cercano,matricula,datos_snies_2025.xlsx,12028,1207-3345-73001,Resto del país,UNIVERSIDAD DEL TOLIMA,Universidad Del Tolima,True
1207,UNIVERSIDAD DEL TOLIMA,3345,MATEMATICAS CON ENFASIS EN ESTADISTICA,Tolima,Ibagué,73001,Femenino,2025,1,Oficial,46,Presencial,Cercano,matricula,datos_snies_2025.xlsx,12029,1207-3345-73001,Resto del país,UNIVERSIDAD DEL TOLIMA,Universidad Del Tolima,True
1207,UNIVERSIDAD DEL TOLIMA,3345,MATEMATICAS CON ENFASIS EN ESTADISTICA,Tolima,Ibagué,73001,Femenino,2025,2,Oficial,51,Presencial,Cercano,matricula,datos_snies_2025.xlsx,12030,1207-3345-73001,Resto del país,UNIVERSIDAD DEL TOLIMA,Universidad Del Tolima,True
1701,PONTIFICIA UNIVERSIDAD JAVERIANA,108890,CIENCIA DE DATOS,"Bogotá, D.C.","Bogotá, D.C.",11001,Masculino,2025,1,Privado,196,Presencial,Directo,matricula,datos_snies_2025.xlsx,15195,1701-108890-11001,Benchmark nacional,Pontificia Universidad Javeriana,Javeriana,True
1701,PONTIFICIA UNIVERSIDAD JAVERIANA,108890,CIENCIA DE DATOS,"Bogotá, D.C.","Bogotá, D.C.",11001,Masculino,2025,2,Privado,228,Presencial,Directo,matricula,datos_snies_2025.xlsx,15196,1701-108890-11001,Benchmark nacional,Pontificia Universidad Javeriana,Javeriana,True
1701,PONTIFICIA UNIVERSIDAD JAVERIANA,108890,CIENCIA DE DATOS,"Bogotá, D.C.","Bogotá, D.C.",11001,Femenino,2025,1,Privado,79,Presencial,Directo,matricula,datos_snies_2025.xlsx,15197,1701-108890-11001,Benchmark nacional,Pontificia Universidad Javeriana,Javeriana,True
1701,PONTIFICIA UNIVERSIDAD JAVERIANA,108890,CIENCIA DE DATOS,"Bogotá, D.C.","Bogotá, D.C.",11001,Femenino,2025,2,Privado,78,Presencial,Directo,matricula,datos_snies_2025.xlsx,15198,1701-108890-11001,Benchmark nacional,Pontificia Universidad Javeriana,Javeriana,True
1704,UNIVERSIDAD SANTO TOMAS,52000,ESTADÍSTICA,"Bogotá, D.C.","Bogotá, D.C.",11001,Masculino,2025,1,Privado,133,Presencial,Cercano,matricula,datos_snies_2025.xlsx,17158,1704-52000-11001,Resto del país,UNIVERSIDAD SANTO TOMAS,Universidad Santo Tomas,True
1704,UNIVERSIDAD SANTO TOMAS,52000,ESTADÍSTICA,"Bogotá, D.C.","Bogotá, D.C.",11001,Masculino,2025,2,Privado,139,Presencial,Cercano,matricula,datos_snies_2025.xlsx,17159,1704-52000-11001,Resto del país,UNIVERSIDAD SANTO TOMAS,Universidad Santo Tomas,True
1704,UNIVERSIDAD SANTO TOMAS,52000,ESTADÍSTICA,"Bogotá, D.C.","Bogotá, D.C.",11001,Femenino,2025,1,Privado,99,Presencial,Cercano,matricula,datos_snies_2025.xlsx,17160,1704-52000-11001,Resto del país,UNIVERSIDAD SANTO TOMAS,Universidad Santo Tomas,True
1704,UNIVERSIDAD SANTO TOMAS,52000,ESTADÍSTICA,"Bogotá, D.C.","Bogotá, D.C.",11001,Femenino,2025,2,Privado,97,Presencial,Cercano,matricula,datos_snies_2025.xlsx,17161,1704-52000-11001,Resto del país,UNIVERSIDAD SANTO TOMAS,Universidad Santo Tomas,True
1706,UNIVERSIDAD EXTERNADO DE COLOMBIA,110032,CIENCIA DE DATOS,"Bogotá, D.C.","Bogotá, D.C.",11001,Masculino,2025,1,Privado,212,Presencial,Directo,matricula,datos_snies_2025.xlsx,17985,1706-110032-11001,Resto del país,UNIVERSIDAD EXTERNADO DE COLOMBIA,Universidad Externado De Colombia,True
1706,UNIVERSIDAD EXTERNADO DE COLOMBIA,110032,CIENCIA DE DATOS,"Bogotá, D.C.","Bogotá, D.C.",11001,Masculino,2025,2,Privado,229,Presencial,Directo,matricula,datos_snies_2025.xlsx,17986,1706-110032-11001,Resto del país,UNIVERSIDAD EXTERNADO DE COLOMBIA,Universidad Externado De Colombia,True
1706,UNIVERSIDAD EXTERNADO DE COLOMBIA,110032,CIENCIA DE DATOS,"Bogotá, D.C.","Bogotá, D.C.",11001,Femenino,2025,1,Privado,106,Presencial,Directo,matricula,datos_snies_2025.xlsx,17987,1706-110032-11001,Resto del país,UNIVERSIDAD EXTERNADO DE COLOMBIA,Universidad Externado De Colombia,True
1706,UNIVERSIDAD EXTERNADO DE COLOMBIA,110032,CIENCIA DE DATOS,"Bogotá, D.C.","Bogotá, D.C.",11001,Femenino,2025,2,Privado,109,Presencial,Directo,matricula,datos_snies_2025.xlsx,17988,1706-110032-11001,Resto del país,UNIVERSIDAD EXTERNADO DE COLOMBIA,Universidad Externado De Colombia,True
1709,UNIVERSIDAD CENTRAL,116928,CIENCIA DE DATOS,"Bogotá, D.C.","Bogotá, D.C.",11001,Masculino,2025,1,Privado,25,Presencial,Directo,matricula,datos_snies_2025.xlsx,18963,1709-116928-11001,Resto del país,UNIVERSIDAD CENTRAL,Universidad Central,True
1709,UNIVERSIDAD CENTRAL,116928,CIENCIA DE DATOS,"Bogotá, D.C.","Bogotá, D.C.",11001,Masculino,2025,2,Privado,38,Presencial,Directo,matricula,datos_snies_2025.xlsx,18964,1709-116928-11001,Resto del país,UNIVERSIDAD CENTRAL,Universidad Central,True
1709,UNIVERSIDAD CENTRAL,116928,CIENCIA DE DATOS,"Bogotá, D.C.","Bogotá, D.C.",11001,Femenino,2025,1,Privado,10,Presencial,Directo,matricula,datos_snies_2025.xlsx,18965,1709-116928-11001,Resto del país,UNIVERSIDAD CENTRAL,Universidad Central,True
1709,UNIVERSIDAD CENTRAL,116928,CIENCIA DE DATOS,"Bogotá, D.C.","Bogotá, D.C.",11001,Femenino,2025,2,Privado,15,Presencial,Directo,matricula,datos_snies_2025.xlsx,18966,1709-116928-11001,Resto del país,UNIVERSIDAD CENTRAL,Universidad Central,True
1710,UNIVERSIDAD PONTIFICIA BOLIVARIANA,108578,INGENIERÍA EN CIENCIA DE DATOS,Antioquia,Medellín,5001,Masculino,2025,1,Privado,122,Presencial,Directo,matricula,datos_snies_2025.xlsx,19264,1710-108578-5001,G8 Medellín,Universidad Pontificia Bolivariana (UPB),UPB Medellín,True
1710,UNIVERSIDAD PONTIFICIA BOLIVARIANA,108578,INGENIERÍA EN CIENCIA DE DATOS,Antioquia,Medellín,5001,Masculino,2025,2,Privado,133,Presencial,Directo,matricula,datos_snies_2025.xlsx,19265,1710-108578-5001,G8 Medellín,Universidad Pontificia Bolivariana (UPB),UPB Medellín,True
1710,UNIVERSIDAD PONTIFICIA BOLIVARIANA,108578,INGENIERÍA EN CIENCIA DE DATOS,Antioquia,Medellín,5001,Femenino,2025,1,Privado,36,Presencial,Directo,matricula,datos_snies_2025.xlsx,19266,1710-108578-5001,G8 Medellín,Universidad Pontificia Bolivariana (UPB),UPB Medellín,True
1710,UNIVERSIDAD PONTIFICIA BOLIVARIANA,108578,INGENIERÍA EN CIENCIA DE DATOS,Antioquia,Medellín,5001,Femenino,2025,2,Privado,45,Presencial,Directo,matricula,datos_snies_2025.xlsx,19267,1710-108578-5001,G8 Medellín,Universidad Pontificia Bolivariana (UPB),UPB Medellín,True
1711,UNIVERSIDAD DE LA SABANA,116091,Ciencia de Datos,Cundinamarca,Chía,25175,Masculino,2025,1,Privado,107,Presencial-Virtual,Directo,matricula,datos_snies_2025.xlsx,20062,1711-116091-25175,Benchmark nacional,Universidad de La Sabana,La Sabana,True
1711,UNIVERSIDAD DE LA SABANA,116091,Ciencia de Datos,Cundinamarca,Chía,25175,Masculino,2025,2,Privado,127,Presencial-Virtual,Directo,matricula,datos_snies_2025.xlsx,20063,1711-116091-25175,Benchmark nacional,Universidad de La Sabana,La Sabana,True
1711,UNIVERSIDAD DE LA SABANA,116091,Ciencia de Datos,Cundinamarca,Chía,25175,Femenino,2025,1,Privado,33,Presencial-Virtual,Directo,matricula,datos_snies_2025.xlsx,20064,1711-116091-25175,Benchmark nacional,Universidad de La Sabana,La Sabana,True
1711,UNIVERSIDAD DE LA SABANA,116091,Ciencia de Datos,Cundinamarca,Chía,25175,Femenino,2025,2,Privado,40,Presencial-Virtual,Directo,matricula,datos_snies_2025.xlsx,20065,1711-116091-25175,Benchmark nacional,Universidad de La Sabana,La Sabana,True
1712,UNIVERSIDAD EAFIT-,11498,INGENIERIA MATEMATICA,Antioquia,Medellín,5001,Masculino,2025,1,Privado,126,Presencial,Cercano,matricula,datos_snies_2025.xlsx,20602,1712-11498-5001,G8 Medellín,Universidad EAFIT,EAFIT,True
1712,UNIVERSIDAD EAFIT-,11498,INGENIERIA MATEMATICA,Antioquia,Medellín,5001,Masculino,2025,2,Privado,120,Presencial,Cercano,matricula,datos_snies_2025.xlsx,20603,1712-11498-5001,G8 Medellín,Universidad EAFIT,EAFIT,True
1712,UNIVERSIDAD EAFIT-,11498,INGENIERIA MATEMATICA,Antioquia,Medellín,5001,Femenino,2025,1,Privado,53,Presencial,Cercano,matricula,datos_snies_2025.xlsx,20604,1712-11498-5001,G8 Medellín,Universidad EAFIT,EAFIT,True
1712,UNIVERSIDAD EAFIT-,11498,INGENIERIA MATEMATICA,Antioquia,Medellín,5001,Femenino,2025,2,Privado,47,Presencial,Cercano,matricula,datos_snies_2025.xlsx,20605,1712-11498-5001,G8 Medellín,Universidad EAFIT,EAFIT,True
1713,UNIVERSIDAD DEL NORTE,110172,CIENCIA DE DATOS,Atlántico,Barranquilla,8001,Masculino,2025,1,Privado,113,Presencial,Directo,matricula,datos_snies_2025.xlsx,21061,1713-110172-8001,Benchmark nacional,Universidad del Norte,Uninorte,True
1713,UNIVERSIDAD DEL NORTE,110172,CIENCIA DE DATOS,Atlántico,Barranquilla,8001,Masculino,2025,2,Privado,126,Presencial,Directo,matricula,datos_snies_2025.xlsx,21062,1713-110172-8001,Benchmark nacional,Universidad del Norte,Uninorte,True
1713,UNIVERSIDAD DEL NORTE,110172,CIENCIA DE DATOS,Atlántico,Barranquilla,8001,Femenino,2025,1,Privado,58,Presencial,Directo,matricula,datos_snies_2025.xlsx,21063,1713-110172-8001,Benchmark nacional,Universidad del Norte,Uninorte,True
1713,UNIVERSIDAD DEL NORTE,110172,CIENCIA DE DATOS,Atlántico,Barranquilla,8001,Femenino,2025,2,Privado,62,Presencial,Directo,matricula,datos_snies_2025.xlsx,21064,1713-110172-8001,Benchmark nacional,Universidad del Norte,Uninorte,True
1714,COLEGIO MAYOR DE NUESTRA SEÑORA DEL ROSARIO,105653,MATEMÁTICAS APLICADAS Y CIENCIAS DE LA COMPUTACIÓN,"Bogotá, D.C.","Bogotá, D.C.",11001,Masculino,2025,1,Privado,212,Presencial,Cercano,matricula,datos_snies_2025.xlsx,21488,1714-105653-11001,Benchmark nacional,Universidad del Rosario,Rosario,True
1714,COLEGIO MAYOR DE NUESTRA SEÑORA DEL ROSARIO,105653,MATEMÁTICAS APLICADAS Y CIENCIAS DE LA COMPUTACIÓN,"Bogotá, D.C.","Bogotá, D.C.",11001,Masculino,2025,2,Privado,196,Presencial,Cercano,matricula,datos_snies_2025.xlsx,21489,1714-105653-11001,Benchmark nacional,Universidad del Rosario,Rosario,True
1714,COLEGIO MAYOR DE NUESTRA SEÑORA DEL ROSARIO,105653,MATEMÁTICAS APLICADAS Y CIENCIAS DE LA COMPUTACIÓN,"Bogotá, D.C.","Bogotá, D.C.",11001,Femenino,2025,1,Privado,88,Presencial,Cercano,matricula,datos_snies_2025.xlsx,21490,1714-105653-11001,Benchmark nacional,Universidad del Rosario,Rosario,True
1714,COLEGIO MAYOR DE NUESTRA SEÑORA DEL ROSARIO,105653,MATEMÁTICAS APLICADAS Y CIENCIAS DE LA COMPUTACIÓN,"Bogotá, D.C.","Bogotá, D.C.",11001,Femenino,2025,2,Privado,78,Presencial,Cercano,matricula,datos_snies_2025.xlsx,21491,1714-105653-11001,Benchmark nacional,Universidad del Rosario,Rosario,True
1715,FUNDACION UNIVERSIDAD DE AMERICA,107649,ESTADISTICA Y CIENCIAS ACTUARIALES,"Bogotá, D.C.","Bogotá, D.C.",11001,Masculino,2025,1,Privado,12,Presencial,Cercano,matricula,datos_snies_2025.xlsx,22163,1715-107649-11001,Resto del país,FUNDACION UNIVERSIDAD DE AMERICA,Fundacion Universidad De America,True
1715,FUNDACION UNIVERSIDAD DE AMERICA,107649,ESTADISTICA Y CIENCIAS ACTUARIALES,"Bogotá, D.C.","Bogotá, D.C.",11001,Masculino,2025,2,Privado,8,Presencial,Cercano,matricula,datos_snies_2025.xlsx,22164,1715-107649-11001,Resto del país,FUNDACION UNIVERSIDAD DE AMERICA,Fundacion Universidad De America,True
1715,FUNDACION UNIVERSIDAD DE AMERICA,107649,ESTADISTICA Y CIENCIAS ACTUARIALES,"Bogotá, D.C.","Bogotá, D.C.",11001,Femenino,2025,1,Privado,4,Presencial,Cercano,matricula,datos_snies_2025.xlsx,22165,1715-107649-11001,Resto del país,FUNDACION UNIVERSIDAD DE AMERICA,Fundacion Universidad De America,True
1715,FUNDACION UNIVERSIDAD DE AMERICA,107649,ESTADISTICA Y CIENCIAS ACTUARIALES,"Bogotá, D.C.","Bogotá, D.C.",11001,Femenino,2025,2,Privado,4,Presencial,Cercano,matricula,datos_snies_2025.xlsx,22166,1715-107649-11001,Resto del país,FUNDACION UNIVERSIDAD DE AMERICA,Fundacion Universidad De America,True
1728,UNIVERSIDAD SERGIO ARBOLEDA,7773,CIENCIAS DE LA COMPUTACIÓN E INTELIGENCIA ARTIFICIAL,"Bogotá, D.C.","Bogotá, D.C.",11001,Masculino,2025,1,Privado,343,Presencial,Cercano,matricula,datos_snies_2025.xlsx,24484,1728-7773-11001,Resto del país,UNIVERSIDAD SERGIO ARBOLEDA,Universidad Sergio Arboleda,True
1728,UNIVERSIDAD SERGIO ARBOLEDA,7773,CIENCIAS DE LA COMPUTACIÓN E INTELIGENCIA ARTIFICIAL,"Bogotá, D.C.","Bogotá, D.C.",11001,Masculino,2025,2,Privado,363,Presencial,Cercano,matricula,datos_snies_2025.xlsx,24485,1728-7773-11001,Resto del país,UNIVERSIDAD SERGIO ARBOLEDA,Universidad Sergio Arboleda,True
1728,UNIVERSIDAD SERGIO ARBOLEDA,7773,CIENCIAS DE LA COMPUTACIÓN E INTELIGENCIA ARTIFICIAL,"Bogotá, D.C.","Bogotá, D.C.",11001,Femenino,2025,1,Privado,71,Presencial,Cercano,matricula,datos_snies_2025.xlsx,24486,1728-7773-11001,Resto del país,UNIVERSIDAD SERGIO ARBOLEDA,Universidad Sergio Arboleda,True
1728,UNIVERSIDAD SERGIO ARBOLEDA,7773,CIENCIAS DE LA COMPUTACIÓN E INTELIGENCIA ARTIFICIAL,"Bogotá, D.C.","Bogotá, D.C.",11001,Femenino,2025,2,Privado,76,Presencial,Cercano,matricula,datos_snies_2025.xlsx,24487,1728-7773-11001,Resto del país,UNIVERSIDAD SERGIO ARBOLEDA,Universidad Sergio Arboleda,True
1729,UNIVERSIDAD EL BOSQUE,103722,ESTADÍSTICA,"Bogotá, D.C.","Bogotá, D.C.",11001,Masculino,2025,1,Privado,29,Presencial,Cercano,matricula,datos_snies_2025.xlsx,24557,1729-103722-11001,Resto del país,UNIVERSIDAD EL BOSQUE,Universidad El Bosque,True
1729,UNIVERSIDAD EL BOSQUE,103722,ESTADÍSTICA,"Bogotá, D.C.","Bogotá, D.C.",11001,Masculino,2025,2,Privado,30,Presencial,Cercano,matricula,datos_snies_2025.xlsx,24558,1729-103722-11001,Resto del país,UNIVERSIDAD EL BOSQUE,Universidad El Bosque,True
1729,UNIVERSIDAD EL BOSQUE,103722,ESTADÍSTICA,"Bogotá, D.C.","Bogotá, D.C.",11001,Femenino,2025,1,Privado,24,Presencial,Cercano,matricula,datos_snies_2025.xlsx,24559,1729-103722-11001,Resto del país,UNIVERSIDAD EL BOSQUE,Universidad El Bosque,True
1729,UNIVERSIDAD EL BOSQUE,103722,ESTADÍSTICA,"Bogotá, D.C.","Bogotá, D.C.",11001,Femenino,2025,2,Privado,21,Presencial,Cercano,matricula,datos_snies_2025.xlsx,24560,1729-103722-11001,Resto del país,UNIVERSIDAD EL BOSQUE,Universidad El Bosque,True
1729,UNIVERSIDAD EL BOSQUE,117549,Matemáticas y Ciencia de Datos,"Bogotá, D.C.","Bogotá, D.C.",11001,Masculino,2025,1,Privado,4,Presencial,Directo,matricula,datos_snies_2025.xlsx,24818,1729-117549-11001,Resto del país,UNIVERSIDAD EL BOSQUE,Universidad El Bosque,True
1729,UNIVERSIDAD EL BOSQUE,117549,Matemáticas y Ciencia de Datos,"Bogotá, D.C.","Bogotá, D.C.",11001,Masculino,2025,2,Privado,16,Presencial,Directo,matricula,datos_snies_2025.xlsx,24819,1729-117549-11001,Resto del país,UNIVERSIDAD EL BOSQUE,Universidad El Bosque,True
1729,UNIVERSIDAD EL BOSQUE,117549,Matemáticas y Ciencia de Datos,"Bogotá, D.C.","Bogotá, D.C.",11001,Femenino,2025,1,Privado,5,Presencial,Directo,matricula,datos_snies_2025.xlsx,24820,1729-117549-11001,Resto del país,UNIVERSIDAD EL BOSQUE,Universidad El Bosque,True
1729,UNIVERSIDAD EL BOSQUE,117549,Matemáticas y Ciencia de Datos,"Bogotá, D.C.","Bogotá, D.C.",11001,Femenino,2025,2,Privado,9,Presencial,Directo,matricula,datos_snies_2025.xlsx,24821,1729-117549-11001,Resto del país,UNIVERSIDAD EL BOSQUE,Universidad El Bosque,True
1732,UNIVERSIDAD SANTO TOMAS,116280,Ingeniería de Datos e Inteligencia Artificial,"Bogotá, D.C.","Bogotá, D.C.",11001,Masculino,2025,2,Privado,28,Presencial,Directo,matricula,datos_snies_2025.xlsx,25227,1732-116280-11001,Resto del país,UNIVERSIDAD SANTO TOMAS,Universidad Santo Tomas,False
1732,UNIVERSIDAD SANTO TOMAS,116280,Ingeniería de Datos e Inteligencia Artificial,"Bogotá, D.C.","Bogotá, D.C.",11001,Femenino,2025,2,Privado,3,Presencial,Directo,matricula,datos_snies_2025.xlsx,25228,1732-116280-11001,Resto del país,UNIVERSIDAD SANTO TOMAS,Universidad Santo Tomas,False
1732,UNIVERSIDAD SANTO TOMAS,116280,Ingeniería de Datos e Inteligencia Artificial,Boyacá,Tunja,15001,Masculino,2025,1,Privado,65,Presencial,Directo,matricula,datos_snies_2025.xlsx,25229,1732-116280-15001,Resto del país,UNIVERSIDAD SANTO TOMAS,Universidad Santo Tomas,False
1732,UNIVERSIDAD SANTO TOMAS,116280,Ingeniería de Datos e Inteligencia Artificial,Boyacá,Tunja,15001,Masculino,2025,2,Privado,85,Presencial,Directo,matricula,datos_snies_2025.xlsx,25230,1732-116280-15001,Resto del país,UNIVERSIDAD SANTO TOMAS,Universidad Santo Tomas,False
1732,UNIVERSIDAD SANTO TOMAS,116280,Ingeniería de Datos e Inteligencia Artificial,Boyacá,Tunja,15001,Femenino,2025,1,Privado,33,Presencial,Directo,matricula,datos_snies_2025.xlsx,25231,1732-116280-15001,Resto del país,UNIVERSIDAD SANTO TOMAS,Universidad Santo Tomas,False
1732,UNIVERSIDAD SANTO TOMAS,116280,Ingeniería de Datos e Inteligencia Artificial,Boyacá,Tunja,15001,Femenino,2025,2,Privado,43,Presencial,Directo,matricula,datos_snies_2025.xlsx,25232,1732-116280-15001,Resto del país,UNIVERSIDAD SANTO TOMAS,Universidad Santo Tomas,False
1803,UNIVERSIDAD DE LA SALLE,116998,Ciencia de Datos,"Bogotá, D.C.","Bogotá, D.C.",11001,Masculino,2025,1,Privado,64,Virtual,Directo,matricula,datos_snies_2025.xlsx,26403,1803-116998-11001,Resto del país,UNIVERSIDAD DE LA SALLE,Universidad De La Salle,True
1803,UNIVERSIDAD DE LA SALLE,116998,Ciencia de Datos,"Bogotá, D.C.","Bogotá, D.C.",11001,Masculino,2025,2,Privado,113,Virtual,Directo,matricula,datos_snies_2025.xlsx,26404,1803-116998-11001,Resto del país,UNIVERSIDAD DE LA SALLE,Universidad De La Salle,True
1803,UNIVERSIDAD DE LA SALLE,116998,Ciencia de Datos,"Bogotá, D.C.","Bogotá, D.C.",11001,Femenino,2025,1,Privado,26,Virtual,Directo,matricula,datos_snies_2025.xlsx,26405,1803-116998-11001,Resto del país,UNIVERSIDAD DE LA SALLE,Universidad De La Salle,True
1803,UNIVERSIDAD DE LA SALLE,116998,Ciencia de Datos,"Bogotá, D.C.","Bogotá, D.C.",11001,Femenino,2025,2,Privado,61,Virtual,Directo,matricula,datos_snies_2025.xlsx,26406,1803-116998-11001,Resto del país,UNIVERSIDAD DE LA SALLE,Universidad De La Salle,True
1806,UNIVERSIDAD LIBRE,116950,Ingeniería en Ciencia de Datos,"Bogotá, D.C.","Bogotá, D.C.",11001,Masculino,2025,1,Privado,7,Presencial,Directo,matricula,datos_snies_2025.xlsx,27218,1806-116950-11001,Resto del país,UNIVERSIDAD LIBRE,Universidad Libre,True
1806,UNIVERSIDAD LIBRE,116950,Ingeniería en Ciencia de Datos,"Bogotá, D.C.","Bogotá, D.C.",11001,Masculino,2025,2,Privado,13,Presencial,Directo,matricula,datos_snies_2025.xlsx,27219,1806-116950-11001,Resto del país,UNIVERSIDAD LIBRE,Universidad Libre,True
1806,UNIVERSIDAD LIBRE,116950,Ingeniería en Ciencia de Datos,"Bogotá, D.C.","Bogotá, D.C.",11001,Femenino,2025,1,Privado,4,Presencial,Directo,matricula,datos_snies_2025.xlsx,27220,1806-116950-11001,Resto del país,UNIVERSIDAD LIBRE,Universidad Libre,True
1806,UNIVERSIDAD LIBRE,116950,Ingeniería en Ciencia de Datos,"Bogotá, D.C.","Bogotá, D.C.",11001,Femenino,2025,2,Privado,5,Presencial,Directo,matricula,datos_snies_2025.xlsx,27221,1806-116950-11001,Resto del país,UNIVERSIDAD LIBRE,Universidad Libre,True
1812,UNIVERSIDAD DE MEDELLIN,103268,COMPUTACIÓN CIENTÍFICA,Antioquia,Medellín,5001,Masculino,2025,1,Privado,29,Presencial,Cercano,matricula,datos_snies_2025.xlsx,27984,1812-103268-5001,G8 Medellín,Universidad de Medellín,U. de Medellín,True
1812,UNIVERSIDAD DE MEDELLIN,103268,COMPUTACIÓN CIENTÍFICA,Antioquia,Medellín,5001,Masculino,2025,2,Privado,38,Presencial,Cercano,matricula,datos_snies_2025.xlsx,27985,1812-103268-5001,G8 Medellín,Universidad de Medellín,U. de Medellín,True
1812,UNIVERSIDAD DE MEDELLIN,103268,COMPUTACIÓN CIENTÍFICA,Antioquia,Medellín,5001,Femenino,2025,1,Privado,17,Presencial,Cercano,matricula,datos_snies_2025.xlsx,27986,1812-103268-5001,G8 Medellín,Universidad de Medellín,U. de Medellín,True
1812,UNIVERSIDAD DE MEDELLIN,103268,COMPUTACIÓN CIENTÍFICA,Antioquia,Medellín,5001,Femenino,2025,2,Privado,26,Presencial,Cercano,matricula,datos_snies_2025.xlsx,27987,1812-103268-5001,G8 Medellín,Universidad de Medellín,U. de Medellín,True
1814,UNIVERSIDAD AUTONOMA LATINOAMERICANA-UNAULA-,117607,INGENIERIA EN CIENCIA DE DATOS E INTELIGENCIA DE NEGOCIOS,Antioquia,Medellín,5001,Masculino,2025,1,Privado,1,Presencial,Directo,matricula,datos_snies_2025.xlsx,29019,1814-117607-5001,Resto del país,UNIVERSIDAD AUTONOMA LATINOAMERICANA-UNAULA-,Universidad Autonoma Latinoamericana-Unaula-,True
1814,UNIVERSIDAD AUTONOMA LATINOAMERICANA-UNAULA-,117607,INGENIERIA EN CIENCIA DE DATOS E INTELIGENCIA DE NEGOCIOS,Antioquia,Medellín,5001,Masculino,2025,2,Privado,6,Presencial,Directo,matricula,datos_snies_2025.xlsx,29020,1814-117607-5001,Resto del país,UNIVERSIDAD AUTONOMA LATINOAMERICANA-UNAULA-,Universidad Autonoma Latinoamericana-Unaula-,True
1814,UNIVERSIDAD AUTONOMA LATINOAMERICANA-UNAULA-,117607,INGENIERIA EN CIENCIA DE DATOS E INTELIGENCIA DE NEGOCIOS,Antioquia,Medellín,5001,Femenino,2025,1,Privado,1,Presencial,Directo,matricula,datos_snies_2025.xlsx,29021,1814-117607-5001,Resto del país,UNIVERSIDAD AUTONOMA LATINOAMERICANA-UNAULA-,Universidad Autonoma Latinoamericana-Unaula-,True
1814,UNIVERSIDAD AUTONOMA LATINOAMERICANA-UNAULA-,117607,INGENIERIA EN CIENCIA DE DATOS E INTELIGENCIA DE NEGOCIOS,Antioquia,Medellín,5001,Femenino,2025,2,Privado,4,Presencial,Directo,matricula,datos_snies_2025.xlsx,29022,1814-117607-5001,Resto del país,UNIVERSIDAD AUTONOMA LATINOAMERICANA-UNAULA-,Universidad Autonoma Latinoamericana-Unaula-,True
1823,UNIVERSIDAD AUTONOMA DE BUCARAMANGA-UNAB-,117735,Ciencia de Datos ,Santander,Bucaramanga,68001,Masculino,2025,2,Privado,6,Presencial,Directo,matricula,datos_snies_2025.xlsx,30566,1823-117735-68001,Resto del país,UNIVERSIDAD AUTONOMA DE BUCARAMANGA-UNAB-,Universidad Autonoma De Bucaramanga-Unab-,True
1823,UNIVERSIDAD AUTONOMA DE BUCARAMANGA-UNAB-,117735,Ciencia de Datos ,Santander,Bucaramanga,68001,Femenino,2025,2,Privado,1,Presencial,Directo,matricula,datos_snies_2025.xlsx,30567,1823-117735-68001,Resto del país,UNIVERSIDAD AUTONOMA DE BUCARAMANGA-UNAB-,Universidad Autonoma De Bucaramanga-Unab-,True
1830,UNIVERSIDAD AUTONOMA DE OCCIDENTE,110368,INGENIERÍA DE DATOS E INTELIGENCIA ARTIFICIAL,Valle del Cauca,Santiago de Cali,76001,Masculino,2025,1,Privado,224,Presencial-Virtual,Directo,matricula,datos_snies_2025.xlsx,32577,1830-110368-76001,Resto del país,UNIVERSIDAD AUTONOMA DE OCCIDENTE,Universidad Autonoma De Occidente,False
1830,UNIVERSIDAD AUTONOMA DE OCCIDENTE,110368,INGENIERÍA DE DATOS E INTELIGENCIA ARTIFICIAL,Valle del Cauca,Santiago de Cali,76001,Masculino,2025,2,Privado,295,Presencial-Virtual,Directo,matricula,datos_snies_2025.xlsx,32578,1830-110368-76001,Resto del país,UNIVERSIDAD AUTONOMA DE OCCIDENTE,Universidad Autonoma De Occidente,False
1830,UNIVERSIDAD AUTONOMA DE OCCIDENTE,110368,INGENIERÍA DE DATOS E INTELIGENCIA ARTIFICIAL,Valle del Cauca,Santiago de Cali,76001,Femenino,2025,1,Privado,80,Presencial-Virtual,Directo,matricula,datos_snies_2025.xlsx,32579,1830-110368-76001,Resto del país,UNIVERSIDAD AUTONOMA DE OCCIDENTE,Universidad Autonoma De Occidente,False
1830,UNIVERSIDAD AUTONOMA DE OCCIDENTE,110368,INGENIERÍA DE DATOS E INTELIGENCIA ARTIFICIAL,Valle del Cauca,Santiago de Cali,76001,Femenino,2025,2,Privado,102,Presencial-Virtual,Directo,matricula,datos_snies_2025.xlsx,32580,1830-110368-76001,Resto del país,UNIVERSIDAD AUTONOMA DE OCCIDENTE,Universidad Autonoma De Occidente,False
1832,UNIVERSIDAD TECNOLOGICA DE BOLIVAR,116063,CIENCIA DE DATOS,Bolívar,Cartagena de Indias,13001,Masculino,2025,1,Privado,23,Presencial,Directo,matricula,datos_snies_2025.xlsx,32989,1832-116063-13001,Resto del país,UNIVERSIDAD TECNOLOGICA DE BOLIVAR,Universidad Tecnologica De Bolivar,True
1832,UNIVERSIDAD TECNOLOGICA DE BOLIVAR,116063,CIENCIA DE DATOS,Bolívar,Cartagena de Indias,13001,Masculino,2025,2,Privado,27,Presencial,Directo,matricula,datos_snies_2025.xlsx,32990,1832-116063-13001,Resto del país,UNIVERSIDAD TECNOLOGICA DE BOLIVAR,Universidad Tecnologica De Bolivar,True
1832,UNIVERSIDAD TECNOLOGICA DE BOLIVAR,116063,CIENCIA DE DATOS,Bolívar,Cartagena de Indias,13001,Femenino,2025,1,Privado,11,Presencial,Directo,matricula,datos_snies_2025.xlsx,32991,1832-116063-13001,Resto del país,UNIVERSIDAD TECNOLOGICA DE BOLIVAR,Universidad Tecnologica De Bolivar,True
1832,UNIVERSIDAD TECNOLOGICA DE BOLIVAR,116063,CIENCIA DE DATOS,Bolívar,Cartagena de Indias,13001,Femenino,2025,2,Privado,11,Presencial,Directo,matricula,datos_snies_2025.xlsx,32992,1832-116063-13001,Resto del país,UNIVERSIDAD TECNOLOGICA DE BOLIVAR,Universidad Tecnologica De Bolivar,True
2209,POLITECNICO COLOMBIANO JAIME ISAZA CADAVID,117132,Ingeniería en Ciencia de Datos,Antioquia,Medellín,5001,Masculino,2025,1,Oficial,27,Presencial,Directo,matricula,datos_snies_2025.xlsx,80297,2209-117132-5001,Resto del país,POLITECNICO COLOMBIANO JAIME ISAZA CADAVID,Politecnico Colombiano Jaime Isaza Cadavid,True
2209,POLITECNICO COLOMBIANO JAIME ISAZA CADAVID,117132,Ingeniería en Ciencia de Datos,Antioquia,Medellín,5001,Masculino,2025,2,Oficial,65,Presencial,Directo,matricula,datos_snies_2025.xlsx,80298,2209-117132-5001,Resto del país,POLITECNICO COLOMBIANO JAIME ISAZA CADAVID,Politecnico Colombiano Jaime Isaza Cadavid,True
2209,POLITECNICO COLOMBIANO JAIME ISAZA CADAVID,117132,Ingeniería en Ciencia de Datos,Antioquia,Medellín,5001,Femenino,2025,1,Oficial,16,Presencial,Directo,matricula,datos_snies_2025.xlsx,80299,2209-117132-5001,Resto del país,POLITECNICO COLOMBIANO JAIME ISAZA CADAVID,Politecnico Colombiano Jaime Isaza Cadavid,True
2209,POLITECNICO COLOMBIANO JAIME ISAZA CADAVID,117132,Ingeniería en Ciencia de Datos,Antioquia,Medellín,5001,Femenino,2025,2,Oficial,20,Presencial,Directo,matricula,datos_snies_2025.xlsx,80300,2209-117132-5001,Resto del país,POLITECNICO COLOMBIANO JAIME ISAZA CADAVID,Politecnico Colombiano Jaime Isaza Cadavid,True
2713,FUNDACION UNIVERSITARIA LOS LIBERTADORES,108275,ESTADÍSTICA,"Bogotá, D.C.","Bogotá, D.C.",11001,Masculino,2025,1,Privado,69,Presencial,Cercano,matricula,datos_snies_2025.xlsx,82044,2713-108275-11001,Resto del país,FUNDACION UNIVERSITARIA LOS LIBERTADORES,Fundacion Universitaria Los Libertadores,True
2713,FUNDACION UNIVERSITARIA LOS LIBERTADORES,108275,ESTADÍSTICA,"Bogotá, D.C.","Bogotá, D.C.",11001,Masculino,2025,2,Privado,66,Presencial,Cercano,matricula,datos_snies_2025.xlsx,82045,2713-108275-11001,Resto del país,FUNDACION UNIVERSITARIA LOS LIBERTADORES,Fundacion Universitaria Los Libertadores,True
2713,FUNDACION UNIVERSITARIA LOS LIBERTADORES,108275,ESTADÍSTICA,"Bogotá, D.C.","Bogotá, D.C.",11001,Femenino,2025,1,Privado,31,Presencial,Cercano,matricula,datos_snies_2025.xlsx,82046,2713-108275-11001,Resto del país,FUNDACION UNIVERSITARIA LOS LIBERTADORES,Fundacion Universitaria Los Libertadores,True
2713,FUNDACION UNIVERSITARIA LOS LIBERTADORES,108275,ESTADÍSTICA,"Bogotá, D.C.","Bogotá, D.C.",11001,Femenino,2025,2,Privado,35,Presencial,Cercano,matricula,datos_snies_2025.xlsx,82047,2713-108275-11001,Resto del país,FUNDACION UNIVERSITARIA LOS LIBERTADORES,Fundacion Universitaria Los Libertadores,True
2725,POLITECNICO GRANCOLOMBIANO,110098,INGENIERIA EN CIENCIA DE DATOS,"Bogotá, D.C.","Bogotá, D.C.",11001,Masculino,2025,1,Privado,80,Presencial,Directo,matricula,datos_snies_2025.xlsx,83312,2725-110098-11001,Resto del país,POLITECNICO GRANCOLOMBIANO,Politecnico Grancolombiano,True
2725,POLITECNICO GRANCOLOMBIANO,110098,INGENIERIA EN CIENCIA DE DATOS,"Bogotá, D.C.","Bogotá, D.C.",11001,Masculino,2025,2,Privado,92,Presencial,Directo,matricula,datos_snies_2025.xlsx,83313,2725-110098-11001,Resto del país,POLITECNICO GRANCOLOMBIANO,Politecnico Grancolombiano,True
2725,POLITECNICO GRANCOLOMBIANO,110098,INGENIERIA EN CIENCIA DE DATOS,"Bogotá, D.C.","Bogotá, D.C.",11001,Femenino,2025,1,Privado,34,Presencial,Directo,matricula,datos_snies_2025.xlsx,83314,2725-110098-11001,Resto del país,POLITECNICO GRANCOLOMBIANO,Politecnico Grancolombiano,True
2725,POLITECNICO GRANCOLOMBIANO,110098,INGENIERIA EN CIENCIA DE DATOS,"Bogotá, D.C.","Bogotá, D.C.",11001,Femenino,2025,2,Privado,43,Presencial,Directo,matricula,datos_snies_2025.xlsx,83315,2725-110098-11001,Resto del país,POLITECNICO GRANCOLOMBIANO,Politecnico Grancolombiano,True
2745,FUNDACIÓN UNIVERSITARIA COMPENSAR,110692,CIENCIA DE DATOS,"Bogotá, D.C.","Bogotá, D.C.",11001,Masculino,2025,1,Privado,62,Presencial,Directo,matricula,datos_snies_2025.xlsx,84983,2745-110692-11001,Resto del país,FUNDACIÓN UNIVERSITARIA COMPENSAR,Fundación Universitaria Compensar,True
2745,FUNDACIÓN UNIVERSITARIA COMPENSAR,110692,CIENCIA DE DATOS,"Bogotá, D.C.","Bogotá, D.C.",11001,Masculino,2025,2,Privado,64,Presencial,Directo,matricula,datos_snies_2025.xlsx,84984,2745-110692-11001,Resto del país,FUNDACIÓN UNIVERSITARIA COMPENSAR,Fundación Universitaria Compensar,True
2745,FUNDACIÓN UNIVERSITARIA COMPENSAR,110692,CIENCIA DE DATOS,"Bogotá, D.C.","Bogotá, D.C.",11001,Femenino,2025,1,Privado,24,Presencial,Directo,matricula,datos_snies_2025.xlsx,84985,2745-110692-11001,Resto del país,FUNDACIÓN UNIVERSITARIA COMPENSAR,Fundación Universitaria Compensar,True
2745,FUNDACIÓN UNIVERSITARIA COMPENSAR,110692,CIENCIA DE DATOS,"Bogotá, D.C.","Bogotá, D.C.",11001,Femenino,2025,2,Privado,26,Presencial,Directo,matricula,datos_snies_2025.xlsx,84986,2745-110692-11001,Resto del país,FUNDACIÓN UNIVERSITARIA COMPENSAR,Fundación Universitaria Compensar,True
2745,FUNDACIÓN UNIVERSITARIA COMPENSAR,111015,CIENCIA DE DATOS,"Bogotá, D.C.","Bogotá, D.C.",11001,Masculino,2025,1,Privado,148,Virtual,Directo,matricula,datos_snies_2025.xlsx,84995,2745-111015-11001,Resto del país,FUNDACIÓN UNIVERSITARIA COMPENSAR,Fundación Universitaria Compensar,True
2745,FUNDACIÓN UNIVERSITARIA COMPENSAR,111015,CIENCIA DE DATOS,"Bogotá, D.C.","Bogotá, D.C.",11001,Masculino,2025,2,Privado,150,Virtual,Directo,matricula,datos_snies_2025.xlsx,84996,2745-111015-11001,Resto del país,FUNDACIÓN UNIVERSITARIA COMPENSAR,Fundación Universitaria Compensar,True
2745,FUNDACIÓN UNIVERSITARIA COMPENSAR,111015,CIENCIA DE DATOS,"Bogotá, D.C.","Bogotá, D.C.",11001,Femenino,2025,1,Privado,74,Virtual,Directo,matricula,datos_snies_2025.xlsx,84997,2745-111015-11001,Resto del país,FUNDACIÓN UNIVERSITARIA COMPENSAR,Fundación Universitaria Compensar,True
2745,FUNDACIÓN UNIVERSITARIA COMPENSAR,111015,CIENCIA DE DATOS,"Bogotá, D.C.","Bogotá, D.C.",11001,Femenino,2025,2,Privado,79,Virtual,Directo,matricula,datos_snies_2025.xlsx,84998,2745-111015-11001,Resto del país,FUNDACIÓN UNIVERSITARIA COMPENSAR,Fundación Universitaria Compensar,True
2805,UNIVERSIDAD SIMON BOLIVAR,116548,CIENCIA DE DATOS,Atlántico,Barranquilla,8001,Masculino,2025,1,Privado,15,Presencial,Directo,matricula,datos_snies_2025.xlsx,85813,2805-116548-8001,Resto del país,UNIVERSIDAD SIMON BOLIVAR,Universidad Simon Bolivar,True
2805,UNIVERSIDAD SIMON BOLIVAR,116548,CIENCIA DE DATOS,Atlántico,Barranquilla,8001,Masculino,2025,2,Privado,14,Presencial,Directo,matricula,datos_snies_2025.xlsx,85814,2805-116548-8001,Resto del país,UNIVERSIDAD SIMON BOLIVAR,Universidad Simon Bolivar,True
2805,UNIVERSIDAD SIMON BOLIVAR,116548,CIENCIA DE DATOS,Atlántico,Barranquilla,8001,Femenino,2025,1,Privado,7,Presencial,Directo,matricula,datos_snies_2025.xlsx,85815,2805-116548-8001,Resto del país,UNIVERSIDAD SIMON BOLIVAR,Universidad Simon Bolivar,True
2805,UNIVERSIDAD SIMON BOLIVAR,116548,CIENCIA DE DATOS,Atlántico,Barranquilla,8001,Femenino,2025,2,Privado,6,Presencial,Directo,matricula,datos_snies_2025.xlsx,85816,2805-116548-8001,Resto del país,UNIVERSIDAD SIMON BOLIVAR,Universidad Simon Bolivar,True
2811,UNIVERSIDAD ESCUELA COLOMBIANA DE INGENIERIA JULIO GARAVITO,109408,INGENIERÍA ESTADÍSTICA,"Bogotá, D.C.","Bogotá, D.C.",11001,Masculino,2025,1,Privado,46,Presencial,Cercano,matricula,datos_snies_2025.xlsx,86342,2811-109408-11001,Resto del país,UNIVERSIDAD ESCUELA COLOMBIANA DE INGENIERIA JULIO GARAVITO,Universidad Escuela Colombiana De Ingenieria Julio Garavito,True
2811,UNIVERSIDAD ESCUELA COLOMBIANA DE INGENIERIA JULIO GARAVITO,109408,INGENIERÍA ESTADÍSTICA,"Bogotá, D.C.","Bogotá, D.C.",11001,Masculino,2025,2,Privado,46,Presencial,Cercano,matricula,datos_snies_2025.xlsx,86343,2811-109408-11001,Resto del país,UNIVERSIDAD ESCUELA COLOMBIANA DE INGENIERIA JULIO GARAVITO,Universidad Escuela Colombiana De Ingenieria Julio Garavito,True
2811,UNIVERSIDAD ESCUELA COLOMBIANA DE INGENIERIA JULIO GARAVITO,109408,INGENIERÍA ESTADÍSTICA,"Bogotá, D.C.","Bogotá, D.C.",11001,Femenino,2025,1,Privado,25,Presencial,Cercano,matricula,datos_snies_2025.xlsx,86344,2811-109408-11001,Resto del país,UNIVERSIDAD ESCUELA COLOMBIANA DE INGENIERIA JULIO GARAVITO,Universidad Escuela Colombiana De Ingenieria Julio Garavito,True
2811,UNIVERSIDAD ESCUELA COLOMBIANA DE INGENIERIA JULIO GARAVITO,109408,INGENIERÍA ESTADÍSTICA,"Bogotá, D.C.","Bogotá, D.C.",11001,Femenino,2025,2,Privado,29,Presencial,Cercano,matricula,datos_snies_2025.xlsx,86345,2811-109408-11001,Resto del país,UNIVERSIDAD ESCUELA COLOMBIANA DE INGENIERIA JULIO GARAVITO,Universidad Escuela Colombiana De Ingenieria Julio Garavito,True
2812,UNIVERSIDAD EAN,116226,Ingeniería en Ciencia de Datos,"Bogotá, D.C.","Bogotá, D.C.",11001,Masculino,2025,1,Privado,28,Presencial,Directo,matricula,datos_snies_2025.xlsx,86655,2812-116226-11001,Resto del país,UNIVERSIDAD EAN,Universidad Ean,True
2812,UNIVERSIDAD EAN,116226,Ingeniería en Ciencia de Datos,"Bogotá, D.C.","Bogotá, D.C.",11001,Masculino,2025,2,Privado,39,Presencial,Directo,matricula,datos_snies_2025.xlsx,86656,2812-116226-11001,Resto del país,UNIVERSIDAD EAN,Universidad Ean,True
2812,UNIVERSIDAD EAN,116226,Ingeniería en Ciencia de Datos,"Bogotá, D.C.","Bogotá, D.C.",11001,Femenino,2025,1,Privado,12,Presencial,Directo,matricula,datos_snies_2025.xlsx,86657,2812-116226-11001,Resto del país,UNIVERSIDAD EAN,Universidad Ean,True
2812,UNIVERSIDAD EAN,116226,Ingeniería en Ciencia de Datos,"Bogotá, D.C.","Bogotá, D.C.",11001,Femenino,2025,2,Privado,20,Presencial,Directo,matricula,datos_snies_2025.xlsx,86658,2812-116226-11001,Resto del país,UNIVERSIDAD EAN,Universidad Ean,True
2830,CORPORACION UNIVERSITARIA IBEROAMERICANA,110672,INGENIERIA EN CIENCIA DE DATOS,"Bogotá, D.C.","Bogotá, D.C.",11001,Masculino,2025,1,Privado,226,Virtual,Directo,matricula,datos_snies_2025.xlsx,89574,2830-110672-11001,Resto del país,CORPORACION UNIVERSITARIA IBEROAMERICANA,Corporacion Universitaria Iberoamericana,True
2830,CORPORACION UNIVERSITARIA IBEROAMERICANA,110672,INGENIERIA EN CIENCIA DE DATOS,"Bogotá, D.C.","Bogotá, D.C.",11001,Masculino,2025,2,Privado,264,Virtual,Directo,matricula,datos_snies_2025.xlsx,89575,2830-110672-11001,Resto del país,CORPORACION UNIVERSITARIA IBEROAMERICANA,Corporacion Universitaria Iberoamericana,True
2830,CORPORACION UNIVERSITARIA IBEROAMERICANA,110672,INGENIERIA EN CIENCIA DE DATOS,"Bogotá, D.C.","Bogotá, D.C.",11001,Femenino,2025,1,Privado,110,Virtual,Directo,matricula,datos_snies_2025.xlsx,89576,2830-110672-11001,Resto del país,CORPORACION UNIVERSITARIA IBEROAMERICANA,Corporacion Universitaria Iberoamericana,True
2830,CORPORACION UNIVERSITARIA IBEROAMERICANA,110672,INGENIERIA EN CIENCIA DE DATOS,"Bogotá, D.C.","Bogotá, D.C.",11001,Femenino,2025,2,Privado,118,Virtual,Directo,matricula,datos_snies_2025.xlsx,89577,2830-110672-11001,Resto del país,CORPORACION UNIVERSITARIA IBEROAMERICANA,Corporacion Universitaria Iberoamericana,True
2832,UNIVERSIDAD DE SANTANDER - UDES,116912,Ingeniería en Ciencias de la Computación e Inteligencia Artificial,Santander,Bucaramanga,68001,Masculino,2025,1,Privado,9,Presencial,Cercano,matricula,datos_snies_2025.xlsx,89963,2832-116912-68001,Resto del país,UNIVERSIDAD DE SANTANDER - UDES,Universidad De Santander - Udes,True
2832,UNIVERSIDAD DE SANTANDER - UDES,116912,Ingeniería en Ciencias de la Computación e Inteligencia Artificial,Santander,Bucaramanga,68001,Masculino,2025,2,Privado,28,Presencial,Cercano,matricula,datos_snies_2025.xlsx,89964,2832-116912-68001,Resto del país,UNIVERSIDAD DE SANTANDER - UDES,Universidad De Santander - Udes,True
2832,UNIVERSIDAD DE SANTANDER - UDES,116912,Ingeniería en Ciencias de la Computación e Inteligencia Artificial,Santander,Bucaramanga,68001,Femenino,2025,1,Privado,1,Presencial,Cercano,matricula,datos_snies_2025.xlsx,89965,2832-116912-68001,Resto del país,UNIVERSIDAD DE SANTANDER - UDES,Universidad De Santander - Udes,True
2832,UNIVERSIDAD DE SANTANDER - UDES,116912,Ingeniería en Ciencias de la Computación e Inteligencia Artificial,Santander,Bucaramanga,68001,Femenino,2025,2,Privado,3,Presencial,Cercano,matricula,datos_snies_2025.xlsx,89966,2832-116912-68001,Resto del país,UNIVERSIDAD DE SANTANDER - UDES,Universidad De Santander - Udes,True
3117,INSTITUCIÓN UNIVERSITARIA DE BARRANQUILLA - IUB,117570,Estadística,Atlántico,Barranquilla,8001,Masculino,2025,1,Oficial,10,Presencial,Cercano,matricula,datos_snies_2025.xlsx,92950,3117-117570-8001,Resto del país,INSTITUCIÓN UNIVERSITARIA DE BARRANQUILLA - IUB,Institución Universitaria De Barranquilla - Iub,True
3117,INSTITUCIÓN UNIVERSITARIA DE BARRANQUILLA - IUB,117570,Estadística,Atlántico,Barranquilla,8001,Masculino,2025,2,Oficial,18,Presencial,Cercano,matricula,datos_snies_2025.xlsx,92951,3117-117570-8001,Resto del país,INSTITUCIÓN UNIVERSITARIA DE BARRANQUILLA - IUB,Institución Universitaria De Barranquilla - Iub,True
3117,INSTITUCIÓN UNIVERSITARIA DE BARRANQUILLA - IUB,117570,Estadística,Atlántico,Barranquilla,8001,Femenino,2025,1,Oficial,12,Presencial,Cercano,matricula,datos_snies_2025.xlsx,92952,3117-117570-8001,Resto del país,INSTITUCIÓN UNIVERSITARIA DE BARRANQUILLA - IUB,Institución Universitaria De Barranquilla - Iub,True
3117,INSTITUCIÓN UNIVERSITARIA DE BARRANQUILLA - IUB,117570,Estadística,Atlántico,Barranquilla,8001,Femenino,2025,2,Oficial,22,Presencial,Cercano,matricula,datos_snies_2025.xlsx,92953,3117-117570-8001,Resto del país,INSTITUCIÓN UNIVERSITARIA DE BARRANQUILLA - IUB,Institución Universitaria De Barranquilla - Iub,True
3117,INSTITUCIÓN UNIVERSITARIA DE BARRANQUILLA - IUB,117570,Estadística,Atlántico,Soledad,8758,Masculino,2025,1,Oficial,14,Presencial,Cercano,matricula,datos_snies_2025.xlsx,92954,3117-117570-8758,Resto del país,INSTITUCIÓN UNIVERSITARIA DE BARRANQUILLA - IUB,Institución Universitaria De Barranquilla - Iub,True
3117,INSTITUCIÓN UNIVERSITARIA DE BARRANQUILLA - IUB,117570,Estadística,Atlántico,Soledad,8758,Masculino,2025,2,Oficial,7,Presencial,Cercano,matricula,datos_snies_2025.xlsx,92955,3117-117570-8758,Resto del país,INSTITUCIÓN UNIVERSITARIA DE BARRANQUILLA - IUB,Institución Universitaria De Barranquilla - Iub,True
3117,INSTITUCIÓN UNIVERSITARIA DE BARRANQUILLA - IUB,117570,Estadística,Atlántico,Soledad,8758,Femenino,2025,1,Oficial,11,Presencial,Cercano,matricula,datos_snies_2025.xlsx,92956,3117-117570-8758,Resto del país,INSTITUCIÓN UNIVERSITARIA DE BARRANQUILLA - IUB,Institución Universitaria De Barranquilla - Iub,True
3117,INSTITUCIÓN UNIVERSITARIA DE BARRANQUILLA - IUB,117570,Estadística,Atlántico,Soledad,8758,Femenino,2025,2,Oficial,6,Presencial,Cercano,matricula,datos_snies_2025.xlsx,92957,3117-117570-8758,Resto del país,INSTITUCIÓN UNIVERSITARIA DE BARRANQUILLA - IUB,Institución Universitaria De Barranquilla - Iub,True
3302,INSTITUCION UNIVERSITARIA - ITM,116314,Ingeniería en Ciencia de Datos,Antioquia,Medellín,5001,Masculino,2025,1,Oficial,228,Presencial,Directo,matricula,datos_snies_2025.xlsx,93780,3302-116314-5001,Resto del país,INSTITUCION UNIVERSITARIA - ITM,Institucion Universitaria - Itm,True
3302,INSTITUCION UNIVERSITARIA - ITM,116314,Ingeniería en Ciencia de Datos,Antioquia,Medellín,5001,Masculino,2025,2,Oficial,299,Presencial,Directo,matricula,datos_snies_2025.xlsx,93781,3302-116314-5001,Resto del país,INSTITUCION UNIVERSITARIA - ITM,Institucion Universitaria - Itm,True
3302,INSTITUCION UNIVERSITARIA - ITM,116314,Ingeniería en Ciencia de Datos,Antioquia,Medellín,5001,Femenino,2025,1,Oficial,88,Presencial,Directo,matricula,datos_snies_2025.xlsx,93782,3302-116314-5001,Resto del país,INSTITUCION UNIVERSITARIA - ITM,Institucion Universitaria - Itm,True
3302,INSTITUCION UNIVERSITARIA - ITM,116314,Ingeniería en Ciencia de Datos,Antioquia,Medellín,5001,Femenino,2025,2,Oficial,128,Presencial,Directo,matricula,datos_snies_2025.xlsx,93783,3302-116314-5001,Resto del país,INSTITUCION UNIVERSITARIA - ITM,Institucion Universitaria - Itm,True
5802,UNIVERSIDAD ECCI,103713,ESTADÍSTICA,"Bogotá, D.C.","Bogotá, D.C.",11001,Masculino,2025,1,Privado,37,Presencial,Cercano,matricula,datos_snies_2025.xlsx,98215,5802-103713-11001,Resto del país,UNIVERSIDAD ECCI,Universidad Ecci,True
5802,UNIVERSIDAD ECCI,103713,ESTADÍSTICA,"Bogotá, D.C.","Bogotá, D.C.",11001,Masculino,2025,2,Privado,1,Presencial,Cercano,matricula,datos_snies_2025.xlsx,98216,5802-103713-11001,Resto del país,UNIVERSIDAD ECCI,Universidad Ecci,True
5802,UNIVERSIDAD ECCI,103713,ESTADÍSTICA,"Bogotá, D.C.","Bogotá, D.C.",11001,Femenino,2025,1,Privado,12,Presencial,Cercano,matricula,datos_snies_2025.xlsx,98217,5802-103713-11001,Resto del país,UNIVERSIDAD ECCI,Universidad Ecci,True
5802,UNIVERSIDAD ECCI,116523,Estadística,"Bogotá, D.C.","Bogotá, D.C.",11001,Masculino,2025,1,Privado,6,Presencial,Cercano,matricula,datos_snies_2025.xlsx,98359,5802-116523-11001,Resto del país,UNIVERSIDAD ECCI,Universidad Ecci,True
5802,UNIVERSIDAD ECCI,116523,Estadística,"Bogotá, D.C.","Bogotá, D.C.",11001,Masculino,2025,2,Privado,37,Presencial,Cercano,matricula,datos_snies_2025.xlsx,98360,5802-116523-11001,Resto del país,UNIVERSIDAD ECCI,Universidad Ecci,True
5802,UNIVERSIDAD ECCI,116523,Estadística,"Bogotá, D.C.","Bogotá, D.C.",11001,Femenino,2025,1,Privado,3,Presencial,Cercano,matricula,datos_snies_2025.xlsx,98361,5802-116523-11001,Resto del país,UNIVERSIDAD ECCI,Universidad Ecci,True
5802,UNIVERSIDAD ECCI,116523,Estadística,"Bogotá, D.C.","Bogotá, D.C.",11001,Femenino,2025,2,Privado,15,Presencial,Cercano,matricula,datos_snies_2025.xlsx,98362,5802-116523-11001,Resto del país,UNIVERSIDAD ECCI,Universidad Ecci,True
9129,FUNDACION UNIVERSITARIA CAFAM -UNICAFAM,116136,Ciencia de Datos,"Bogotá, D.C.","Bogotá, D.C.",11001,Masculino,2025,1,Privado,41,Presencial,Directo,matricula,datos_snies_2025.xlsx,106383,9129-116136-11001,Resto del país,FUNDACION UNIVERSITARIA CAFAM -UNICAFAM,Fundacion Universitaria Cafam -Unicafam,True
9129,FUNDACION UNIVERSITARIA CAFAM -UNICAFAM,116136,Ciencia de Datos,"Bogotá, D.C.","Bogotá, D.C.",11001,Masculino,2025,2,Privado,68,Presencial,Directo,matricula,datos_snies_2025.xlsx,106384,9129-116136-11001,Resto del país,FUNDACION UNIVERSITARIA CAFAM -UNICAFAM,Fundacion Universitaria Cafam -Unicafam,True
9129,FUNDACION UNIVERSITARIA CAFAM -UNICAFAM,116136,Ciencia de Datos,"Bogotá, D.C.","Bogotá, D.C.",11001,Femenino,2025,1,Privado,22,Presencial,Directo,matricula,datos_snies_2025.xlsx,106385,9129-116136-11001,Resto del país,FUNDACION UNIVERSITARIA CAFAM -UNICAFAM,Fundacion Universitaria Cafam -Unicafam,True
9129,FUNDACION UNIVERSITARIA CAFAM -UNICAFAM,116136,Ciencia de Datos,"Bogotá, D.C.","Bogotá, D.C.",11001,Femenino,2025,2,Privado,33,Presencial,Directo,matricula,datos_snies_2025.xlsx,106386,9129-116136-11001,Resto del país,FUNDACION UNIVERSITARIA CAFAM -UNICAFAM,Fundacion Universitaria Cafam -Unicafam,True
9914,"ESEIT - ESCUELA SUPERIOR DE EMPRESA, INGENIERÍA Y TECNOLOGÍA",118129,Ingeniería de Datos e Inteligencia Artificial,"Bogotá, D.C.","Bogotá, D.C.",11001,Masculino,2025,2,Privado,36,Virtual,Directo,matricula,datos_snies_2025.xlsx,107039,9914-118129-11001,Resto del país,"ESEIT - ESCUELA SUPERIOR DE EMPRESA, INGENIERÍA Y TECNOLOGÍA","Eseit - Escuela Superior De Empresa, Ingeniería Y Tecnología",False
9914,"ESEIT - ESCUELA SUPERIOR DE EMPRESA, INGENIERÍA Y TECNOLOGÍA",118129,Ingeniería de Datos e Inteligencia Artificial,"Bogotá, D.C.","Bogotá, D.C.",11001,Femenino,2025,2,Privado,8,Virtual,Directo,matricula,datos_snies_2025.xlsx,107040,9914-118129-11001,Resto del país,"ESEIT - ESCUELA SUPERIOR DE EMPRESA, INGENIERÍA Y TECNOLOGÍA","Eseit - Escuela Superior De Empresa, Ingeniería Y Tecnología",False
9933,UNIVERSIDAD NACIONAL DE COLOMBIA,108082,ESTADÍSTICA,Cesar,La Paz,20621,Masculino,2025,1,Oficial,117,Presencial,Cercano,matricula,datos_snies_2025.xlsx,108259,9933-108082-20621,Resto del país,UNIVERSIDAD NACIONAL DE COLOMBIA,Universidad Nacional De Colombia,True
9933,UNIVERSIDAD NACIONAL DE COLOMBIA,108082,ESTADÍSTICA,Cesar,La Paz,20621,Masculino,2025,2,Oficial,108,Presencial,Cercano,matricula,datos_snies_2025.xlsx,108260,9933-108082-20621,Resto del país,UNIVERSIDAD NACIONAL DE COLOMBIA,Universidad Nacional De Colombia,True
9933,UNIVERSIDAD NACIONAL DE COLOMBIA,108082,ESTADÍSTICA,Cesar,La Paz,20621,Femenino,2025,1,Oficial,50,Presencial,Cercano,matricula,datos_snies_2025.xlsx,108261,9933-108082-20621,Resto del país,UNIVERSIDAD NACIONAL DE COLOMBIA,Universidad Nacional De Colombia,True
9933,UNIVERSIDAD NACIONAL DE COLOMBIA,108082,ESTADÍSTICA,Cesar,La Paz,20621,Femenino,2025,2,Oficial,43,Presencial,Cercano,matricula,datos_snies_2025.xlsx,108262,9933-108082-20621,Resto del país,UNIVERSIDAD NACIONAL DE COLOMBIA,Universidad Nacional De Colombia,True
1101,UNIVERSIDAD NACIONAL DE COLOMBIA,32,ESTADISTICA,"Bogotá, D.C.","Bogotá, D.C.",11001,Hombre,2021,1,OFICIAL,36,Presencial,Cercano,ingreso,snies_primer_curso_2021.xlsx,116,1101-32-11001,Benchmark nacional,Universidad Nacional de Colombia - Bogotá,UNAL Bogotá,True
1101,UNIVERSIDAD NACIONAL DE COLOMBIA,32,ESTADISTICA,"Bogotá, D.C.","Bogotá, D.C.",11001,Hombre,2021,2,OFICIAL,33,Presencial,Cercano,ingreso,snies_primer_curso_2021.xlsx,117,1101-32-11001,Benchmark nacional,Universidad Nacional de Colombia - Bogotá,UNAL Bogotá,True
1101,UNIVERSIDAD NACIONAL DE COLOMBIA,32,ESTADISTICA,"Bogotá, D.C.","Bogotá, D.C.",11001,Mujer,2021,1,OFICIAL,14,Presencial,Cercano,ingreso,snies_primer_curso_2021.xlsx,118,1101-32-11001,Benchmark nacional,Universidad Nacional de Colombia - Bogotá,UNAL Bogotá,True
1101,UNIVERSIDAD NACIONAL DE COLOMBIA,32,ESTADISTICA,"Bogotá, D.C.","Bogotá, D.C.",11001,Mujer,2021,2,OFICIAL,13,Presencial,Cercano,ingreso,snies_primer_curso_2021.xlsx,119,1101-32-11001,Benchmark nacional,Universidad Nacional de Colombia - Bogotá,UNAL Bogotá,True
1101,UNIVERSIDAD NACIONAL DE COLOMBIA,106341,CIENCIAS DE LA COMPUTACIÓN,"Bogotá, D.C.","Bogotá, D.C.",11001,Hombre,2021,1,OFICIAL,23,Presencial,Cercano,ingreso,snies_primer_curso_2021.xlsx,652,1101-106341-11001,Benchmark nacional,Universidad Nacional de Colombia - Bogotá,UNAL Bogotá,True
1101,UNIVERSIDAD NACIONAL DE COLOMBIA,106341,CIENCIAS DE LA COMPUTACIÓN,"Bogotá, D.C.","Bogotá, D.C.",11001,Hombre,2021,2,OFICIAL,30,Presencial,Cercano,ingreso,snies_primer_curso_2021.xlsx,653,1101-106341-11001,Benchmark nacional,Universidad Nacional de Colombia - Bogotá,UNAL Bogotá,True
1101,UNIVERSIDAD NACIONAL DE COLOMBIA,106341,CIENCIAS DE LA COMPUTACIÓN,"Bogotá, D.C.","Bogotá, D.C.",11001,Mujer,2021,1,OFICIAL,3,Presencial,Cercano,ingreso,snies_primer_curso_2021.xlsx,654,1101-106341-11001,Benchmark nacional,Universidad Nacional de Colombia - Bogotá,UNAL Bogotá,True
1101,UNIVERSIDAD NACIONAL DE COLOMBIA,106341,CIENCIAS DE LA COMPUTACIÓN,"Bogotá, D.C.","Bogotá, D.C.",11001,Mujer,2021,2,OFICIAL,4,Presencial,Cercano,ingreso,snies_primer_curso_2021.xlsx,655,1101-106341-11001,Benchmark nacional,Universidad Nacional de Colombia - Bogotá,UNAL Bogotá,True
1102,UNIVERSIDAD NACIONAL DE COLOMBIA,16920,ESTADISTICA,Antioquia,Medellín,5001,Hombre,2021,1,OFICIAL,31,Presencial,Cercano,ingreso,snies_primer_curso_2021.xlsx,815,1102-16920-5001,G8 Medellín,Universidad Nacional de Colombia - Medellín,UNAL Medellín,True
1102,UNIVERSIDAD NACIONAL DE COLOMBIA,16920,ESTADISTICA,Antioquia,Medellín,5001,Hombre,2021,2,OFICIAL,28,Presencial,Cercano,ingreso,snies_primer_curso_2021.xlsx,816,1102-16920-5001,G8 Medellín,Universidad Nacional de Colombia - Medellín,UNAL Medellín,True
1102,UNIVERSIDAD NACIONAL DE COLOMBIA,16920,ESTADISTICA,Antioquia,Medellín,5001,Mujer,2021,1,OFICIAL,29,Presencial,Cercano,ingreso,snies_primer_curso_2021.xlsx,817,1102-16920-5001,G8 Medellín,Universidad Nacional de Colombia - Medellín,UNAL Medellín,True
1102,UNIVERSIDAD NACIONAL DE COLOMBIA,16920,ESTADISTICA,Antioquia,Medellín,5001,Mujer,2021,2,OFICIAL,26,Presencial,Cercano,ingreso,snies_primer_curso_2021.xlsx,818,1102-16920-5001,G8 Medellín,Universidad Nacional de Colombia - Medellín,UNAL Medellín,True
1102,UNIVERSIDAD NACIONAL DE COLOMBIA,107447,CIENCIAS DE LA COMPUTACIÓN,Antioquia,Medellín,5001,Hombre,2021,1,OFICIAL,28,Presencial,Cercano,ingreso,snies_primer_curso_2021.xlsx,1013,1102-107447-5001,G8 Medellín,Universidad Nacional de Colombia - Medellín,UNAL Medellín,True
1102,UNIVERSIDAD NACIONAL DE COLOMBIA,107447,CIENCIAS DE LA COMPUTACIÓN,Antioquia,Medellín,5001,Hombre,2021,2,OFICIAL,27,Presencial,Cercano,ingreso,snies_primer_curso_2021.xlsx,1014,1102-107447-5001,G8 Medellín,Universidad Nacional de Colombia - Medellín,UNAL Medellín,True
1102,UNIVERSIDAD NACIONAL DE COLOMBIA,107447,CIENCIAS DE LA COMPUTACIÓN,Antioquia,Medellín,5001,Mujer,2021,1,OFICIAL,1,Presencial,Cercano,ingreso,snies_primer_curso_2021.xlsx,1015,1102-107447-5001,G8 Medellín,Universidad Nacional de Colombia - Medellín,UNAL Medellín,True
1102,UNIVERSIDAD NACIONAL DE COLOMBIA,107447,CIENCIAS DE LA COMPUTACIÓN,Antioquia,Medellín,5001,Mujer,2021,2,OFICIAL,10,Presencial,Cercano,ingreso,snies_primer_curso_2021.xlsx,1016,1102-107447-5001,G8 Medellín,Universidad Nacional de Colombia - Medellín,UNAL Medellín,True
1113,UNIVERSIDAD DE CORDOBA,103514,ESTADÍSTICA,Córdoba,Montería,23001,Hombre,2021,1,OFICIAL,26,Presencial,Cercano,ingreso,snies_primer_curso_2021.xlsx,2786,1113-103514-23001,Resto del país,UNIVERSIDAD DE CORDOBA,Universidad De Cordoba,True
1113,UNIVERSIDAD DE CORDOBA,103514,ESTADÍSTICA,Córdoba,Montería,23001,Hombre,2021,2,OFICIAL,24,Presencial,Cercano,ingreso,snies_primer_curso_2021.xlsx,2787,1113-103514-23001,Resto del país,UNIVERSIDAD DE CORDOBA,Universidad De Cordoba,True
1113,UNIVERSIDAD DE CORDOBA,103514,ESTADÍSTICA,Córdoba,Montería,23001,Mujer,2021,1,OFICIAL,13,Presencial,Cercano,ingreso,snies_primer_curso_2021.xlsx,2788,1113-103514-23001,Resto del país,UNIVERSIDAD DE CORDOBA,Universidad De Cordoba,True
1113,UNIVERSIDAD DE CORDOBA,103514,ESTADÍSTICA,Córdoba,Montería,23001,Mujer,2021,2,OFICIAL,20,Presencial,Cercano,ingreso,snies_primer_curso_2021.xlsx,2789,1113-103514-23001,Resto del país,UNIVERSIDAD DE CORDOBA,Universidad De Cordoba,True
1201,UNIVERSIDAD DE ANTIOQUIA,101571,ESTADÍSTICA,Antioquia,Medellín,5001,Hombre,2021,1,OFICIAL,19,Presencial,Cercano,ingreso,snies_primer_curso_2021.xlsx,4370,1201-101571-5001,G8 Medellín,Universidad de Antioquia (UdeA),UdeA,True
1201,UNIVERSIDAD DE ANTIOQUIA,101571,ESTADÍSTICA,Antioquia,Medellín,5001,Hombre,2021,2,OFICIAL,14,Presencial,Cercano,ingreso,snies_primer_curso_2021.xlsx,4371,1201-101571-5001,G8 Medellín,Universidad de Antioquia (UdeA),UdeA,True
1201,UNIVERSIDAD DE ANTIOQUIA,101571,ESTADÍSTICA,Antioquia,Medellín,5001,Mujer,2021,1,OFICIAL,7,Presencial,Cercano,ingreso,snies_primer_curso_2021.xlsx,4372,1201-101571-5001,G8 Medellín,Universidad de Antioquia (UdeA),UdeA,True
1201,UNIVERSIDAD DE ANTIOQUIA,101571,ESTADÍSTICA,Antioquia,Medellín,5001,Mujer,2021,2,OFICIAL,6,Presencial,Cercano,ingreso,snies_primer_curso_2021.xlsx,4373,1201-101571-5001,G8 Medellín,Universidad de Antioquia (UdeA),UdeA,True
1203,UNIVERSIDAD DEL VALLE,593,ESTADISTICA,Valle Del Cauca,Cali,76001,Hombre,2021,1,OFICIAL,30,Presencial,Cercano,ingreso,snies_primer_curso_2021.xlsx,4804,1203-593-76001,Resto del país,UNIVERSIDAD DEL VALLE,Universidad Del Valle,True
1203,UNIVERSIDAD DEL VALLE,593,ESTADISTICA,Valle Del Cauca,Cali,76001,Hombre,2021,2,OFICIAL,1,Presencial,Cercano,ingreso,snies_primer_curso_2021.xlsx,4805,1203-593-76001,Resto del país,UNIVERSIDAD DEL VALLE,Universidad Del Valle,True
1203,UNIVERSIDAD DEL VALLE,593,ESTADISTICA,Valle Del Cauca,Cali,76001,Mujer,2021,1,OFICIAL,21,Presencial,Cercano,ingreso,snies_primer_curso_2021.xlsx,4806,1203-593-76001,Resto del país,UNIVERSIDAD DEL VALLE,Universidad Del Valle,True
1203,UNIVERSIDAD DEL VALLE,593,ESTADISTICA,Valle Del Cauca,Cali,76001,Mujer,2021,2,OFICIAL,1,Presencial,Cercano,ingreso,snies_primer_curso_2021.xlsx,4807,1203-593-76001,Resto del país,UNIVERSIDAD DEL VALLE,Universidad Del Valle,True
1207,UNIVERSIDAD DEL TOLIMA,3345,MATEMATICAS CON ENFASIS EN ESTADISTICA,Tolima,Ibagué,73001,Hombre,2021,1,OFICIAL,24,Presencial,Cercano,ingreso,snies_primer_curso_2021.xlsx,6326,1207-3345-73001,Resto del país,UNIVERSIDAD DEL TOLIMA,Universidad Del Tolima,True
1207,UNIVERSIDAD DEL TOLIMA,3345,MATEMATICAS CON ENFASIS EN ESTADISTICA,Tolima,Ibagué,73001,Hombre,2021,2,OFICIAL,11,Presencial,Cercano,ingreso,snies_primer_curso_2021.xlsx,6327,1207-3345-73001,Resto del país,UNIVERSIDAD DEL TOLIMA,Universidad Del Tolima,True
1207,UNIVERSIDAD DEL TOLIMA,3345,MATEMATICAS CON ENFASIS EN ESTADISTICA,Tolima,Ibagué,73001,Mujer,2021,1,OFICIAL,18,Presencial,Cercano,ingreso,snies_primer_curso_2021.xlsx,6328,1207-3345-73001,Resto del país,UNIVERSIDAD DEL TOLIMA,Universidad Del Tolima,True
1207,UNIVERSIDAD DEL TOLIMA,3345,MATEMATICAS CON ENFASIS EN ESTADISTICA,Tolima,Ibagué,73001,Mujer,2021,2,OFICIAL,6,Presencial,Cercano,ingreso,snies_primer_curso_2021.xlsx,6329,1207-3345-73001,Resto del país,UNIVERSIDAD DEL TOLIMA,Universidad Del Tolima,True
1701,PONTIFICIA UNIVERSIDAD JAVERIANA,108890,CIENCIA DE DATOS,"Bogotá, D.C.","Bogotá, D.C.",11001,Hombre,2021,1,PRIVADA,21,Presencial,Directo,ingreso,snies_primer_curso_2021.xlsx,9018,1701-108890-11001,Benchmark nacional,Pontificia Universidad Javeriana,Javeriana,True
1701,PONTIFICIA UNIVERSIDAD JAVERIANA,108890,CIENCIA DE DATOS,"Bogotá, D.C.","Bogotá, D.C.",11001,Hombre,2021,2,PRIVADA,19,Presencial,Directo,ingreso,snies_primer_curso_2021.xlsx,9019,1701-108890-11001,Benchmark nacional,Pontificia Universidad Javeriana,Javeriana,True
1701,PONTIFICIA UNIVERSIDAD JAVERIANA,108890,CIENCIA DE DATOS,"Bogotá, D.C.","Bogotá, D.C.",11001,Mujer,2021,1,PRIVADA,10,Presencial,Directo,ingreso,snies_primer_curso_2021.xlsx,9020,1701-108890-11001,Benchmark nacional,Pontificia Universidad Javeriana,Javeriana,True
1701,PONTIFICIA UNIVERSIDAD JAVERIANA,108890,CIENCIA DE DATOS,"Bogotá, D.C.","Bogotá, D.C.",11001,Mujer,2021,2,PRIVADA,8,Presencial,Directo,ingreso,snies_primer_curso_2021.xlsx,9021,1701-108890-11001,Benchmark nacional,Pontificia Universidad Javeriana,Javeriana,True
1704,UNIVERSIDAD SANTO TOMAS,52000,ESTADÍSTICA,"Bogotá, D.C.","Bogotá, D.C.",11001,Hombre,2021,1,PRIVADA,15,Presencial,Cercano,ingreso,snies_primer_curso_2021.xlsx,9700,1704-52000-11001,Resto del país,UNIVERSIDAD SANTO TOMAS,Universidad Santo Tomas,True
1704,UNIVERSIDAD SANTO TOMAS,52000,ESTADÍSTICA,"Bogotá, D.C.","Bogotá, D.C.",11001,Hombre,2021,2,PRIVADA,14,Presencial,Cercano,ingreso,snies_primer_curso_2021.xlsx,9701,1704-52000-11001,Resto del país,UNIVERSIDAD SANTO TOMAS,Universidad Santo Tomas,True
1704,UNIVERSIDAD SANTO TOMAS,52000,ESTADÍSTICA,"Bogotá, D.C.","Bogotá, D.C.",11001,Mujer,2021,1,PRIVADA,17,Presencial,Cercano,ingreso,snies_primer_curso_2021.xlsx,9702,1704-52000-11001,Resto del país,UNIVERSIDAD SANTO TOMAS,Universidad Santo Tomas,True
1704,UNIVERSIDAD SANTO TOMAS,52000,ESTADÍSTICA,"Bogotá, D.C.","Bogotá, D.C.",11001,Mujer,2021,2,PRIVADA,10,Presencial,Cercano,ingreso,snies_primer_curso_2021.xlsx,9703,1704-52000-11001,Resto del país,UNIVERSIDAD SANTO TOMAS,Universidad Santo Tomas,True
1710,UNIVERSIDAD PONTIFICIA BOLIVARIANA,108578,INGENIERÍA EN CIENCIA DE DATOS,Antioquia,Medellín,5001,Hombre,2021,1,PRIVADA,19,Presencial,Directo,ingreso,snies_primer_curso_2021.xlsx,11863,1710-108578-5001,G8 Medellín,Universidad Pontificia Bolivariana (UPB),UPB Medellín,True
1710,UNIVERSIDAD PONTIFICIA BOLIVARIANA,108578,INGENIERÍA EN CIENCIA DE DATOS,Antioquia,Medellín,5001,Hombre,2021,2,PRIVADA,7,Presencial,Directo,ingreso,snies_primer_curso_2021.xlsx,11864,1710-108578-5001,G8 Medellín,Universidad Pontificia Bolivariana (UPB),UPB Medellín,True
1710,UNIVERSIDAD PONTIFICIA BOLIVARIANA,108578,INGENIERÍA EN CIENCIA DE DATOS,Antioquia,Medellín,5001,Mujer,2021,1,PRIVADA,6,Presencial,Directo,ingreso,snies_primer_curso_2021.xlsx,11865,1710-108578-5001,G8 Medellín,Universidad Pontificia Bolivariana (UPB),UPB Medellín,True
1710,UNIVERSIDAD PONTIFICIA BOLIVARIANA,108578,INGENIERÍA EN CIENCIA DE DATOS,Antioquia,Medellín,5001,Mujer,2021,2,PRIVADA,5,Presencial,Directo,ingreso,snies_primer_curso_2021.xlsx,11866,1710-108578-5001,G8 Medellín,Universidad Pontificia Bolivariana (UPB),UPB Medellín,True
1712,UNIVERSIDAD EAFIT-,11498,INGENIERIA MATEMATICA,Antioquia,Medellín,5001,Hombre,2021,1,PRIVADA,15,Presencial,Cercano,ingreso,snies_primer_curso_2021.xlsx,12354,1712-11498-5001,G8 Medellín,Universidad EAFIT,EAFIT,True
1712,UNIVERSIDAD EAFIT-,11498,INGENIERIA MATEMATICA,Antioquia,Medellín,5001,Hombre,2021,2,PRIVADA,9,Presencial,Cercano,ingreso,snies_primer_curso_2021.xlsx,12355,1712-11498-5001,G8 Medellín,Universidad EAFIT,EAFIT,True
1712,UNIVERSIDAD EAFIT-,11498,INGENIERIA MATEMATICA,Antioquia,Medellín,5001,Mujer,2021,1,PRIVADA,10,Presencial,Cercano,ingreso,snies_primer_curso_2021.xlsx,12356,1712-11498-5001,G8 Medellín,Universidad EAFIT,EAFIT,True
1712,UNIVERSIDAD EAFIT-,11498,INGENIERIA MATEMATICA,Antioquia,Medellín,5001,Mujer,2021,2,PRIVADA,2,Presencial,Cercano,ingreso,snies_primer_curso_2021.xlsx,12357,1712-11498-5001,G8 Medellín,Universidad EAFIT,EAFIT,True
1713,UNIVERSIDAD DEL NORTE,110172,CIENCIA DE DATOS,Atlántico,Barranquilla,8001,Hombre,2021,2,PRIVADA,7,Presencial,Directo,ingreso,snies_primer_curso_2021.xlsx,13001,1713-110172-8001,Benchmark nacional,Universidad del Norte,Uninorte,True
1713,UNIVERSIDAD DEL NORTE,110172,CIENCIA DE DATOS,Atlántico,Barranquilla,8001,Mujer,2021,2,PRIVADA,3,Presencial,Directo,ingreso,snies_primer_curso_2021.xlsx,13002,1713-110172-8001,Benchmark nacional,Universidad del Norte,Uninorte,True
1714,COLEGIO MAYOR DE NUESTRA SEÑORA DEL ROSARIO,105653,MATEMÁTICAS APLICADAS Y CIENCIAS DE LA COMPUTACIÓN,"Bogotá, D.C.","Bogotá, D.C.",11001,Hombre,2021,1,PRIVADA,28,Presencial,Cercano,ingreso,snies_primer_curso_2021.xlsx,13322,1714-105653-11001,Benchmark nacional,Universidad del Rosario,Rosario,True
1714,COLEGIO MAYOR DE NUESTRA SEÑORA DEL ROSARIO,105653,MATEMÁTICAS APLICADAS Y CIENCIAS DE LA COMPUTACIÓN,"Bogotá, D.C.","Bogotá, D.C.",11001,Hombre,2021,2,PRIVADA,24,Presencial,Cercano,ingreso,snies_primer_curso_2021.xlsx,13323,1714-105653-11001,Benchmark nacional,Universidad del Rosario,Rosario,True
1714,COLEGIO MAYOR DE NUESTRA SEÑORA DEL ROSARIO,105653,MATEMÁTICAS APLICADAS Y CIENCIAS DE LA COMPUTACIÓN,"Bogotá, D.C.","Bogotá, D.C.",11001,Mujer,2021,1,PRIVADA,18,Presencial,Cercano,ingreso,snies_primer_curso_2021.xlsx,13324,1714-105653-11001,Benchmark nacional,Universidad del Rosario,Rosario,True
1714,COLEGIO MAYOR DE NUESTRA SEÑORA DEL ROSARIO,105653,MATEMÁTICAS APLICADAS Y CIENCIAS DE LA COMPUTACIÓN,"Bogotá, D.C.","Bogotá, D.C.",11001,Mujer,2021,2,PRIVADA,11,Presencial,Cercano,ingreso,snies_primer_curso_2021.xlsx,13325,1714-105653-11001,Benchmark nacional,Universidad del Rosario,Rosario,True
1715,FUNDACION UNIVERSIDAD DE AMERICA,107649,ESTADISTICA Y CIENCIAS ACTUARIALES,"Bogotá, D.C.","Bogotá, D.C.",11001,Hombre,2021,1,PRIVADA,7,Presencial,Cercano,ingreso,snies_primer_curso_2021.xlsx,13516,1715-107649-11001,Resto del país,FUNDACION UNIVERSIDAD DE AMERICA,Fundacion Universidad De America,True
1715,FUNDACION UNIVERSIDAD DE AMERICA,107649,ESTADISTICA Y CIENCIAS ACTUARIALES,"Bogotá, D.C.","Bogotá, D.C.",11001,Hombre,2021,2,PRIVADA,1,Presencial,Cercano,ingreso,snies_primer_curso_2021.xlsx,13517,1715-107649-11001,Resto del país,FUNDACION UNIVERSIDAD DE AMERICA,Fundacion Universidad De America,True
1715,FUNDACION UNIVERSIDAD DE AMERICA,107649,ESTADISTICA Y CIENCIAS ACTUARIALES,"Bogotá, D.C.","Bogotá, D.C.",11001,Mujer,2021,1,PRIVADA,1,Presencial,Cercano,ingreso,snies_primer_curso_2021.xlsx,13518,1715-107649-11001,Resto del país,FUNDACION UNIVERSIDAD DE AMERICA,Fundacion Universidad De America,True
1715,FUNDACION UNIVERSIDAD DE AMERICA,107649,ESTADISTICA Y CIENCIAS ACTUARIALES,"Bogotá, D.C.","Bogotá, D.C.",11001,Mujer,2021,2,PRIVADA,1,Presencial,Cercano,ingreso,snies_primer_curso_2021.xlsx,13519,1715-107649-11001,Resto del país,FUNDACION UNIVERSIDAD DE AMERICA,Fundacion Universidad De America,True
1728,UNIVERSIDAD SERGIO ARBOLEDA,7773,CIENCIAS DE LA COMPUTACIÓN E INTELIGENCIA ARTIFICIAL,"Bogotá, D.C.","Bogotá, D.C.",11001,Hombre,2021,1,PRIVADA,42,Presencial,Cercano,ingreso,snies_primer_curso_2021.xlsx,14787,1728-7773-11001,Resto del país,UNIVERSIDAD SERGIO ARBOLEDA,Universidad Sergio Arboleda,True
1728,UNIVERSIDAD SERGIO ARBOLEDA,7773,CIENCIAS DE LA COMPUTACIÓN E INTELIGENCIA ARTIFICIAL,"Bogotá, D.C.","Bogotá, D.C.",11001,Hombre,2021,2,PRIVADA,41,Presencial,Cercano,ingreso,snies_primer_curso_2021.xlsx,14788,1728-7773-11001,Resto del país,UNIVERSIDAD SERGIO ARBOLEDA,Universidad Sergio Arboleda,True
1728,UNIVERSIDAD SERGIO ARBOLEDA,7773,CIENCIAS DE LA COMPUTACIÓN E INTELIGENCIA ARTIFICIAL,"Bogotá, D.C.","Bogotá, D.C.",11001,Mujer,2021,1,PRIVADA,11,Presencial,Cercano,ingreso,snies_primer_curso_2021.xlsx,14789,1728-7773-11001,Resto del país,UNIVERSIDAD SERGIO ARBOLEDA,Universidad Sergio Arboleda,True
1728,UNIVERSIDAD SERGIO ARBOLEDA,7773,CIENCIAS DE LA COMPUTACIÓN E INTELIGENCIA ARTIFICIAL,"Bogotá, D.C.","Bogotá, D.C.",11001,Mujer,2021,2,PRIVADA,9,Presencial,Cercano,ingreso,snies_primer_curso_2021.xlsx,14790,1728-7773-11001,Resto del país,UNIVERSIDAD SERGIO ARBOLEDA,Universidad Sergio Arboleda,True
1729,UNIVERSIDAD EL BOSQUE,103722,ESTADÍSTICA,"Bogotá, D.C.","Bogotá, D.C.",11001,Hombre,2021,1,PRIVADA,3,Presencial,Cercano,ingreso,snies_primer_curso_2021.xlsx,15364,1729-103722-11001,Resto del país,UNIVERSIDAD EL BOSQUE,Universidad El Bosque,True
1729,UNIVERSIDAD EL BOSQUE,103722,ESTADÍSTICA,"Bogotá, D.C.","Bogotá, D.C.",11001,Hombre,2021,2,PRIVADA,5,Presencial,Cercano,ingreso,snies_primer_curso_2021.xlsx,15365,1729-103722-11001,Resto del país,UNIVERSIDAD EL BOSQUE,Universidad El Bosque,True
1729,UNIVERSIDAD EL BOSQUE,103722,ESTADÍSTICA,"Bogotá, D.C.","Bogotá, D.C.",11001,Mujer,2021,2,PRIVADA,6,Presencial,Cercano,ingreso,snies_primer_curso_2021.xlsx,15366,1729-103722-11001,Resto del país,UNIVERSIDAD EL BOSQUE,Universidad El Bosque,True
1812,UNIVERSIDAD DE MEDELLIN,103268,COMPUTACIÓN CIENTÍFICA,Antioquia,Medellín,5001,Hombre,2021,1,PRIVADA,8,Presencial,Cercano,ingreso,snies_primer_curso_2021.xlsx,17674,1812-103268-5001,G8 Medellín,Universidad de Medellín,U. de Medellín,True
1812,UNIVERSIDAD DE MEDELLIN,103268,COMPUTACIÓN CIENTÍFICA,Antioquia,Medellín,5001,Hombre,2021,2,PRIVADA,1,Presencial,Cercano,ingreso,snies_primer_curso_2021.xlsx,17675,1812-103268-5001,G8 Medellín,Universidad de Medellín,U. de Medellín,True
1812,UNIVERSIDAD DE MEDELLIN,103268,COMPUTACIÓN CIENTÍFICA,Antioquia,Medellín,5001,Mujer,2021,1,PRIVADA,2,Presencial,Cercano,ingreso,snies_primer_curso_2021.xlsx,17676,1812-103268-5001,G8 Medellín,Universidad de Medellín,U. de Medellín,True
1812,UNIVERSIDAD DE MEDELLIN,103268,COMPUTACIÓN CIENTÍFICA,Antioquia,Medellín,5001,Mujer,2021,2,PRIVADA,2,Presencial,Cercano,ingreso,snies_primer_curso_2021.xlsx,17677,1812-103268-5001,G8 Medellín,Universidad de Medellín,U. de Medellín,True
1830,UNIVERSIDAD AUTONOMA DE OCCIDENTE,109940,INGENIERÍA DE DATOS E INTELIGENCIA ARTIFICIAL,Valle Del Cauca,Cali,76001,Hombre,2021,2,PRIVADA,7,Presencial,Directo,ingreso,snies_primer_curso_2021.xlsx,20674,1830-109940-76001,Resto del país,UNIVERSIDAD AUTONOMA DE OCCIDENTE,Universidad Autonoma De Occidente,False
1830,UNIVERSIDAD AUTONOMA DE OCCIDENTE,109940,INGENIERÍA DE DATOS E INTELIGENCIA ARTIFICIAL,Valle Del Cauca,Cali,76001,Mujer,2021,2,PRIVADA,4,Presencial,Directo,ingreso,snies_primer_curso_2021.xlsx,20675,1830-109940-76001,Resto del país,UNIVERSIDAD AUTONOMA DE OCCIDENTE,Universidad Autonoma De Occidente,False
2713,FUNDACION UNIVERSITARIA LOS LIBERTADORES,108275,ESTADÍSTICA,"Bogotá, D.C.","Bogotá, D.C.",11001,Hombre,2021,1,PRIVADA,6,Presencial,Cercano,ingreso,snies_primer_curso_2021.xlsx,30969,2713-108275-11001,Resto del país,FUNDACION UNIVERSITARIA LOS LIBERTADORES,Fundacion Universitaria Los Libertadores,True
2713,FUNDACION UNIVERSITARIA LOS LIBERTADORES,108275,ESTADÍSTICA,"Bogotá, D.C.","Bogotá, D.C.",11001,Hombre,2021,2,PRIVADA,10,Presencial,Cercano,ingreso,snies_primer_curso_2021.xlsx,30970,2713-108275-11001,Resto del país,FUNDACION UNIVERSITARIA LOS LIBERTADORES,Fundacion Universitaria Los Libertadores,True
2713,FUNDACION UNIVERSITARIA LOS LIBERTADORES,108275,ESTADÍSTICA,"Bogotá, D.C.","Bogotá, D.C.",11001,Mujer,2021,1,PRIVADA,3,Presencial,Cercano,ingreso,snies_primer_curso_2021.xlsx,30971,2713-108275-11001,Resto del país,FUNDACION UNIVERSITARIA LOS LIBERTADORES,Fundacion Universitaria Los Libertadores,True
2713,FUNDACION UNIVERSITARIA LOS LIBERTADORES,108275,ESTADÍSTICA,"Bogotá, D.C.","Bogotá, D.C.",11001,Mujer,2021,2,PRIVADA,4,Presencial,Cercano,ingreso,snies_primer_curso_2021.xlsx,30972,2713-108275-11001,Resto del país,FUNDACION UNIVERSITARIA LOS LIBERTADORES,Fundacion Universitaria Los Libertadores,True
2805,UNIVERSIDAD SIMON BOLIVAR,108783,MATEMATICAS Y CIENCIAS DE LA COMPUTACION,Norte De Santander,San José De Cúcuta,54001,Hombre,2021,1,PRIVADA,2,Presencial,Cercano,ingreso,snies_primer_curso_2021.xlsx,33858,2805-108783-54001,Resto del país,UNIVERSIDAD SIMON BOLIVAR,Universidad Simon Bolivar,True
2811,UNIVERSIDAD ESCUELA COLOMBIANA DE INGENIERIA JULIO GARAVITO,109408,INGENIERÍA ESTADÍSTICA,"Bogotá, D.C.","Bogotá, D.C.",11001,Hombre,2021,1,PRIVADA,4,Presencial,Cercano,ingreso,snies_primer_curso_2021.xlsx,34231,2811-109408-11001,Resto del país,UNIVERSIDAD ESCUELA COLOMBIANA DE INGENIERIA JULIO GARAVITO,Universidad Escuela Colombiana De Ingenieria Julio Garavito,True
2811,UNIVERSIDAD ESCUELA COLOMBIANA DE INGENIERIA JULIO GARAVITO,109408,INGENIERÍA ESTADÍSTICA,"Bogotá, D.C.","Bogotá, D.C.",11001,Hombre,2021,2,PRIVADA,3,Presencial,Cercano,ingreso,snies_primer_curso_2021.xlsx,34232,2811-109408-11001,Resto del país,UNIVERSIDAD ESCUELA COLOMBIANA DE INGENIERIA JULIO GARAVITO,Universidad Escuela Colombiana De Ingenieria Julio Garavito,True
2811,UNIVERSIDAD ESCUELA COLOMBIANA DE INGENIERIA JULIO GARAVITO,109408,INGENIERÍA ESTADÍSTICA,"Bogotá, D.C.","Bogotá, D.C.",11001,Mujer,2021,1,PRIVADA,2,Presencial,Cercano,ingreso,snies_primer_curso_2021.xlsx,34233,2811-109408-11001,Resto del país,UNIVERSIDAD ESCUELA COLOMBIANA DE INGENIERIA JULIO GARAVITO,Universidad Escuela Colombiana De Ingenieria Julio Garavito,True
2811,UNIVERSIDAD ESCUELA COLOMBIANA DE INGENIERIA JULIO GARAVITO,109408,INGENIERÍA ESTADÍSTICA,"Bogotá, D.C.","Bogotá, D.C.",11001,Mujer,2021,2,PRIVADA,2,Presencial,Cercano,ingreso,snies_primer_curso_2021.xlsx,34234,2811-109408-11001,Resto del país,UNIVERSIDAD ESCUELA COLOMBIANA DE INGENIERIA JULIO GARAVITO,Universidad Escuela Colombiana De Ingenieria Julio Garavito,True
5802,UNIVERSIDAD ECCI,103713,ESTADÍSTICA,"Bogotá, D.C.","Bogotá, D.C.",11001,Hombre,2021,1,PRIVADA,10,Presencial,Cercano,ingreso,snies_primer_curso_2021.xlsx,42062,5802-103713-11001,Resto del país,UNIVERSIDAD ECCI,Universidad Ecci,True
5802,UNIVERSIDAD ECCI,103713,ESTADÍSTICA,"Bogotá, D.C.","Bogotá, D.C.",11001,Hombre,2021,2,PRIVADA,3,Presencial,Cercano,ingreso,snies_primer_curso_2021.xlsx,42063,5802-103713-11001,Resto del país,UNIVERSIDAD ECCI,Universidad Ecci,True
5802,UNIVERSIDAD ECCI,103713,ESTADÍSTICA,"Bogotá, D.C.","Bogotá, D.C.",11001,Mujer,2021,1,PRIVADA,4,Presencial,Cercano,ingreso,snies_primer_curso_2021.xlsx,42064,5802-103713-11001,Resto del país,UNIVERSIDAD ECCI,Universidad Ecci,True
5802,UNIVERSIDAD ECCI,103713,ESTADÍSTICA,"Bogotá, D.C.","Bogotá, D.C.",11001,Mujer,2021,2,PRIVADA,3,Presencial,Cercano,ingreso,snies_primer_curso_2021.xlsx,42065,5802-103713-11001,Resto del país,UNIVERSIDAD ECCI,Universidad Ecci,True
9933,UNIVERSIDAD NACIONAL DE COLOMBIA,108082,ESTADÍSTICA,Cesar,La Paz,20621,Hombre,2021,1,OFICIAL,19,Presencial,Cercano,ingreso,snies_primer_curso_2021.xlsx,47185,9933-108082-20621,Resto del país,UNIVERSIDAD NACIONAL DE COLOMBIA,Universidad Nacional De Colombia,True
9933,UNIVERSIDAD NACIONAL DE COLOMBIA,108082,ESTADÍSTICA,Cesar,La Paz,20621,Hombre,2021,2,OFICIAL,13,Presencial,Cercano,ingreso,snies_primer_curso_2021.xlsx,47186,9933-108082-20621,Resto del país,UNIVERSIDAD NACIONAL DE COLOMBIA,Universidad Nacional De Colombia,True
9933,UNIVERSIDAD NACIONAL DE COLOMBIA,108082,ESTADÍSTICA,Cesar,La Paz,20621,Mujer,2021,1,OFICIAL,6,Presencial,Cercano,ingreso,snies_primer_curso_2021.xlsx,47187,9933-108082-20621,Resto del país,UNIVERSIDAD NACIONAL DE COLOMBIA,Universidad Nacional De Colombia,True
9933,UNIVERSIDAD NACIONAL DE COLOMBIA,108082,ESTADÍSTICA,Cesar,La Paz,20621,Mujer,2021,2,OFICIAL,12,Presencial,Cercano,ingreso,snies_primer_curso_2021.xlsx,47188,9933-108082-20621,Resto del país,UNIVERSIDAD NACIONAL DE COLOMBIA,Universidad Nacional De Colombia,True
1101,UNIVERSIDAD NACIONAL DE COLOMBIA,32,ESTADISTICA,Bogotá D.C.,"Bogotá, D.C.",11001,Masculino,2022,1,OFICIAL,32,Presencial,Cercano,ingreso,snies_primer_curso_2022.xlsx,115,1101-32-11001,Benchmark nacional,Universidad Nacional de Colombia - Bogotá,UNAL Bogotá,True
1101,UNIVERSIDAD NACIONAL DE COLOMBIA,32,ESTADISTICA,Bogotá D.C.,"Bogotá, D.C.",11001,Masculino,2022,2,OFICIAL,36,Presencial,Cercano,ingreso,snies_primer_curso_2022.xlsx,116,1101-32-11001,Benchmark nacional,Universidad Nacional de Colombia - Bogotá,UNAL Bogotá,True
1101,UNIVERSIDAD NACIONAL DE COLOMBIA,32,ESTADISTICA,Bogotá D.C.,"Bogotá, D.C.",11001,Femenino,2022,1,OFICIAL,15,Presencial,Cercano,ingreso,snies_primer_curso_2022.xlsx,117,1101-32-11001,Benchmark nacional,Universidad Nacional de Colombia - Bogotá,UNAL Bogotá,True
1101,UNIVERSIDAD NACIONAL DE COLOMBIA,32,ESTADISTICA,Bogotá D.C.,"Bogotá, D.C.",11001,Femenino,2022,2,OFICIAL,17,Presencial,Cercano,ingreso,snies_primer_curso_2022.xlsx,118,1101-32-11001,Benchmark nacional,Universidad Nacional de Colombia - Bogotá,UNAL Bogotá,True
1101,UNIVERSIDAD NACIONAL DE COLOMBIA,106341,CIENCIAS DE LA COMPUTACIÓN,Bogotá D.C.,"Bogotá, D.C.",11001,Masculino,2022,1,OFICIAL,25,Presencial,Cercano,ingreso,snies_primer_curso_2022.xlsx,605,1101-106341-11001,Benchmark nacional,Universidad Nacional de Colombia - Bogotá,UNAL Bogotá,True
1101,UNIVERSIDAD NACIONAL DE COLOMBIA,106341,CIENCIAS DE LA COMPUTACIÓN,Bogotá D.C.,"Bogotá, D.C.",11001,Masculino,2022,2,OFICIAL,30,Presencial,Cercano,ingreso,snies_primer_curso_2022.xlsx,606,1101-106341-11001,Benchmark nacional,Universidad Nacional de Colombia - Bogotá,UNAL Bogotá,True
1101,UNIVERSIDAD NACIONAL DE COLOMBIA,106341,CIENCIAS DE LA COMPUTACIÓN,Bogotá D.C.,"Bogotá, D.C.",11001,Femenino,2022,1,OFICIAL,3,Presencial,Cercano,ingreso,snies_primer_curso_2022.xlsx,607,1101-106341-11001,Benchmark nacional,Universidad Nacional de Colombia - Bogotá,UNAL Bogotá,True
1101,UNIVERSIDAD NACIONAL DE COLOMBIA,106341,CIENCIAS DE LA COMPUTACIÓN,Bogotá D.C.,"Bogotá, D.C.",11001,Femenino,2022,2,OFICIAL,7,Presencial,Cercano,ingreso,snies_primer_curso_2022.xlsx,608,1101-106341-11001,Benchmark nacional,Universidad Nacional de Colombia - Bogotá,UNAL Bogotá,True
1102,UNIVERSIDAD NACIONAL DE COLOMBIA,16920,ESTADISTICA,Antioquia,Medellín,5001,Masculino,2022,1,OFICIAL,27,Presencial,Cercano,ingreso,snies_primer_curso_2022.xlsx,762,1102-16920-5001,G8 Medellín,Universidad Nacional de Colombia - Medellín,UNAL Medellín,True
1102,UNIVERSIDAD NACIONAL DE COLOMBIA,16920,ESTADISTICA,Antioquia,Medellín,5001,Masculino,2022,2,OFICIAL,24,Presencial,Cercano,ingreso,snies_primer_curso_2022.xlsx,763,1102-16920-5001,G8 Medellín,Universidad Nacional de Colombia - Medellín,UNAL Medellín,True
1102,UNIVERSIDAD NACIONAL DE COLOMBIA,16920,ESTADISTICA,Antioquia,Medellín,5001,Femenino,2022,1,OFICIAL,21,Presencial,Cercano,ingreso,snies_primer_curso_2022.xlsx,764,1102-16920-5001,G8 Medellín,Universidad Nacional de Colombia - Medellín,UNAL Medellín,True
1102,UNIVERSIDAD NACIONAL DE COLOMBIA,16920,ESTADISTICA,Antioquia,Medellín,5001,Femenino,2022,2,OFICIAL,20,Presencial,Cercano,ingreso,snies_primer_curso_2022.xlsx,765,1102-16920-5001,G8 Medellín,Universidad Nacional de Colombia - Medellín,UNAL Medellín,True
1102,UNIVERSIDAD NACIONAL DE COLOMBIA,107447,CIENCIAS DE LA COMPUTACIÓN,Antioquia,Medellín,5001,Masculino,2022,1,OFICIAL,22,Presencial,Cercano,ingreso,snies_primer_curso_2022.xlsx,951,1102-107447-5001,G8 Medellín,Universidad Nacional de Colombia - Medellín,UNAL Medellín,True
1102,UNIVERSIDAD NACIONAL DE COLOMBIA,107447,CIENCIAS DE LA COMPUTACIÓN,Antioquia,Medellín,5001,Masculino,2022,2,OFICIAL,22,Presencial,Cercano,ingreso,snies_primer_curso_2022.xlsx,952,1102-107447-5001,G8 Medellín,Universidad Nacional de Colombia - Medellín,UNAL Medellín,True
1102,UNIVERSIDAD NACIONAL DE COLOMBIA,107447,CIENCIAS DE LA COMPUTACIÓN,Antioquia,Medellín,5001,Femenino,2022,1,OFICIAL,4,Presencial,Cercano,ingreso,snies_primer_curso_2022.xlsx,953,1102-107447-5001,G8 Medellín,Universidad Nacional de Colombia - Medellín,UNAL Medellín,True
1102,UNIVERSIDAD NACIONAL DE COLOMBIA,107447,CIENCIAS DE LA COMPUTACIÓN,Antioquia,Medellín,5001,Femenino,2022,2,OFICIAL,8,Presencial,Cercano,ingreso,snies_primer_curso_2022.xlsx,954,1102-107447-5001,G8 Medellín,Universidad Nacional de Colombia - Medellín,UNAL Medellín,True
1103,UNIVERSIDAD NACIONAL DE COLOMBIA,110177,CIENCIAS DE LA COMPUTACIÓN,Caldas,Manizales,17001,Masculino,2022,1,OFICIAL,29,Presencial,Cercano,ingreso,snies_primer_curso_2022.xlsx,1106,1103-110177-17001,Resto del país,UNIVERSIDAD NACIONAL DE COLOMBIA,Universidad Nacional De Colombia,True
1103,UNIVERSIDAD NACIONAL DE COLOMBIA,110177,CIENCIAS DE LA COMPUTACIÓN,Caldas,Manizales,17001,Masculino,2022,2,OFICIAL,29,Presencial,Cercano,ingreso,snies_primer_curso_2022.xlsx,1107,1103-110177-17001,Resto del país,UNIVERSIDAD NACIONAL DE COLOMBIA,Universidad Nacional De Colombia,True
1103,UNIVERSIDAD NACIONAL DE COLOMBIA,110177,CIENCIAS DE LA COMPUTACIÓN,Caldas,Manizales,17001,Femenino,2022,1,OFICIAL,6,Presencial,Cercano,ingreso,snies_primer_curso_2022.xlsx,1108,1103-110177-17001,Resto del país,UNIVERSIDAD NACIONAL DE COLOMBIA,Universidad Nacional De Colombia,True
1103,UNIVERSIDAD NACIONAL DE COLOMBIA,110177,CIENCIAS DE LA COMPUTACIÓN,Caldas,Manizales,17001,Femenino,2022,2,OFICIAL,9,Presencial,Cercano,ingreso,snies_primer_curso_2022.xlsx,1109,1103-110177-17001,Resto del país,UNIVERSIDAD NACIONAL DE COLOMBIA,Universidad Nacional De Colombia,True
1113,UNIVERSIDAD DE CORDOBA,103514,ESTADÍSTICA,Córdoba,Montería,23001,Masculino,2022,1,OFICIAL,30,Presencial,Cercano,ingreso,snies_primer_curso_2022.xlsx,2677,1113-103514-23001,Resto del país,UNIVERSIDAD DE CORDOBA,Universidad De Cordoba,True
1113,UNIVERSIDAD DE CORDOBA,103514,ESTADÍSTICA,Córdoba,Montería,23001,Masculino,2022,2,OFICIAL,24,Presencial,Cercano,ingreso,snies_primer_curso_2022.xlsx,2678,1113-103514-23001,Resto del país,UNIVERSIDAD DE CORDOBA,Universidad De Cordoba,True
1113,UNIVERSIDAD DE CORDOBA,103514,ESTADÍSTICA,Córdoba,Montería,23001,Femenino,2022,1,OFICIAL,8,Presencial,Cercano,ingreso,snies_primer_curso_2022.xlsx,2679,1113-103514-23001,Resto del país,UNIVERSIDAD DE CORDOBA,Universidad De Cordoba,True
1113,UNIVERSIDAD DE CORDOBA,103514,ESTADÍSTICA,Córdoba,Montería,23001,Femenino,2022,2,OFICIAL,13,Presencial,Cercano,ingreso,snies_primer_curso_2022.xlsx,2680,1113-103514-23001,Resto del país,UNIVERSIDAD DE CORDOBA,Universidad De Cordoba,True
1201,UNIVERSIDAD DE ANTIOQUIA,101571,ESTADÍSTICA,Antioquia,Medellín,5001,Masculino,2022,1,OFICIAL,15,Presencial,Cercano,ingreso,snies_primer_curso_2022.xlsx,4224,1201-101571-5001,G8 Medellín,Universidad de Antioquia (UdeA),UdeA,True
1201,UNIVERSIDAD DE ANTIOQUIA,101571,ESTADÍSTICA,Antioquia,Medellín,5001,Masculino,2022,2,OFICIAL,5,Presencial,Cercano,ingreso,snies_primer_curso_2022.xlsx,4225,1201-101571-5001,G8 Medellín,Universidad de Antioquia (UdeA),UdeA,True
1201,UNIVERSIDAD DE ANTIOQUIA,101571,ESTADÍSTICA,Antioquia,Medellín,5001,Femenino,2022,1,OFICIAL,14,Presencial,Cercano,ingreso,snies_primer_curso_2022.xlsx,4226,1201-101571-5001,G8 Medellín,Universidad de Antioquia (UdeA),UdeA,True
1201,UNIVERSIDAD DE ANTIOQUIA,101571,ESTADÍSTICA,Antioquia,Medellín,5001,Femenino,2022,2,OFICIAL,1,Presencial,Cercano,ingreso,snies_primer_curso_2022.xlsx,4227,1201-101571-5001,G8 Medellín,Universidad de Antioquia (UdeA),UdeA,True
1203,UNIVERSIDAD DEL VALLE,593,ESTADISTICA,Valle del Cauca,Cali,76001,Masculino,2022,1,OFICIAL,34,Presencial,Cercano,ingreso,snies_primer_curso_2022.xlsx,4809,1203-593-76001,Resto del país,UNIVERSIDAD DEL VALLE,Universidad Del Valle,True
1203,UNIVERSIDAD DEL VALLE,593,ESTADISTICA,Valle del Cauca,Cali,76001,Femenino,2022,1,OFICIAL,16,Presencial,Cercano,ingreso,snies_primer_curso_2022.xlsx,4810,1203-593-76001,Resto del país,UNIVERSIDAD DEL VALLE,Universidad Del Valle,True
1207,UNIVERSIDAD DEL TOLIMA,3345,MATEMATICAS CON ENFASIS EN ESTADISTICA,Tolima,Ibagué,73001,Masculino,2022,1,OFICIAL,22,Presencial,Cercano,ingreso,snies_primer_curso_2022.xlsx,6362,1207-3345-73001,Resto del país,UNIVERSIDAD DEL TOLIMA,Universidad Del Tolima,True
1207,UNIVERSIDAD DEL TOLIMA,3345,MATEMATICAS CON ENFASIS EN ESTADISTICA,Tolima,Ibagué,73001,Masculino,2022,2,OFICIAL,12,Presencial,Cercano,ingreso,snies_primer_curso_2022.xlsx,6363,1207-3345-73001,Resto del país,UNIVERSIDAD DEL TOLIMA,Universidad Del Tolima,True
1207,UNIVERSIDAD DEL TOLIMA,3345,MATEMATICAS CON ENFASIS EN ESTADISTICA,Tolima,Ibagué,73001,Femenino,2022,1,OFICIAL,13,Presencial,Cercano,ingreso,snies_primer_curso_2022.xlsx,6364,1207-3345-73001,Resto del país,UNIVERSIDAD DEL TOLIMA,Universidad Del Tolima,True
1207,UNIVERSIDAD DEL TOLIMA,3345,MATEMATICAS CON ENFASIS EN ESTADISTICA,Tolima,Ibagué,73001,Femenino,2022,2,OFICIAL,10,Presencial,Cercano,ingreso,snies_primer_curso_2022.xlsx,6365,1207-3345-73001,Resto del país,UNIVERSIDAD DEL TOLIMA,Universidad Del Tolima,True
1701,PONTIFICIA UNIVERSIDAD JAVERIANA,108890,CIENCIA DE DATOS,Bogotá D.C.,"Bogotá, D.C.",11001,Masculino,2022,1,PRIVADA,21,Presencial,Directo,ingreso,snies_primer_curso_2022.xlsx,8995,1701-108890-11001,Benchmark nacional,Pontificia Universidad Javeriana,Javeriana,True
1701,PONTIFICIA UNIVERSIDAD JAVERIANA,108890,CIENCIA DE DATOS,Bogotá D.C.,"Bogotá, D.C.",11001,Masculino,2022,2,PRIVADA,34,Presencial,Directo,ingreso,snies_primer_curso_2022.xlsx,8996,1701-108890-11001,Benchmark nacional,Pontificia Universidad Javeriana,Javeriana,True
1701,PONTIFICIA UNIVERSIDAD JAVERIANA,108890,CIENCIA DE DATOS,Bogotá D.C.,"Bogotá, D.C.",11001,Femenino,2022,1,PRIVADA,9,Presencial,Directo,ingreso,snies_primer_curso_2022.xlsx,8997,1701-108890-11001,Benchmark nacional,Pontificia Universidad Javeriana,Javeriana,True
1701,PONTIFICIA UNIVERSIDAD JAVERIANA,108890,CIENCIA DE DATOS,Bogotá D.C.,"Bogotá, D.C.",11001,Femenino,2022,2,PRIVADA,10,Presencial,Directo,ingreso,snies_primer_curso_2022.xlsx,8998,1701-108890-11001,Benchmark nacional,Pontificia Universidad Javeriana,Javeriana,True
1703,UNIVERSIDAD INCCA DE COLOMBIA,108038,ESTADISTICA,Bogotá D.C.,"Bogotá, D.C.",11001,Masculino,2022,1,PRIVADA,5,Presencial,Cercano,ingreso,snies_primer_curso_2022.xlsx,9348,1703-108038-11001,Resto del país,UNIVERSIDAD INCCA DE COLOMBIA,Universidad Incca De Colombia,True
1703,UNIVERSIDAD INCCA DE COLOMBIA,108038,ESTADISTICA,Bogotá D.C.,"Bogotá, D.C.",11001,Femenino,2022,1,PRIVADA,3,Presencial,Cercano,ingreso,snies_primer_curso_2022.xlsx,9349,1703-108038-11001,Resto del país,UNIVERSIDAD INCCA DE COLOMBIA,Universidad Incca De Colombia,True
1704,UNIVERSIDAD SANTO TOMAS,52000,ESTADÍSTICA,Bogotá D.C.,"Bogotá, D.C.",11001,Masculino,2022,1,PRIVADA,17,Presencial,Cercano,ingreso,snies_primer_curso_2022.xlsx,9704,1704-52000-11001,Resto del país,UNIVERSIDAD SANTO TOMAS,Universidad Santo Tomas,True
1704,UNIVERSIDAD SANTO TOMAS,52000,ESTADÍSTICA,Bogotá D.C.,"Bogotá, D.C.",11001,Masculino,2022,2,PRIVADA,8,Presencial,Cercano,ingreso,snies_primer_curso_2022.xlsx,9705,1704-52000-11001,Resto del país,UNIVERSIDAD SANTO TOMAS,Universidad Santo Tomas,True
1704,UNIVERSIDAD SANTO TOMAS,52000,ESTADÍSTICA,Bogotá D.C.,"Bogotá, D.C.",11001,Femenino,2022,1,PRIVADA,18,Presencial,Cercano,ingreso,snies_primer_curso_2022.xlsx,9706,1704-52000-11001,Resto del país,UNIVERSIDAD SANTO TOMAS,Universidad Santo Tomas,True
1704,UNIVERSIDAD SANTO TOMAS,52000,ESTADÍSTICA,Bogotá D.C.,"Bogotá, D.C.",11001,Femenino,2022,2,PRIVADA,8,Presencial,Cercano,ingreso,snies_primer_curso_2022.xlsx,9707,1704-52000-11001,Resto del país,UNIVERSIDAD SANTO TOMAS,Universidad Santo Tomas,True
1706,UNIVERSIDAD EXTERNADO DE COLOMBIA,110032,CIENCIA DE DATOS,Bogotá D.C.,"Bogotá, D.C.",11001,Masculino,2022,1,PRIVADA,21,Presencial,Directo,ingreso,snies_primer_curso_2022.xlsx,10878,1706-110032-11001,Resto del país,UNIVERSIDAD EXTERNADO DE COLOMBIA,Universidad Externado De Colombia,True
1706,UNIVERSIDAD EXTERNADO DE COLOMBIA,110032,CIENCIA DE DATOS,Bogotá D.C.,"Bogotá, D.C.",11001,Masculino,2022,2,PRIVADA,18,Presencial,Directo,ingreso,snies_primer_curso_2022.xlsx,10879,1706-110032-11001,Resto del país,UNIVERSIDAD EXTERNADO DE COLOMBIA,Universidad Externado De Colombia,True
1706,UNIVERSIDAD EXTERNADO DE COLOMBIA,110032,CIENCIA DE DATOS,Bogotá D.C.,"Bogotá, D.C.",11001,Femenino,2022,1,PRIVADA,12,Presencial,Directo,ingreso,snies_primer_curso_2022.xlsx,10880,1706-110032-11001,Resto del país,UNIVERSIDAD EXTERNADO DE COLOMBIA,Universidad Externado De Colombia,True
1706,UNIVERSIDAD EXTERNADO DE COLOMBIA,110032,CIENCIA DE DATOS,Bogotá D.C.,"Bogotá, D.C.",11001,Femenino,2022,2,PRIVADA,6,Presencial,Directo,ingreso,snies_primer_curso_2022.xlsx,10881,1706-110032-11001,Resto del país,UNIVERSIDAD EXTERNADO DE COLOMBIA,Universidad Externado De Colombia,True
1710,UNIVERSIDAD PONTIFICIA BOLIVARIANA,108578,INGENIERÍA EN CIENCIA DE DATOS,Antioquia,Medellín,5001,Masculino,2022,1,PRIVADA,17,Presencial,Directo,ingreso,snies_primer_curso_2022.xlsx,11812,1710-108578-5001,G8 Medellín,Universidad Pontificia Bolivariana (UPB),UPB Medellín,True
1710,UNIVERSIDAD PONTIFICIA BOLIVARIANA,108578,INGENIERÍA EN CIENCIA DE DATOS,Antioquia,Medellín,5001,Masculino,2022,2,PRIVADA,12,Presencial,Directo,ingreso,snies_primer_curso_2022.xlsx,11813,1710-108578-5001,G8 Medellín,Universidad Pontificia Bolivariana (UPB),UPB Medellín,True
1710,UNIVERSIDAD PONTIFICIA BOLIVARIANA,108578,INGENIERÍA EN CIENCIA DE DATOS,Antioquia,Medellín,5001,Femenino,2022,1,PRIVADA,3,Presencial,Directo,ingreso,snies_primer_curso_2022.xlsx,11814,1710-108578-5001,G8 Medellín,Universidad Pontificia Bolivariana (UPB),UPB Medellín,True
1710,UNIVERSIDAD PONTIFICIA BOLIVARIANA,108578,INGENIERÍA EN CIENCIA DE DATOS,Antioquia,Medellín,5001,Femenino,2022,2,PRIVADA,2,Presencial,Directo,ingreso,snies_primer_curso_2022.xlsx,11815,1710-108578-5001,G8 Medellín,Universidad Pontificia Bolivariana (UPB),UPB Medellín,True
1712,UNIVERSIDAD EAFIT-,11498,INGENIERIA MATEMATICA,Antioquia,Medellín,5001,Masculino,2022,1,PRIVADA,20,Presencial,Cercano,ingreso,snies_primer_curso_2022.xlsx,12339,1712-11498-5001,G8 Medellín,Universidad EAFIT,EAFIT,True
1712,UNIVERSIDAD EAFIT-,11498,INGENIERIA MATEMATICA,Antioquia,Medellín,5001,Masculino,2022,2,PRIVADA,13,Presencial,Cercano,ingreso,snies_primer_curso_2022.xlsx,12340,1712-11498-5001,G8 Medellín,Universidad EAFIT,EAFIT,True
1712,UNIVERSIDAD EAFIT-,11498,INGENIERIA MATEMATICA,Antioquia,Medellín,5001,Femenino,2022,1,PRIVADA,7,Presencial,Cercano,ingreso,snies_primer_curso_2022.xlsx,12341,1712-11498-5001,G8 Medellín,Universidad EAFIT,EAFIT,True
1712,UNIVERSIDAD EAFIT-,11498,INGENIERIA MATEMATICA,Antioquia,Medellín,5001,Femenino,2022,2,PRIVADA,6,Presencial,Cercano,ingreso,snies_primer_curso_2022.xlsx,12342,1712-11498-5001,G8 Medellín,Universidad EAFIT,EAFIT,True
1713,UNIVERSIDAD DEL NORTE,110172,CIENCIA DE DATOS,Atlántico,Barranquilla,8001,Masculino,2022,1,PRIVADA,16,Presencial,Directo,ingreso,snies_primer_curso_2022.xlsx,12989,1713-110172-8001,Benchmark nacional,Universidad del Norte,Uninorte,True
1713,UNIVERSIDAD DEL NORTE,110172,CIENCIA DE DATOS,Atlántico,Barranquilla,8001,Masculino,2022,2,PRIVADA,14,Presencial,Directo,ingreso,snies_primer_curso_2022.xlsx,12990,1713-110172-8001,Benchmark nacional,Universidad del Norte,Uninorte,True
1713,UNIVERSIDAD DEL NORTE,110172,CIENCIA DE DATOS,Atlántico,Barranquilla,8001,Femenino,2022,1,PRIVADA,12,Presencial,Directo,ingreso,snies_primer_curso_2022.xlsx,12991,1713-110172-8001,Benchmark nacional,Universidad del Norte,Uninorte,True
1713,UNIVERSIDAD DEL NORTE,110172,CIENCIA DE DATOS,Atlántico,Barranquilla,8001,Femenino,2022,2,PRIVADA,6,Presencial,Directo,ingreso,snies_primer_curso_2022.xlsx,12992,1713-110172-8001,Benchmark nacional,Universidad del Norte,Uninorte,True
1714,COLEGIO MAYOR DE NUESTRA SEÑORA DEL ROSARIO,105653,MATEMÁTICAS APLICADAS Y CIENCIAS DE LA COMPUTACIÓN,Bogotá D.C.,"Bogotá, D.C.",11001,Masculino,2022,1,PRIVADA,40,Presencial,Cercano,ingreso,snies_primer_curso_2022.xlsx,13308,1714-105653-11001,Benchmark nacional,Universidad del Rosario,Rosario,True
1714,COLEGIO MAYOR DE NUESTRA SEÑORA DEL ROSARIO,105653,MATEMÁTICAS APLICADAS Y CIENCIAS DE LA COMPUTACIÓN,Bogotá D.C.,"Bogotá, D.C.",11001,Masculino,2022,2,PRIVADA,25,Presencial,Cercano,ingreso,snies_primer_curso_2022.xlsx,13309,1714-105653-11001,Benchmark nacional,Universidad del Rosario,Rosario,True
1714,COLEGIO MAYOR DE NUESTRA SEÑORA DEL ROSARIO,105653,MATEMÁTICAS APLICADAS Y CIENCIAS DE LA COMPUTACIÓN,Bogotá D.C.,"Bogotá, D.C.",11001,Femenino,2022,1,PRIVADA,16,Presencial,Cercano,ingreso,snies_primer_curso_2022.xlsx,13310,1714-105653-11001,Benchmark nacional,Universidad del Rosario,Rosario,True
1714,COLEGIO MAYOR DE NUESTRA SEÑORA DEL ROSARIO,105653,MATEMÁTICAS APLICADAS Y CIENCIAS DE LA COMPUTACIÓN,Bogotá D.C.,"Bogotá, D.C.",11001,Femenino,2022,2,PRIVADA,6,Presencial,Cercano,ingreso,snies_primer_curso_2022.xlsx,13311,1714-105653-11001,Benchmark nacional,Universidad del Rosario,Rosario,True
1715,FUNDACION UNIVERSIDAD DE AMERICA,107649,ESTADISTICA Y CIENCIAS ACTUARIALES,Bogotá D.C.,"Bogotá, D.C.",11001,Masculino,2022,1,PRIVADA,4,Presencial,Cercano,ingreso,snies_primer_curso_2022.xlsx,13584,1715-107649-11001,Resto del país,FUNDACION UNIVERSIDAD DE AMERICA,Fundacion Universidad De America,True
1715,FUNDACION UNIVERSIDAD DE AMERICA,107649,ESTADISTICA Y CIENCIAS ACTUARIALES,Bogotá D.C.,"Bogotá, D.C.",11001,Femenino,2022,1,PRIVADA,4,Presencial,Cercano,ingreso,snies_primer_curso_2022.xlsx,13585,1715-107649-11001,Resto del país,FUNDACION UNIVERSIDAD DE AMERICA,Fundacion Universidad De America,True
1728,UNIVERSIDAD SERGIO ARBOLEDA,7773,CIENCIAS DE LA COMPUTACIÓN E INTELIGENCIA ARTIFICIAL,Bogotá D.C.,"Bogotá, D.C.",11001,Masculino,2022,1,PRIVADA,74,Presencial,Cercano,ingreso,snies_primer_curso_2022.xlsx,14943,1728-7773-11001,Resto del país,UNIVERSIDAD SERGIO ARBOLEDA,Universidad Sergio Arboleda,True
1728,UNIVERSIDAD SERGIO ARBOLEDA,7773,CIENCIAS DE LA COMPUTACIÓN E INTELIGENCIA ARTIFICIAL,Bogotá D.C.,"Bogotá, D.C.",11001,Masculino,2022,2,PRIVADA,57,Presencial,Cercano,ingreso,snies_primer_curso_2022.xlsx,14944,1728-7773-11001,Resto del país,UNIVERSIDAD SERGIO ARBOLEDA,Universidad Sergio Arboleda,True
1728,UNIVERSIDAD SERGIO ARBOLEDA,7773,CIENCIAS DE LA COMPUTACIÓN E INTELIGENCIA ARTIFICIAL,Bogotá D.C.,"Bogotá, D.C.",11001,Femenino,2022,1,PRIVADA,10,Presencial,Cercano,ingreso,snies_primer_curso_2022.xlsx,14945,1728-7773-11001,Resto del país,UNIVERSIDAD SERGIO ARBOLEDA,Universidad Sergio Arboleda,True
1728,UNIVERSIDAD SERGIO ARBOLEDA,7773,CIENCIAS DE LA COMPUTACIÓN E INTELIGENCIA ARTIFICIAL,Bogotá D.C.,"Bogotá, D.C.",11001,Femenino,2022,2,PRIVADA,11,Presencial,Cercano,ingreso,snies_primer_curso_2022.xlsx,14946,1728-7773-11001,Resto del país,UNIVERSIDAD SERGIO ARBOLEDA,Universidad Sergio Arboleda,True
1729,UNIVERSIDAD EL BOSQUE,103722,ESTADÍSTICA,Bogotá D.C.,"Bogotá, D.C.",11001,Masculino,2022,1,PRIVADA,8,Presencial,Cercano,ingreso,snies_primer_curso_2022.xlsx,15560,1729-103722-11001,Resto del país,UNIVERSIDAD EL BOSQUE,Universidad El Bosque,True
1729,UNIVERSIDAD EL BOSQUE,103722,ESTADÍSTICA,Bogotá D.C.,"Bogotá, D.C.",11001,Masculino,2022,2,PRIVADA,3,Presencial,Cercano,ingreso,snies_primer_curso_2022.xlsx,15561,1729-103722-11001,Resto del país,UNIVERSIDAD EL BOSQUE,Universidad El Bosque,True
1729,UNIVERSIDAD EL BOSQUE,103722,ESTADÍSTICA,Bogotá D.C.,"Bogotá, D.C.",11001,Femenino,2022,1,PRIVADA,8,Presencial,Cercano,ingreso,snies_primer_curso_2022.xlsx,15562,1729-103722-11001,Resto del país,UNIVERSIDAD EL BOSQUE,Universidad El Bosque,True
1729,UNIVERSIDAD EL BOSQUE,103722,ESTADÍSTICA,Bogotá D.C.,"Bogotá, D.C.",11001,Femenino,2022,2,PRIVADA,2,Presencial,Cercano,ingreso,snies_primer_curso_2022.xlsx,15563,1729-103722-11001,Resto del país,UNIVERSIDAD EL BOSQUE,Universidad El Bosque,True
1812,UNIVERSIDAD DE MEDELLIN,103268,COMPUTACIÓN CIENTÍFICA,Antioquia,Medellín,5001,Masculino,2022,1,PRIVADA,2,Presencial,Cercano,ingreso,snies_primer_curso_2022.xlsx,18002,1812-103268-5001,G8 Medellín,Universidad de Medellín,U. de Medellín,True
1812,UNIVERSIDAD DE MEDELLIN,103268,COMPUTACIÓN CIENTÍFICA,Antioquia,Medellín,5001,Masculino,2022,2,PRIVADA,10,Presencial,Cercano,ingreso,snies_primer_curso_2022.xlsx,18003,1812-103268-5001,G8 Medellín,Universidad de Medellín,U. de Medellín,True
1812,UNIVERSIDAD DE MEDELLIN,103268,COMPUTACIÓN CIENTÍFICA,Antioquia,Medellín,5001,Femenino,2022,1,PRIVADA,3,Presencial,Cercano,ingreso,snies_primer_curso_2022.xlsx,18004,1812-103268-5001,G8 Medellín,Universidad de Medellín,U. de Medellín,True
1812,UNIVERSIDAD DE MEDELLIN,103268,COMPUTACIÓN CIENTÍFICA,Antioquia,Medellín,5001,Femenino,2022,2,PRIVADA,5,Presencial,Cercano,ingreso,snies_primer_curso_2022.xlsx,18005,1812-103268-5001,G8 Medellín,Universidad de Medellín,U. de Medellín,True
1830,UNIVERSIDAD AUTONOMA DE OCCIDENTE,110368,INGENIERÍA DE DATOS E INTELIGENCIA ARTIFICIAL,Valle del Cauca,Cali,76001,Masculino,2022,1,PRIVADA,25,Presencial-Virtual,Directo,ingreso,snies_primer_curso_2022.xlsx,21042,1830-110368-76001,Resto del país,UNIVERSIDAD AUTONOMA DE OCCIDENTE,Universidad Autonoma De Occidente,False
1830,UNIVERSIDAD AUTONOMA DE OCCIDENTE,110368,INGENIERÍA DE DATOS E INTELIGENCIA ARTIFICIAL,Valle del Cauca,Cali,76001,Masculino,2022,2,PRIVADA,22,Presencial-Virtual,Directo,ingreso,snies_primer_curso_2022.xlsx,21043,1830-110368-76001,Resto del país,UNIVERSIDAD AUTONOMA DE OCCIDENTE,Universidad Autonoma De Occidente,False
1830,UNIVERSIDAD AUTONOMA DE OCCIDENTE,110368,INGENIERÍA DE DATOS E INTELIGENCIA ARTIFICIAL,Valle del Cauca,Cali,76001,Femenino,2022,1,PRIVADA,14,Presencial-Virtual,Directo,ingreso,snies_primer_curso_2022.xlsx,21044,1830-110368-76001,Resto del país,UNIVERSIDAD AUTONOMA DE OCCIDENTE,Universidad Autonoma De Occidente,False
1830,UNIVERSIDAD AUTONOMA DE OCCIDENTE,110368,INGENIERÍA DE DATOS E INTELIGENCIA ARTIFICIAL,Valle del Cauca,Cali,76001,Femenino,2022,2,PRIVADA,8,Presencial-Virtual,Directo,ingreso,snies_primer_curso_2022.xlsx,21045,1830-110368-76001,Resto del país,UNIVERSIDAD AUTONOMA DE OCCIDENTE,Universidad Autonoma De Occidente,False
2713,FUNDACION UNIVERSITARIA LOS LIBERTADORES,108275,ESTADÍSTICA,Bogotá D.C.,"Bogotá, D.C.",11001,Masculino,2022,1,PRIVADA,12,Presencial,Cercano,ingreso,snies_primer_curso_2022.xlsx,30558,2713-108275-11001,Resto del país,FUNDACION UNIVERSITARIA LOS LIBERTADORES,Fundacion Universitaria Los Libertadores,True
2713,FUNDACION UNIVERSITARIA LOS LIBERTADORES,108275,ESTADÍSTICA,Bogotá D.C.,"Bogotá, D.C.",11001,Masculino,2022,2,PRIVADA,11,Presencial,Cercano,ingreso,snies_primer_curso_2022.xlsx,30559,2713-108275-11001,Resto del país,FUNDACION UNIVERSITARIA LOS LIBERTADORES,Fundacion Universitaria Los Libertadores,True
2713,FUNDACION UNIVERSITARIA LOS LIBERTADORES,108275,ESTADÍSTICA,Bogotá D.C.,"Bogotá, D.C.",11001,Femenino,2022,1,PRIVADA,5,Presencial,Cercano,ingreso,snies_primer_curso_2022.xlsx,30560,2713-108275-11001,Resto del país,FUNDACION UNIVERSITARIA LOS LIBERTADORES,Fundacion Universitaria Los Libertadores,True
2713,FUNDACION UNIVERSITARIA LOS LIBERTADORES,108275,ESTADÍSTICA,Bogotá D.C.,"Bogotá, D.C.",11001,Femenino,2022,2,PRIVADA,4,Presencial,Cercano,ingreso,snies_primer_curso_2022.xlsx,30561,2713-108275-11001,Resto del país,FUNDACION UNIVERSITARIA LOS LIBERTADORES,Fundacion Universitaria Los Libertadores,True
2725,POLITECNICO GRANCOLOMBIANO,110098,INGENIERIA EN CIENCIA DE DATOS,Bogotá D.C.,"Bogotá, D.C.",11001,Masculino,2022,1,PRIVADA,9,Presencial,Directo,ingreso,snies_primer_curso_2022.xlsx,31598,2725-110098-11001,Resto del país,POLITECNICO GRANCOLOMBIANO,Politecnico Grancolombiano,True
2725,POLITECNICO GRANCOLOMBIANO,110098,INGENIERIA EN CIENCIA DE DATOS,Bogotá D.C.,"Bogotá, D.C.",11001,Masculino,2022,2,PRIVADA,18,Presencial,Directo,ingreso,snies_primer_curso_2022.xlsx,31599,2725-110098-11001,Resto del país,POLITECNICO GRANCOLOMBIANO,Politecnico Grancolombiano,True
2725,POLITECNICO GRANCOLOMBIANO,110098,INGENIERIA EN CIENCIA DE DATOS,Bogotá D.C.,"Bogotá, D.C.",11001,Femenino,2022,1,PRIVADA,1,Presencial,Directo,ingreso,snies_primer_curso_2022.xlsx,31600,2725-110098-11001,Resto del país,POLITECNICO GRANCOLOMBIANO,Politecnico Grancolombiano,True
2725,POLITECNICO GRANCOLOMBIANO,110098,INGENIERIA EN CIENCIA DE DATOS,Bogotá D.C.,"Bogotá, D.C.",11001,Femenino,2022,2,PRIVADA,4,Presencial,Directo,ingreso,snies_primer_curso_2022.xlsx,31601,2725-110098-11001,Resto del país,POLITECNICO GRANCOLOMBIANO,Politecnico Grancolombiano,True
2745,FUNDACIÓN UNIVERSITARIA COMPENSAR,110692,CIENCIA DE DATOS,Bogotá D.C.,"Bogotá, D.C.",11001,Masculino,2022,2,PRIVADA,8,Presencial,Directo,ingreso,snies_primer_curso_2022.xlsx,32874,2745-110692-11001,Resto del país,FUNDACIÓN UNIVERSITARIA COMPENSAR,Fundación Universitaria Compensar,True
2745,FUNDACIÓN UNIVERSITARIA COMPENSAR,110692,CIENCIA DE DATOS,Bogotá D.C.,"Bogotá, D.C.",11001,Femenino,2022,2,PRIVADA,6,Presencial,Directo,ingreso,snies_primer_curso_2022.xlsx,32875,2745-110692-11001,Resto del país,FUNDACIÓN UNIVERSITARIA COMPENSAR,Fundación Universitaria Compensar,True
2745,FUNDACIÓN UNIVERSITARIA COMPENSAR,111015,CIENCIA DE DATOS,Bogotá D.C.,"Bogotá, D.C.",11001,Masculino,2022,1,PRIVADA,18,Virtual,Directo,ingreso,snies_primer_curso_2022.xlsx,32882,2745-111015-11001,Resto del país,FUNDACIÓN UNIVERSITARIA COMPENSAR,Fundación Universitaria Compensar,True
2745,FUNDACIÓN UNIVERSITARIA COMPENSAR,111015,CIENCIA DE DATOS,Bogotá D.C.,"Bogotá, D.C.",11001,Masculino,2022,2,PRIVADA,25,Virtual,Directo,ingreso,snies_primer_curso_2022.xlsx,32883,2745-111015-11001,Resto del país,FUNDACIÓN UNIVERSITARIA COMPENSAR,Fundación Universitaria Compensar,True
2745,FUNDACIÓN UNIVERSITARIA COMPENSAR,111015,CIENCIA DE DATOS,Bogotá D.C.,"Bogotá, D.C.",11001,Femenino,2022,1,PRIVADA,11,Virtual,Directo,ingreso,snies_primer_curso_2022.xlsx,32884,2745-111015-11001,Resto del país,FUNDACIÓN UNIVERSITARIA COMPENSAR,Fundación Universitaria Compensar,True
2745,FUNDACIÓN UNIVERSITARIA COMPENSAR,111015,CIENCIA DE DATOS,Bogotá D.C.,"Bogotá, D.C.",11001,Femenino,2022,2,PRIVADA,12,Virtual,Directo,ingreso,snies_primer_curso_2022.xlsx,32885,2745-111015-11001,Resto del país,FUNDACIÓN UNIVERSITARIA COMPENSAR,Fundación Universitaria Compensar,True
2811,UNIVERSIDAD ESCUELA COLOMBIANA DE INGENIERIA JULIO GARAVITO,109408,INGENIERÍA ESTADÍSTICA,Bogotá D.C.,"Bogotá, D.C.",11001,Masculino,2022,1,PRIVADA,11,Presencial,Cercano,ingreso,snies_primer_curso_2022.xlsx,33732,2811-109408-11001,Resto del país,UNIVERSIDAD ESCUELA COLOMBIANA DE INGENIERIA JULIO GARAVITO,Universidad Escuela Colombiana De Ingenieria Julio Garavito,True
2811,UNIVERSIDAD ESCUELA COLOMBIANA DE INGENIERIA JULIO GARAVITO,109408,INGENIERÍA ESTADÍSTICA,Bogotá D.C.,"Bogotá, D.C.",11001,Masculino,2022,2,PRIVADA,6,Presencial,Cercano,ingreso,snies_primer_curso_2022.xlsx,33733,2811-109408-11001,Resto del país,UNIVERSIDAD ESCUELA COLOMBIANA DE INGENIERIA JULIO GARAVITO,Universidad Escuela Colombiana De Ingenieria Julio Garavito,True
2811,UNIVERSIDAD ESCUELA COLOMBIANA DE INGENIERIA JULIO GARAVITO,109408,INGENIERÍA ESTADÍSTICA,Bogotá D.C.,"Bogotá, D.C.",11001,Femenino,2022,1,PRIVADA,5,Presencial,Cercano,ingreso,snies_primer_curso_2022.xlsx,33734,2811-109408-11001,Resto del país,UNIVERSIDAD ESCUELA COLOMBIANA DE INGENIERIA JULIO GARAVITO,Universidad Escuela Colombiana De Ingenieria Julio Garavito,True
2811,UNIVERSIDAD ESCUELA COLOMBIANA DE INGENIERIA JULIO GARAVITO,109408,INGENIERÍA ESTADÍSTICA,Bogotá D.C.,"Bogotá, D.C.",11001,Femenino,2022,2,PRIVADA,3,Presencial,Cercano,ingreso,snies_primer_curso_2022.xlsx,33735,2811-109408-11001,Resto del país,UNIVERSIDAD ESCUELA COLOMBIANA DE INGENIERIA JULIO GARAVITO,Universidad Escuela Colombiana De Ingenieria Julio Garavito,True
2830,CORPORACION UNIVERSITARIA IBEROAMERICANA,110672,INGENIERIA EN CIENCIA DE DATOS,Bogotá D.C.,"Bogotá, D.C.",11001,Masculino,2022,1,PRIVADA,17,Virtual,Directo,ingreso,snies_primer_curso_2022.xlsx,35642,2830-110672-11001,Resto del país,CORPORACION UNIVERSITARIA IBEROAMERICANA,Corporacion Universitaria Iberoamericana,True
2830,CORPORACION UNIVERSITARIA IBEROAMERICANA,110672,INGENIERIA EN CIENCIA DE DATOS,Bogotá D.C.,"Bogotá, D.C.",11001,Masculino,2022,2,PRIVADA,31,Virtual,Directo,ingreso,snies_primer_curso_2022.xlsx,35643,2830-110672-11001,Resto del país,CORPORACION UNIVERSITARIA IBEROAMERICANA,Corporacion Universitaria Iberoamericana,True
2830,CORPORACION UNIVERSITARIA IBEROAMERICANA,110672,INGENIERIA EN CIENCIA DE DATOS,Bogotá D.C.,"Bogotá, D.C.",11001,Femenino,2022,1,PRIVADA,6,Virtual,Directo,ingreso,snies_primer_curso_2022.xlsx,35644,2830-110672-11001,Resto del país,CORPORACION UNIVERSITARIA IBEROAMERICANA,Corporacion Universitaria Iberoamericana,True
2830,CORPORACION UNIVERSITARIA IBEROAMERICANA,110672,INGENIERIA EN CIENCIA DE DATOS,Bogotá D.C.,"Bogotá, D.C.",11001,Femenino,2022,2,PRIVADA,9,Virtual,Directo,ingreso,snies_primer_curso_2022.xlsx,35645,2830-110672-11001,Resto del país,CORPORACION UNIVERSITARIA IBEROAMERICANA,Corporacion Universitaria Iberoamericana,True
5802,UNIVERSIDAD ECCI,103713,ESTADÍSTICA,Bogotá D.C.,"Bogotá, D.C.",11001,Masculino,2022,1,PRIVADA,3,Presencial,Cercano,ingreso,snies_primer_curso_2022.xlsx,41981,5802-103713-11001,Resto del país,UNIVERSIDAD ECCI,Universidad Ecci,True
5802,UNIVERSIDAD ECCI,103713,ESTADÍSTICA,Bogotá D.C.,"Bogotá, D.C.",11001,Masculino,2022,2,PRIVADA,7,Presencial,Cercano,ingreso,snies_primer_curso_2022.xlsx,41982,5802-103713-11001,Resto del país,UNIVERSIDAD ECCI,Universidad Ecci,True
5802,UNIVERSIDAD ECCI,103713,ESTADÍSTICA,Bogotá D.C.,"Bogotá, D.C.",11001,Femenino,2022,1,PRIVADA,1,Presencial,Cercano,ingreso,snies_primer_curso_2022.xlsx,41983,5802-103713-11001,Resto del país,UNIVERSIDAD ECCI,Universidad Ecci,True
5802,UNIVERSIDAD ECCI,103713,ESTADÍSTICA,Bogotá D.C.,"Bogotá, D.C.",11001,Femenino,2022,2,PRIVADA,2,Presencial,Cercano,ingreso,snies_primer_curso_2022.xlsx,41984,5802-103713-11001,Resto del país,UNIVERSIDAD ECCI,Universidad Ecci,True
9933,UNIVERSIDAD NACIONAL DE COLOMBIA,108082,ESTADÍSTICA,Cesar,La Paz,20621,Masculino,2022,1,OFICIAL,21,Presencial,Cercano,ingreso,snies_primer_curso_2022.xlsx,47234,9933-108082-20621,Resto del país,UNIVERSIDAD NACIONAL DE COLOMBIA,Universidad Nacional De Colombia,True
9933,UNIVERSIDAD NACIONAL DE COLOMBIA,108082,ESTADÍSTICA,Cesar,La Paz,20621,Masculino,2022,2,OFICIAL,15,Presencial,Cercano,ingreso,snies_primer_curso_2022.xlsx,47235,9933-108082-20621,Resto del país,UNIVERSIDAD NACIONAL DE COLOMBIA,Universidad Nacional De Colombia,True
9933,UNIVERSIDAD NACIONAL DE COLOMBIA,108082,ESTADÍSTICA,Cesar,La Paz,20621,Femenino,2022,1,OFICIAL,9,Presencial,Cercano,ingreso,snies_primer_curso_2022.xlsx,47236,9933-108082-20621,Resto del país,UNIVERSIDAD NACIONAL DE COLOMBIA,Universidad Nacional De Colombia,True
9933,UNIVERSIDAD NACIONAL DE COLOMBIA,108082,ESTADÍSTICA,Cesar,La Paz,20621,Femenino,2022,2,OFICIAL,8,Presencial,Cercano,ingreso,snies_primer_curso_2022.xlsx,47237,9933-108082-20621,Resto del país,UNIVERSIDAD NACIONAL DE COLOMBIA,Universidad Nacional De Colombia,True
1101,UNIVERSIDAD NACIONAL DE COLOMBIA,32,ESTADISTICA,"Bogotá, D.C.","Bogotá, D.C.",11001,Masculino,2023,1,Oficial,30,Presencial,Cercano,ingreso,snies_primer_curso_2023.xlsx,116,1101-32-11001,Benchmark nacional,Universidad Nacional de Colombia - Bogotá,UNAL Bogotá,True
1101,UNIVERSIDAD NACIONAL DE COLOMBIA,32,ESTADISTICA,"Bogotá, D.C.","Bogotá, D.C.",11001,Masculino,2023,2,Oficial,35,Presencial,Cercano,ingreso,snies_primer_curso_2023.xlsx,117,1101-32-11001,Benchmark nacional,Universidad Nacional de Colombia - Bogotá,UNAL Bogotá,True
1101,UNIVERSIDAD NACIONAL DE COLOMBIA,32,ESTADISTICA,"Bogotá, D.C.","Bogotá, D.C.",11001,Femenino,2023,1,Oficial,19,Presencial,Cercano,ingreso,snies_primer_curso_2023.xlsx,118,1101-32-11001,Benchmark nacional,Universidad Nacional de Colombia - Bogotá,UNAL Bogotá,True
1101,UNIVERSIDAD NACIONAL DE COLOMBIA,32,ESTADISTICA,"Bogotá, D.C.","Bogotá, D.C.",11001,Femenino,2023,2,Oficial,7,Presencial,Cercano,ingreso,snies_primer_curso_2023.xlsx,119,1101-32-11001,Benchmark nacional,Universidad Nacional de Colombia - Bogotá,UNAL Bogotá,True
1101,UNIVERSIDAD NACIONAL DE COLOMBIA,106341,CIENCIAS DE LA COMPUTACIÓN,"Bogotá, D.C.","Bogotá, D.C.",11001,Masculino,2023,1,Oficial,27,Presencial,Cercano,ingreso,snies_primer_curso_2023.xlsx,644,1101-106341-11001,Benchmark nacional,Universidad Nacional de Colombia - Bogotá,UNAL Bogotá,True
1101,UNIVERSIDAD NACIONAL DE COLOMBIA,106341,CIENCIAS DE LA COMPUTACIÓN,"Bogotá, D.C.","Bogotá, D.C.",11001,Masculino,2023,2,Oficial,36,Presencial,Cercano,ingreso,snies_primer_curso_2023.xlsx,645,1101-106341-11001,Benchmark nacional,Universidad Nacional de Colombia - Bogotá,UNAL Bogotá,True
1101,UNIVERSIDAD NACIONAL DE COLOMBIA,106341,CIENCIAS DE LA COMPUTACIÓN,"Bogotá, D.C.","Bogotá, D.C.",11001,Femenino,2023,1,Oficial,4,Presencial,Cercano,ingreso,snies_primer_curso_2023.xlsx,646,1101-106341-11001,Benchmark nacional,Universidad Nacional de Colombia - Bogotá,UNAL Bogotá,True
1101,UNIVERSIDAD NACIONAL DE COLOMBIA,106341,CIENCIAS DE LA COMPUTACIÓN,"Bogotá, D.C.","Bogotá, D.C.",11001,Femenino,2023,2,Oficial,6,Presencial,Cercano,ingreso,snies_primer_curso_2023.xlsx,647,1101-106341-11001,Benchmark nacional,Universidad Nacional de Colombia - Bogotá,UNAL Bogotá,True
1102,UNIVERSIDAD NACIONAL DE COLOMBIA,16920,ESTADISTICA,Antioquia,Medellín,5001,Masculino,2023,1,Oficial,45,Presencial,Cercano,ingreso,snies_primer_curso_2023.xlsx,817,1102-16920-5001,G8 Medellín,Universidad Nacional de Colombia - Medellín,UNAL Medellín,True
1102,UNIVERSIDAD NACIONAL DE COLOMBIA,16920,ESTADISTICA,Antioquia,Medellín,5001,Masculino,2023,2,Oficial,24,Presencial,Cercano,ingreso,snies_primer_curso_2023.xlsx,818,1102-16920-5001,G8 Medellín,Universidad Nacional de Colombia - Medellín,UNAL Medellín,True
1102,UNIVERSIDAD NACIONAL DE COLOMBIA,16920,ESTADISTICA,Antioquia,Medellín,5001,Femenino,2023,1,Oficial,25,Presencial,Cercano,ingreso,snies_primer_curso_2023.xlsx,819,1102-16920-5001,G8 Medellín,Universidad Nacional de Colombia - Medellín,UNAL Medellín,True
1102,UNIVERSIDAD NACIONAL DE COLOMBIA,16920,ESTADISTICA,Antioquia,Medellín,5001,Femenino,2023,2,Oficial,13,Presencial,Cercano,ingreso,snies_primer_curso_2023.xlsx,820,1102-16920-5001,G8 Medellín,Universidad Nacional de Colombia - Medellín,UNAL Medellín,True
1102,UNIVERSIDAD NACIONAL DE COLOMBIA,107447,CIENCIAS DE LA COMPUTACIÓN,Antioquia,Medellín,5001,Masculino,2023,1,Oficial,22,Presencial,Cercano,ingreso,snies_primer_curso_2023.xlsx,1001,1102-107447-5001,G8 Medellín,Universidad Nacional de Colombia - Medellín,UNAL Medellín,True
1102,UNIVERSIDAD NACIONAL DE COLOMBIA,107447,CIENCIAS DE LA COMPUTACIÓN,Antioquia,Medellín,5001,Masculino,2023,2,Oficial,36,Presencial,Cercano,ingreso,snies_primer_curso_2023.xlsx,1002,1102-107447-5001,G8 Medellín,Universidad Nacional de Colombia - Medellín,UNAL Medellín,True
1102,UNIVERSIDAD NACIONAL DE COLOMBIA,107447,CIENCIAS DE LA COMPUTACIÓN,Antioquia,Medellín,5001,Femenino,2023,1,Oficial,3,Presencial,Cercano,ingreso,snies_primer_curso_2023.xlsx,1003,1102-107447-5001,G8 Medellín,Universidad Nacional de Colombia - Medellín,UNAL Medellín,True
1102,UNIVERSIDAD NACIONAL DE COLOMBIA,107447,CIENCIAS DE LA COMPUTACIÓN,Antioquia,Medellín,5001,Femenino,2023,2,Oficial,2,Presencial,Cercano,ingreso,snies_primer_curso_2023.xlsx,1004,1102-107447-5001,G8 Medellín,Universidad Nacional de Colombia - Medellín,UNAL Medellín,True
1103,UNIVERSIDAD NACIONAL DE COLOMBIA,110177,CIENCIAS DE LA COMPUTACIÓN,Caldas,Manizales,17001,Masculino,2023,1,Oficial,32,Presencial,Cercano,ingreso,snies_primer_curso_2023.xlsx,1149,1103-110177-17001,Resto del país,UNIVERSIDAD NACIONAL DE COLOMBIA,Universidad Nacional De Colombia,True
1103,UNIVERSIDAD NACIONAL DE COLOMBIA,110177,CIENCIAS DE LA COMPUTACIÓN,Caldas,Manizales,17001,Masculino,2023,2,Oficial,30,Presencial,Cercano,ingreso,snies_primer_curso_2023.xlsx,1150,1103-110177-17001,Resto del país,UNIVERSIDAD NACIONAL DE COLOMBIA,Universidad Nacional De Colombia,True
1103,UNIVERSIDAD NACIONAL DE COLOMBIA,110177,CIENCIAS DE LA COMPUTACIÓN,Caldas,Manizales,17001,Femenino,2023,1,Oficial,4,Presencial,Cercano,ingreso,snies_primer_curso_2023.xlsx,1151,1103-110177-17001,Resto del país,UNIVERSIDAD NACIONAL DE COLOMBIA,Universidad Nacional De Colombia,True
1103,UNIVERSIDAD NACIONAL DE COLOMBIA,110177,CIENCIAS DE LA COMPUTACIÓN,Caldas,Manizales,17001,Femenino,2023,2,Oficial,8,Presencial,Cercano,ingreso,snies_primer_curso_2023.xlsx,1152,1103-110177-17001,Resto del país,UNIVERSIDAD NACIONAL DE COLOMBIA,Universidad Nacional De Colombia,True
1113,UNIVERSIDAD DE CORDOBA,103514,ESTADÍSTICA,Córdoba,Montería,23001,Masculino,2023,1,Oficial,23,Presencial,Cercano,ingreso,snies_primer_curso_2023.xlsx,2718,1113-103514-23001,Resto del país,UNIVERSIDAD DE CORDOBA,Universidad De Cordoba,True
1113,UNIVERSIDAD DE CORDOBA,103514,ESTADÍSTICA,Córdoba,Montería,23001,Masculino,2023,2,Oficial,27,Presencial,Cercano,ingreso,snies_primer_curso_2023.xlsx,2719,1113-103514-23001,Resto del país,UNIVERSIDAD DE CORDOBA,Universidad De Cordoba,True
1113,UNIVERSIDAD DE CORDOBA,103514,ESTADÍSTICA,Córdoba,Montería,23001,Femenino,2023,1,Oficial,16,Presencial,Cercano,ingreso,snies_primer_curso_2023.xlsx,2720,1113-103514-23001,Resto del país,UNIVERSIDAD DE CORDOBA,Universidad De Cordoba,True
1113,UNIVERSIDAD DE CORDOBA,103514,ESTADÍSTICA,Córdoba,Montería,23001,Femenino,2023,2,Oficial,11,Presencial,Cercano,ingreso,snies_primer_curso_2023.xlsx,2721,1113-103514-23001,Resto del país,UNIVERSIDAD DE CORDOBA,Universidad De Cordoba,True
1201,UNIVERSIDAD DE ANTIOQUIA,101571,ESTADÍSTICA,Antioquia,Medellín,5001,Masculino,2023,1,Oficial,17,Presencial,Cercano,ingreso,snies_primer_curso_2023.xlsx,4368,1201-101571-5001,G8 Medellín,Universidad de Antioquia (UdeA),UdeA,True
1201,UNIVERSIDAD DE ANTIOQUIA,101571,ESTADÍSTICA,Antioquia,Medellín,5001,Masculino,2023,2,Oficial,20,Presencial,Cercano,ingreso,snies_primer_curso_2023.xlsx,4369,1201-101571-5001,G8 Medellín,Universidad de Antioquia (UdeA),UdeA,True
1201,UNIVERSIDAD DE ANTIOQUIA,101571,ESTADÍSTICA,Antioquia,Medellín,5001,Femenino,2023,1,Oficial,19,Presencial,Cercano,ingreso,snies_primer_curso_2023.xlsx,4370,1201-101571-5001,G8 Medellín,Universidad de Antioquia (UdeA),UdeA,True
1201,UNIVERSIDAD DE ANTIOQUIA,101571,ESTADÍSTICA,Antioquia,Medellín,5001,Femenino,2023,2,Oficial,11,Presencial,Cercano,ingreso,snies_primer_curso_2023.xlsx,4371,1201-101571-5001,G8 Medellín,Universidad de Antioquia (UdeA),UdeA,True
1203,UNIVERSIDAD DEL VALLE,593,ESTADISTICA,Valle del Cauca,Santiago de Cali,76001,Masculino,2023,1,Oficial,35,Presencial,Cercano,ingreso,snies_primer_curso_2023.xlsx,5032,1203-593-76001,Resto del país,UNIVERSIDAD DEL VALLE,Universidad Del Valle,True
1203,UNIVERSIDAD DEL VALLE,593,ESTADISTICA,Valle del Cauca,Santiago de Cali,76001,Femenino,2023,1,Oficial,18,Presencial,Cercano,ingreso,snies_primer_curso_2023.xlsx,5033,1203-593-76001,Resto del país,UNIVERSIDAD DEL VALLE,Universidad Del Valle,True
1207,UNIVERSIDAD DEL TOLIMA,3345,MATEMATICAS CON ENFASIS EN ESTADISTICA,Tolima,Ibagué,73001,Masculino,2023,1,Oficial,18,Presencial,Cercano,ingreso,snies_primer_curso_2023.xlsx,6505,1207-3345-73001,Resto del país,UNIVERSIDAD DEL TOLIMA,Universidad Del Tolima,True
1207,UNIVERSIDAD DEL TOLIMA,3345,MATEMATICAS CON ENFASIS EN ESTADISTICA,Tolima,Ibagué,73001,Masculino,2023,2,Oficial,22,Presencial,Cercano,ingreso,snies_primer_curso_2023.xlsx,6506,1207-3345-73001,Resto del país,UNIVERSIDAD DEL TOLIMA,Universidad Del Tolima,True
1207,UNIVERSIDAD DEL TOLIMA,3345,MATEMATICAS CON ENFASIS EN ESTADISTICA,Tolima,Ibagué,73001,Femenino,2023,1,Oficial,11,Presencial,Cercano,ingreso,snies_primer_curso_2023.xlsx,6507,1207-3345-73001,Resto del país,UNIVERSIDAD DEL TOLIMA,Universidad Del Tolima,True
1207,UNIVERSIDAD DEL TOLIMA,3345,MATEMATICAS CON ENFASIS EN ESTADISTICA,Tolima,Ibagué,73001,Femenino,2023,2,Oficial,15,Presencial,Cercano,ingreso,snies_primer_curso_2023.xlsx,6508,1207-3345-73001,Resto del país,UNIVERSIDAD DEL TOLIMA,Universidad Del Tolima,True
1701,PONTIFICIA UNIVERSIDAD JAVERIANA,108890,CIENCIA DE DATOS,"Bogotá, D.C.","Bogotá, D.C.",11001,Masculino,2023,1,Privado,20,Presencial,Directo,ingreso,snies_primer_curso_2023.xlsx,9034,1701-108890-11001,Benchmark nacional,Pontificia Universidad Javeriana,Javeriana,True
1701,PONTIFICIA UNIVERSIDAD JAVERIANA,108890,CIENCIA DE DATOS,"Bogotá, D.C.","Bogotá, D.C.",11001,Masculino,2023,2,Privado,22,Presencial,Directo,ingreso,snies_primer_curso_2023.xlsx,9035,1701-108890-11001,Benchmark nacional,Pontificia Universidad Javeriana,Javeriana,True
1701,PONTIFICIA UNIVERSIDAD JAVERIANA,108890,CIENCIA DE DATOS,"Bogotá, D.C.","Bogotá, D.C.",11001,Femenino,2023,1,Privado,10,Presencial,Directo,ingreso,snies_primer_curso_2023.xlsx,9036,1701-108890-11001,Benchmark nacional,Pontificia Universidad Javeriana,Javeriana,True
1701,PONTIFICIA UNIVERSIDAD JAVERIANA,108890,CIENCIA DE DATOS,"Bogotá, D.C.","Bogotá, D.C.",11001,Femenino,2023,2,Privado,10,Presencial,Directo,ingreso,snies_primer_curso_2023.xlsx,9037,1701-108890-11001,Benchmark nacional,Pontificia Universidad Javeriana,Javeriana,True
1704,UNIVERSIDAD SANTO TOMAS,52000,ESTADÍSTICA,"Bogotá, D.C.","Bogotá, D.C.",11001,Masculino,2023,1,Privado,22,Presencial,Cercano,ingreso,snies_primer_curso_2023.xlsx,9731,1704-52000-11001,Resto del país,UNIVERSIDAD SANTO TOMAS,Universidad Santo Tomas,True
1704,UNIVERSIDAD SANTO TOMAS,52000,ESTADÍSTICA,"Bogotá, D.C.","Bogotá, D.C.",11001,Masculino,2023,2,Privado,20,Presencial,Cercano,ingreso,snies_primer_curso_2023.xlsx,9732,1704-52000-11001,Resto del país,UNIVERSIDAD SANTO TOMAS,Universidad Santo Tomas,True
1704,UNIVERSIDAD SANTO TOMAS,52000,ESTADÍSTICA,"Bogotá, D.C.","Bogotá, D.C.",11001,Femenino,2023,1,Privado,13,Presencial,Cercano,ingreso,snies_primer_curso_2023.xlsx,9733,1704-52000-11001,Resto del país,UNIVERSIDAD SANTO TOMAS,Universidad Santo Tomas,True
1704,UNIVERSIDAD SANTO TOMAS,52000,ESTADÍSTICA,"Bogotá, D.C.","Bogotá, D.C.",11001,Femenino,2023,2,Privado,9,Presencial,Cercano,ingreso,snies_primer_curso_2023.xlsx,9734,1704-52000-11001,Resto del país,UNIVERSIDAD SANTO TOMAS,Universidad Santo Tomas,True
1706,UNIVERSIDAD EXTERNADO DE COLOMBIA,110032,CIENCIA DE DATOS,"Bogotá, D.C.","Bogotá, D.C.",11001,Masculino,2023,1,Privado,42,Presencial,Directo,ingreso,snies_primer_curso_2023.xlsx,10896,1706-110032-11001,Resto del país,UNIVERSIDAD EXTERNADO DE COLOMBIA,Universidad Externado De Colombia,True
1706,UNIVERSIDAD EXTERNADO DE COLOMBIA,110032,CIENCIA DE DATOS,"Bogotá, D.C.","Bogotá, D.C.",11001,Masculino,2023,2,Privado,44,Presencial,Directo,ingreso,snies_primer_curso_2023.xlsx,10897,1706-110032-11001,Resto del país,UNIVERSIDAD EXTERNADO DE COLOMBIA,Universidad Externado De Colombia,True
1706,UNIVERSIDAD EXTERNADO DE COLOMBIA,110032,CIENCIA DE DATOS,"Bogotá, D.C.","Bogotá, D.C.",11001,Femenino,2023,1,Privado,18,Presencial,Directo,ingreso,snies_primer_curso_2023.xlsx,10898,1706-110032-11001,Resto del país,UNIVERSIDAD EXTERNADO DE COLOMBIA,Universidad Externado De Colombia,True
1706,UNIVERSIDAD EXTERNADO DE COLOMBIA,110032,CIENCIA DE DATOS,"Bogotá, D.C.","Bogotá, D.C.",11001,Femenino,2023,2,Privado,21,Presencial,Directo,ingreso,snies_primer_curso_2023.xlsx,10899,1706-110032-11001,Resto del país,UNIVERSIDAD EXTERNADO DE COLOMBIA,Universidad Externado De Colombia,True
1710,UNIVERSIDAD PONTIFICIA BOLIVARIANA,108578,INGENIERÍA EN CIENCIA DE DATOS,Antioquia,Medellín,5001,Masculino,2023,1,Privado,13,Presencial,Directo,ingreso,snies_primer_curso_2023.xlsx,11740,1710-108578-5001,G8 Medellín,Universidad Pontificia Bolivariana (UPB),UPB Medellín,True
1710,UNIVERSIDAD PONTIFICIA BOLIVARIANA,108578,INGENIERÍA EN CIENCIA DE DATOS,Antioquia,Medellín,5001,Masculino,2023,2,Privado,17,Presencial,Directo,ingreso,snies_primer_curso_2023.xlsx,11741,1710-108578-5001,G8 Medellín,Universidad Pontificia Bolivariana (UPB),UPB Medellín,True
1710,UNIVERSIDAD PONTIFICIA BOLIVARIANA,108578,INGENIERÍA EN CIENCIA DE DATOS,Antioquia,Medellín,5001,Femenino,2023,1,Privado,4,Presencial,Directo,ingreso,snies_primer_curso_2023.xlsx,11742,1710-108578-5001,G8 Medellín,Universidad Pontificia Bolivariana (UPB),UPB Medellín,True
1710,UNIVERSIDAD PONTIFICIA BOLIVARIANA,108578,INGENIERÍA EN CIENCIA DE DATOS,Antioquia,Medellín,5001,Femenino,2023,2,Privado,7,Presencial,Directo,ingreso,snies_primer_curso_2023.xlsx,11743,1710-108578-5001,G8 Medellín,Universidad Pontificia Bolivariana (UPB),UPB Medellín,True
1712,UNIVERSIDAD EAFIT-,11498,INGENIERIA MATEMATICA,Antioquia,Medellín,5001,Masculino,2023,1,Privado,28,Presencial,Cercano,ingreso,snies_primer_curso_2023.xlsx,12260,1712-11498-5001,G8 Medellín,Universidad EAFIT,EAFIT,True
1712,UNIVERSIDAD EAFIT-,11498,INGENIERIA MATEMATICA,Antioquia,Medellín,5001,Masculino,2023,2,Privado,11,Presencial,Cercano,ingreso,snies_primer_curso_2023.xlsx,12261,1712-11498-5001,G8 Medellín,Universidad EAFIT,EAFIT,True
1712,UNIVERSIDAD EAFIT-,11498,INGENIERIA MATEMATICA,Antioquia,Medellín,5001,Femenino,2023,1,Privado,5,Presencial,Cercano,ingreso,snies_primer_curso_2023.xlsx,12262,1712-11498-5001,G8 Medellín,Universidad EAFIT,EAFIT,True
1712,UNIVERSIDAD EAFIT-,11498,INGENIERIA MATEMATICA,Antioquia,Medellín,5001,Femenino,2023,2,Privado,6,Presencial,Cercano,ingreso,snies_primer_curso_2023.xlsx,12263,1712-11498-5001,G8 Medellín,Universidad EAFIT,EAFIT,True
1713,UNIVERSIDAD DEL NORTE,110172,CIENCIA DE DATOS,Atlántico,Barranquilla,8001,Masculino,2023,1,Privado,27,Presencial,Directo,ingreso,snies_primer_curso_2023.xlsx,12888,1713-110172-8001,Benchmark nacional,Universidad del Norte,Uninorte,True
1713,UNIVERSIDAD DEL NORTE,110172,CIENCIA DE DATOS,Atlántico,Barranquilla,8001,Masculino,2023,2,Privado,16,Presencial,Directo,ingreso,snies_primer_curso_2023.xlsx,12889,1713-110172-8001,Benchmark nacional,Universidad del Norte,Uninorte,True
1713,UNIVERSIDAD DEL NORTE,110172,CIENCIA DE DATOS,Atlántico,Barranquilla,8001,Femenino,2023,1,Privado,7,Presencial,Directo,ingreso,snies_primer_curso_2023.xlsx,12890,1713-110172-8001,Benchmark nacional,Universidad del Norte,Uninorte,True
1713,UNIVERSIDAD DEL NORTE,110172,CIENCIA DE DATOS,Atlántico,Barranquilla,8001,Femenino,2023,2,Privado,9,Presencial,Directo,ingreso,snies_primer_curso_2023.xlsx,12891,1713-110172-8001,Benchmark nacional,Universidad del Norte,Uninorte,True
1714,COLEGIO MAYOR DE NUESTRA SEÑORA DEL ROSARIO,105653,MATEMÁTICAS APLICADAS Y CIENCIAS DE LA COMPUTACIÓN,"Bogotá, D.C.","Bogotá, D.C.",11001,Masculino,2023,1,Privado,36,Presencial,Cercano,ingreso,snies_primer_curso_2023.xlsx,13196,1714-105653-11001,Benchmark nacional,Universidad del Rosario,Rosario,True
1714,COLEGIO MAYOR DE NUESTRA SEÑORA DEL ROSARIO,105653,MATEMÁTICAS APLICADAS Y CIENCIAS DE LA COMPUTACIÓN,"Bogotá, D.C.","Bogotá, D.C.",11001,Masculino,2023,2,Privado,27,Presencial,Cercano,ingreso,snies_primer_curso_2023.xlsx,13197,1714-105653-11001,Benchmark nacional,Universidad del Rosario,Rosario,True
1714,COLEGIO MAYOR DE NUESTRA SEÑORA DEL ROSARIO,105653,MATEMÁTICAS APLICADAS Y CIENCIAS DE LA COMPUTACIÓN,"Bogotá, D.C.","Bogotá, D.C.",11001,Femenino,2023,1,Privado,16,Presencial,Cercano,ingreso,snies_primer_curso_2023.xlsx,13198,1714-105653-11001,Benchmark nacional,Universidad del Rosario,Rosario,True
1714,COLEGIO MAYOR DE NUESTRA SEÑORA DEL ROSARIO,105653,MATEMÁTICAS APLICADAS Y CIENCIAS DE LA COMPUTACIÓN,"Bogotá, D.C.","Bogotá, D.C.",11001,Femenino,2023,2,Privado,8,Presencial,Cercano,ingreso,snies_primer_curso_2023.xlsx,13199,1714-105653-11001,Benchmark nacional,Universidad del Rosario,Rosario,True
1715,FUNDACION UNIVERSIDAD DE AMERICA,107649,ESTADISTICA Y CIENCIAS ACTUARIALES,"Bogotá, D.C.","Bogotá, D.C.",11001,Masculino,2023,1,Privado,3,Presencial,Cercano,ingreso,snies_primer_curso_2023.xlsx,13482,1715-107649-11001,Resto del país,FUNDACION UNIVERSIDAD DE AMERICA,Fundacion Universidad De America,True
1715,FUNDACION UNIVERSIDAD DE AMERICA,107649,ESTADISTICA Y CIENCIAS ACTUARIALES,"Bogotá, D.C.","Bogotá, D.C.",11001,Femenino,2023,1,Privado,1,Presencial,Cercano,ingreso,snies_primer_curso_2023.xlsx,13483,1715-107649-11001,Resto del país,FUNDACION UNIVERSIDAD DE AMERICA,Fundacion Universidad De America,True
1715,FUNDACION UNIVERSIDAD DE AMERICA,107649,ESTADISTICA Y CIENCIAS ACTUARIALES,"Bogotá, D.C.","Bogotá, D.C.",11001,Femenino,2023,2,Privado,1,Presencial,Cercano,ingreso,snies_primer_curso_2023.xlsx,13484,1715-107649-11001,Resto del país,FUNDACION UNIVERSIDAD DE AMERICA,Fundacion Universidad De America,True
1728,UNIVERSIDAD SERGIO ARBOLEDA,7773,CIENCIAS DE LA COMPUTACIÓN E INTELIGENCIA ARTIFICIAL,"Bogotá, D.C.","Bogotá, D.C.",11001,Masculino,2023,1,Privado,25,Presencial,Cercano,ingreso,snies_primer_curso_2023.xlsx,14808,1728-7773-11001,Resto del país,UNIVERSIDAD SERGIO ARBOLEDA,Universidad Sergio Arboleda,True
1728,UNIVERSIDAD SERGIO ARBOLEDA,7773,CIENCIAS DE LA COMPUTACIÓN E INTELIGENCIA ARTIFICIAL,"Bogotá, D.C.","Bogotá, D.C.",11001,Masculino,2023,2,Privado,34,Presencial,Cercano,ingreso,snies_primer_curso_2023.xlsx,14809,1728-7773-11001,Resto del país,UNIVERSIDAD SERGIO ARBOLEDA,Universidad Sergio Arboleda,True
1728,UNIVERSIDAD SERGIO ARBOLEDA,7773,CIENCIAS DE LA COMPUTACIÓN E INTELIGENCIA ARTIFICIAL,"Bogotá, D.C.","Bogotá, D.C.",11001,Femenino,2023,1,Privado,8,Presencial,Cercano,ingreso,snies_primer_curso_2023.xlsx,14810,1728-7773-11001,Resto del país,UNIVERSIDAD SERGIO ARBOLEDA,Universidad Sergio Arboleda,True
1728,UNIVERSIDAD SERGIO ARBOLEDA,7773,CIENCIAS DE LA COMPUTACIÓN E INTELIGENCIA ARTIFICIAL,"Bogotá, D.C.","Bogotá, D.C.",11001,Femenino,2023,2,Privado,4,Presencial,Cercano,ingreso,snies_primer_curso_2023.xlsx,14811,1728-7773-11001,Resto del país,UNIVERSIDAD SERGIO ARBOLEDA,Universidad Sergio Arboleda,True
1729,UNIVERSIDAD EL BOSQUE,103722,ESTADÍSTICA,"Bogotá, D.C.","Bogotá, D.C.",11001,Masculino,2023,1,Privado,8,Presencial,Cercano,ingreso,snies_primer_curso_2023.xlsx,15391,1729-103722-11001,Resto del país,UNIVERSIDAD EL BOSQUE,Universidad El Bosque,True
1729,UNIVERSIDAD EL BOSQUE,103722,ESTADÍSTICA,"Bogotá, D.C.","Bogotá, D.C.",11001,Masculino,2023,2,Privado,9,Presencial,Cercano,ingreso,snies_primer_curso_2023.xlsx,15392,1729-103722-11001,Resto del país,UNIVERSIDAD EL BOSQUE,Universidad El Bosque,True
1729,UNIVERSIDAD EL BOSQUE,103722,ESTADÍSTICA,"Bogotá, D.C.","Bogotá, D.C.",11001,Femenino,2023,1,Privado,8,Presencial,Cercano,ingreso,snies_primer_curso_2023.xlsx,15393,1729-103722-11001,Resto del país,UNIVERSIDAD EL BOSQUE,Universidad El Bosque,True
1729,UNIVERSIDAD EL BOSQUE,103722,ESTADÍSTICA,"Bogotá, D.C.","Bogotá, D.C.",11001,Femenino,2023,2,Privado,1,Presencial,Cercano,ingreso,snies_primer_curso_2023.xlsx,15394,1729-103722-11001,Resto del país,UNIVERSIDAD EL BOSQUE,Universidad El Bosque,True
1812,UNIVERSIDAD DE MEDELLIN,103268,COMPUTACIÓN CIENTÍFICA,Antioquia,Medellín,5001,Masculino,2023,2,Privado,8,Presencial,Cercano,ingreso,snies_primer_curso_2023.xlsx,17849,1812-103268-5001,G8 Medellín,Universidad de Medellín,U. de Medellín,True
1812,UNIVERSIDAD DE MEDELLIN,103268,COMPUTACIÓN CIENTÍFICA,Antioquia,Medellín,5001,Femenino,2023,2,Privado,10,Presencial,Cercano,ingreso,snies_primer_curso_2023.xlsx,17850,1812-103268-5001,G8 Medellín,Universidad de Medellín,U. de Medellín,True
1830,UNIVERSIDAD AUTONOMA DE OCCIDENTE,110368,INGENIERÍA DE DATOS E INTELIGENCIA ARTIFICIAL,Valle del Cauca,Santiago de Cali,76001,Masculino,2023,1,Privado,27,Presencial-Virtual,Directo,ingreso,snies_primer_curso_2023.xlsx,20854,1830-110368-76001,Resto del país,UNIVERSIDAD AUTONOMA DE OCCIDENTE,Universidad Autonoma De Occidente,False
1830,UNIVERSIDAD AUTONOMA DE OCCIDENTE,110368,INGENIERÍA DE DATOS E INTELIGENCIA ARTIFICIAL,Valle del Cauca,Santiago de Cali,76001,Masculino,2023,2,Privado,30,Presencial-Virtual,Directo,ingreso,snies_primer_curso_2023.xlsx,20855,1830-110368-76001,Resto del país,UNIVERSIDAD AUTONOMA DE OCCIDENTE,Universidad Autonoma De Occidente,False
1830,UNIVERSIDAD AUTONOMA DE OCCIDENTE,110368,INGENIERÍA DE DATOS E INTELIGENCIA ARTIFICIAL,Valle del Cauca,Santiago de Cali,76001,Femenino,2023,1,Privado,10,Presencial-Virtual,Directo,ingreso,snies_primer_curso_2023.xlsx,20856,1830-110368-76001,Resto del país,UNIVERSIDAD AUTONOMA DE OCCIDENTE,Universidad Autonoma De Occidente,False
1830,UNIVERSIDAD AUTONOMA DE OCCIDENTE,110368,INGENIERÍA DE DATOS E INTELIGENCIA ARTIFICIAL,Valle del Cauca,Santiago de Cali,76001,Femenino,2023,2,Privado,17,Presencial-Virtual,Directo,ingreso,snies_primer_curso_2023.xlsx,20857,1830-110368-76001,Resto del país,UNIVERSIDAD AUTONOMA DE OCCIDENTE,Universidad Autonoma De Occidente,False
2713,FUNDACION UNIVERSITARIA LOS LIBERTADORES,108275,ESTADÍSTICA,"Bogotá, D.C.","Bogotá, D.C.",11001,Masculino,2023,1,Privado,13,Presencial,Cercano,ingreso,snies_primer_curso_2023.xlsx,32660,2713-108275-11001,Resto del país,FUNDACION UNIVERSITARIA LOS LIBERTADORES,Fundacion Universitaria Los Libertadores,True
2713,FUNDACION UNIVERSITARIA LOS LIBERTADORES,108275,ESTADÍSTICA,"Bogotá, D.C.","Bogotá, D.C.",11001,Masculino,2023,2,Privado,10,Presencial,Cercano,ingreso,snies_primer_curso_2023.xlsx,32661,2713-108275-11001,Resto del país,FUNDACION UNIVERSITARIA LOS LIBERTADORES,Fundacion Universitaria Los Libertadores,True
2713,FUNDACION UNIVERSITARIA LOS LIBERTADORES,108275,ESTADÍSTICA,"Bogotá, D.C.","Bogotá, D.C.",11001,Femenino,2023,1,Privado,6,Presencial,Cercano,ingreso,snies_primer_curso_2023.xlsx,32662,2713-108275-11001,Resto del país,FUNDACION UNIVERSITARIA LOS LIBERTADORES,Fundacion Universitaria Los Libertadores,True
2713,FUNDACION UNIVERSITARIA LOS LIBERTADORES,108275,ESTADÍSTICA,"Bogotá, D.C.","Bogotá, D.C.",11001,Femenino,2023,2,Privado,4,Presencial,Cercano,ingreso,snies_primer_curso_2023.xlsx,32663,2713-108275-11001,Resto del país,FUNDACION UNIVERSITARIA LOS LIBERTADORES,Fundacion Universitaria Los Libertadores,True
2725,POLITECNICO GRANCOLOMBIANO,110098,INGENIERIA EN CIENCIA DE DATOS,"Bogotá, D.C.","Bogotá, D.C.",11001,Masculino,2023,1,Privado,6,Presencial,Directo,ingreso,snies_primer_curso_2023.xlsx,33705,2725-110098-11001,Resto del país,POLITECNICO GRANCOLOMBIANO,Politecnico Grancolombiano,True
2725,POLITECNICO GRANCOLOMBIANO,110098,INGENIERIA EN CIENCIA DE DATOS,"Bogotá, D.C.","Bogotá, D.C.",11001,Masculino,2023,2,Privado,18,Presencial,Directo,ingreso,snies_primer_curso_2023.xlsx,33706,2725-110098-11001,Resto del país,POLITECNICO GRANCOLOMBIANO,Politecnico Grancolombiano,True
2725,POLITECNICO GRANCOLOMBIANO,110098,INGENIERIA EN CIENCIA DE DATOS,"Bogotá, D.C.","Bogotá, D.C.",11001,Femenino,2023,1,Privado,4,Presencial,Directo,ingreso,snies_primer_curso_2023.xlsx,33707,2725-110098-11001,Resto del país,POLITECNICO GRANCOLOMBIANO,Politecnico Grancolombiano,True
2725,POLITECNICO GRANCOLOMBIANO,110098,INGENIERIA EN CIENCIA DE DATOS,"Bogotá, D.C.","Bogotá, D.C.",11001,Femenino,2023,2,Privado,11,Presencial,Directo,ingreso,snies_primer_curso_2023.xlsx,33708,2725-110098-11001,Resto del país,POLITECNICO GRANCOLOMBIANO,Politecnico Grancolombiano,True
2745,FUNDACIÓN UNIVERSITARIA COMPENSAR,110692,CIENCIA DE DATOS,"Bogotá, D.C.","Bogotá, D.C.",11001,Masculino,2023,1,Privado,8,Presencial,Directo,ingreso,snies_primer_curso_2023.xlsx,34945,2745-110692-11001,Resto del país,FUNDACIÓN UNIVERSITARIA COMPENSAR,Fundación Universitaria Compensar,True
2745,FUNDACIÓN UNIVERSITARIA COMPENSAR,110692,CIENCIA DE DATOS,"Bogotá, D.C.","Bogotá, D.C.",11001,Masculino,2023,2,Privado,13,Presencial,Directo,ingreso,snies_primer_curso_2023.xlsx,34946,2745-110692-11001,Resto del país,FUNDACIÓN UNIVERSITARIA COMPENSAR,Fundación Universitaria Compensar,True
2745,FUNDACIÓN UNIVERSITARIA COMPENSAR,110692,CIENCIA DE DATOS,"Bogotá, D.C.","Bogotá, D.C.",11001,Femenino,2023,1,Privado,3,Presencial,Directo,ingreso,snies_primer_curso_2023.xlsx,34947,2745-110692-11001,Resto del país,FUNDACIÓN UNIVERSITARIA COMPENSAR,Fundación Universitaria Compensar,True
2745,FUNDACIÓN UNIVERSITARIA COMPENSAR,110692,CIENCIA DE DATOS,"Bogotá, D.C.","Bogotá, D.C.",11001,Femenino,2023,2,Privado,6,Presencial,Directo,ingreso,snies_primer_curso_2023.xlsx,34948,2745-110692-11001,Resto del país,FUNDACIÓN UNIVERSITARIA COMPENSAR,Fundación Universitaria Compensar,True
2745,FUNDACIÓN UNIVERSITARIA COMPENSAR,111015,CIENCIA DE DATOS,"Bogotá, D.C.","Bogotá, D.C.",11001,Masculino,2023,1,Privado,29,Virtual,Directo,ingreso,snies_primer_curso_2023.xlsx,34957,2745-111015-11001,Resto del país,FUNDACIÓN UNIVERSITARIA COMPENSAR,Fundación Universitaria Compensar,True
2745,FUNDACIÓN UNIVERSITARIA COMPENSAR,111015,CIENCIA DE DATOS,"Bogotá, D.C.","Bogotá, D.C.",11001,Masculino,2023,2,Privado,26,Virtual,Directo,ingreso,snies_primer_curso_2023.xlsx,34958,2745-111015-11001,Resto del país,FUNDACIÓN UNIVERSITARIA COMPENSAR,Fundación Universitaria Compensar,True
2745,FUNDACIÓN UNIVERSITARIA COMPENSAR,111015,CIENCIA DE DATOS,"Bogotá, D.C.","Bogotá, D.C.",11001,Femenino,2023,1,Privado,11,Virtual,Directo,ingreso,snies_primer_curso_2023.xlsx,34959,2745-111015-11001,Resto del país,FUNDACIÓN UNIVERSITARIA COMPENSAR,Fundación Universitaria Compensar,True
2745,FUNDACIÓN UNIVERSITARIA COMPENSAR,111015,CIENCIA DE DATOS,"Bogotá, D.C.","Bogotá, D.C.",11001,Femenino,2023,2,Privado,8,Virtual,Directo,ingreso,snies_primer_curso_2023.xlsx,34960,2745-111015-11001,Resto del país,FUNDACIÓN UNIVERSITARIA COMPENSAR,Fundación Universitaria Compensar,True
2811,UNIVERSIDAD ESCUELA COLOMBIANA DE INGENIERIA JULIO GARAVITO,109408,INGENIERÍA ESTADÍSTICA,"Bogotá, D.C.","Bogotá, D.C.",11001,Masculino,2023,1,Privado,8,Presencial,Cercano,ingreso,snies_primer_curso_2023.xlsx,35829,2811-109408-11001,Resto del país,UNIVERSIDAD ESCUELA COLOMBIANA DE INGENIERIA JULIO GARAVITO,Universidad Escuela Colombiana De Ingenieria Julio Garavito,True
2811,UNIVERSIDAD ESCUELA COLOMBIANA DE INGENIERIA JULIO GARAVITO,109408,INGENIERÍA ESTADÍSTICA,"Bogotá, D.C.","Bogotá, D.C.",11001,Masculino,2023,2,Privado,5,Presencial,Cercano,ingreso,snies_primer_curso_2023.xlsx,35830,2811-109408-11001,Resto del país,UNIVERSIDAD ESCUELA COLOMBIANA DE INGENIERIA JULIO GARAVITO,Universidad Escuela Colombiana De Ingenieria Julio Garavito,True
2811,UNIVERSIDAD ESCUELA COLOMBIANA DE INGENIERIA JULIO GARAVITO,109408,INGENIERÍA ESTADÍSTICA,"Bogotá, D.C.","Bogotá, D.C.",11001,Femenino,2023,1,Privado,4,Presencial,Cercano,ingreso,snies_primer_curso_2023.xlsx,35831,2811-109408-11001,Resto del país,UNIVERSIDAD ESCUELA COLOMBIANA DE INGENIERIA JULIO GARAVITO,Universidad Escuela Colombiana De Ingenieria Julio Garavito,True
2811,UNIVERSIDAD ESCUELA COLOMBIANA DE INGENIERIA JULIO GARAVITO,109408,INGENIERÍA ESTADÍSTICA,"Bogotá, D.C.","Bogotá, D.C.",11001,Femenino,2023,2,Privado,1,Presencial,Cercano,ingreso,snies_primer_curso_2023.xlsx,35832,2811-109408-11001,Resto del país,UNIVERSIDAD ESCUELA COLOMBIANA DE INGENIERIA JULIO GARAVITO,Universidad Escuela Colombiana De Ingenieria Julio Garavito,True
2830,CORPORACION UNIVERSITARIA IBEROAMERICANA,110672,INGENIERIA EN CIENCIA DE DATOS,"Bogotá, D.C.","Bogotá, D.C.",11001,Masculino,2023,1,Privado,46,Virtual,Directo,ingreso,snies_primer_curso_2023.xlsx,37891,2830-110672-11001,Resto del país,CORPORACION UNIVERSITARIA IBEROAMERICANA,Corporacion Universitaria Iberoamericana,True
2830,CORPORACION UNIVERSITARIA IBEROAMERICANA,110672,INGENIERIA EN CIENCIA DE DATOS,"Bogotá, D.C.","Bogotá, D.C.",11001,Masculino,2023,2,Privado,64,Virtual,Directo,ingreso,snies_primer_curso_2023.xlsx,37892,2830-110672-11001,Resto del país,CORPORACION UNIVERSITARIA IBEROAMERICANA,Corporacion Universitaria Iberoamericana,True
2830,CORPORACION UNIVERSITARIA IBEROAMERICANA,110672,INGENIERIA EN CIENCIA DE DATOS,"Bogotá, D.C.","Bogotá, D.C.",11001,Femenino,2023,1,Privado,9,Virtual,Directo,ingreso,snies_primer_curso_2023.xlsx,37893,2830-110672-11001,Resto del país,CORPORACION UNIVERSITARIA IBEROAMERICANA,Corporacion Universitaria Iberoamericana,True
2830,CORPORACION UNIVERSITARIA IBEROAMERICANA,110672,INGENIERIA EN CIENCIA DE DATOS,"Bogotá, D.C.","Bogotá, D.C.",11001,Femenino,2023,2,Privado,27,Virtual,Directo,ingreso,snies_primer_curso_2023.xlsx,37894,2830-110672-11001,Resto del país,CORPORACION UNIVERSITARIA IBEROAMERICANA,Corporacion Universitaria Iberoamericana,True
5802,UNIVERSIDAD ECCI,103713,ESTADÍSTICA,"Bogotá, D.C.","Bogotá, D.C.",11001,Masculino,2023,1,Privado,8,Presencial,Cercano,ingreso,snies_primer_curso_2023.xlsx,44104,5802-103713-11001,Resto del país,UNIVERSIDAD ECCI,Universidad Ecci,True
5802,UNIVERSIDAD ECCI,103713,ESTADÍSTICA,"Bogotá, D.C.","Bogotá, D.C.",11001,Masculino,2023,2,Privado,4,Presencial,Cercano,ingreso,snies_primer_curso_2023.xlsx,44105,5802-103713-11001,Resto del país,UNIVERSIDAD ECCI,Universidad Ecci,True
5802,UNIVERSIDAD ECCI,103713,ESTADÍSTICA,"Bogotá, D.C.","Bogotá, D.C.",11001,Femenino,2023,1,Privado,3,Presencial,Cercano,ingreso,snies_primer_curso_2023.xlsx,44106,5802-103713-11001,Resto del país,UNIVERSIDAD ECCI,Universidad Ecci,True
5802,UNIVERSIDAD ECCI,103713,ESTADÍSTICA,"Bogotá, D.C.","Bogotá, D.C.",11001,Femenino,2023,2,Privado,1,Presencial,Cercano,ingreso,snies_primer_curso_2023.xlsx,44107,5802-103713-11001,Resto del país,UNIVERSIDAD ECCI,Universidad Ecci,True
9933,UNIVERSIDAD NACIONAL DE COLOMBIA,108082,ESTADÍSTICA,Cesar,La Paz,20621,Masculino,2023,1,Oficial,26,Presencial,Cercano,ingreso,snies_primer_curso_2023.xlsx,49225,9933-108082-20621,Resto del país,UNIVERSIDAD NACIONAL DE COLOMBIA,Universidad Nacional De Colombia,True
9933,UNIVERSIDAD NACIONAL DE COLOMBIA,108082,ESTADÍSTICA,Cesar,La Paz,20621,Masculino,2023,2,Oficial,18,Presencial,Cercano,ingreso,snies_primer_curso_2023.xlsx,49226,9933-108082-20621,Resto del país,UNIVERSIDAD NACIONAL DE COLOMBIA,Universidad Nacional De Colombia,True
9933,UNIVERSIDAD NACIONAL DE COLOMBIA,108082,ESTADÍSTICA,Cesar,La Paz,20621,Femenino,2023,1,Oficial,11,Presencial,Cercano,ingreso,snies_primer_curso_2023.xlsx,49227,9933-108082-20621,Resto del país,UNIVERSIDAD NACIONAL DE COLOMBIA,Universidad Nacional De Colombia,True
9933,UNIVERSIDAD NACIONAL DE COLOMBIA,108082,ESTADÍSTICA,Cesar,La Paz,20621,Femenino,2023,2,Oficial,6,Presencial,Cercano,ingreso,snies_primer_curso_2023.xlsx,49228,9933-108082-20621,Resto del país,UNIVERSIDAD NACIONAL DE COLOMBIA,Universidad Nacional De Colombia,True
1101,UNIVERSIDAD NACIONAL DE COLOMBIA,106341,CIENCIAS DE LA COMPUTACIÓN,"Bogotá, D.C.","Bogotá, D.C.",11001,Masculino,2024,1,Oficial,28,Presencial,Cercano,ingreso,snies_primer_curso_2024.xlsx,70,1101-106341-11001,Benchmark nacional,Universidad Nacional de Colombia - Bogotá,UNAL Bogotá,True
1101,UNIVERSIDAD NACIONAL DE COLOMBIA,106341,CIENCIAS DE LA COMPUTACIÓN,"Bogotá, D.C.","Bogotá, D.C.",11001,Masculino,2024,2,Oficial,28,Presencial,Cercano,ingreso,snies_primer_curso_2024.xlsx,71,1101-106341-11001,Benchmark nacional,Universidad Nacional de Colombia - Bogotá,UNAL Bogotá,True
1101,UNIVERSIDAD NACIONAL DE COLOMBIA,106341,CIENCIAS DE LA COMPUTACIÓN,"Bogotá, D.C.","Bogotá, D.C.",11001,Femenino,2024,1,Oficial,3,Presencial,Cercano,ingreso,snies_primer_curso_2024.xlsx,72,1101-106341-11001,Benchmark nacional,Universidad Nacional de Colombia - Bogotá,UNAL Bogotá,True
1101,UNIVERSIDAD NACIONAL DE COLOMBIA,106341,CIENCIAS DE LA COMPUTACIÓN,"Bogotá, D.C.","Bogotá, D.C.",11001,Femenino,2024,2,Oficial,4,Presencial,Cercano,ingreso,snies_primer_curso_2024.xlsx,73,1101-106341-11001,Benchmark nacional,Universidad Nacional de Colombia - Bogotá,UNAL Bogotá,True
1101,UNIVERSIDAD NACIONAL DE COLOMBIA,32,ESTADISTICA,"Bogotá, D.C.","Bogotá, D.C.",11001,Masculino,2024,1,Oficial,33,Presencial,Cercano,ingreso,snies_primer_curso_2024.xlsx,406,1101-32-11001,Benchmark nacional,Universidad Nacional de Colombia - Bogotá,UNAL Bogotá,True
1101,UNIVERSIDAD NACIONAL DE COLOMBIA,32,ESTADISTICA,"Bogotá, D.C.","Bogotá, D.C.",11001,Masculino,2024,2,Oficial,33,Presencial,Cercano,ingreso,snies_primer_curso_2024.xlsx,407,1101-32-11001,Benchmark nacional,Universidad Nacional de Colombia - Bogotá,UNAL Bogotá,True
1101,UNIVERSIDAD NACIONAL DE COLOMBIA,32,ESTADISTICA,"Bogotá, D.C.","Bogotá, D.C.",11001,Femenino,2024,1,Oficial,12,Presencial,Cercano,ingreso,snies_primer_curso_2024.xlsx,408,1101-32-11001,Benchmark nacional,Universidad Nacional de Colombia - Bogotá,UNAL Bogotá,True
1101,UNIVERSIDAD NACIONAL DE COLOMBIA,32,ESTADISTICA,"Bogotá, D.C.","Bogotá, D.C.",11001,Femenino,2024,2,Oficial,8,Presencial,Cercano,ingreso,snies_primer_curso_2024.xlsx,409,1101-32-11001,Benchmark nacional,Universidad Nacional de Colombia - Bogotá,UNAL Bogotá,True
1102,UNIVERSIDAD NACIONAL DE COLOMBIA,107447,CIENCIAS DE LA COMPUTACIÓN,Antioquia,Medellín,5001,Masculino,2024,1,Oficial,34,Presencial,Cercano,ingreso,snies_primer_curso_2024.xlsx,783,1102-107447-5001,G8 Medellín,Universidad Nacional de Colombia - Medellín,UNAL Medellín,True
1102,UNIVERSIDAD NACIONAL DE COLOMBIA,107447,CIENCIAS DE LA COMPUTACIÓN,Antioquia,Medellín,5001,Masculino,2024,2,Oficial,28,Presencial,Cercano,ingreso,snies_primer_curso_2024.xlsx,784,1102-107447-5001,G8 Medellín,Universidad Nacional de Colombia - Medellín,UNAL Medellín,True
1102,UNIVERSIDAD NACIONAL DE COLOMBIA,107447,CIENCIAS DE LA COMPUTACIÓN,Antioquia,Medellín,5001,Femenino,2024,1,Oficial,3,Presencial,Cercano,ingreso,snies_primer_curso_2024.xlsx,785,1102-107447-5001,G8 Medellín,Universidad Nacional de Colombia - Medellín,UNAL Medellín,True
1102,UNIVERSIDAD NACIONAL DE COLOMBIA,107447,CIENCIAS DE LA COMPUTACIÓN,Antioquia,Medellín,5001,Femenino,2024,2,Oficial,4,Presencial,Cercano,ingreso,snies_primer_curso_2024.xlsx,786,1102-107447-5001,G8 Medellín,Universidad Nacional de Colombia - Medellín,UNAL Medellín,True
1102,UNIVERSIDAD NACIONAL DE COLOMBIA,16920,ESTADISTICA,Antioquia,Medellín,5001,Masculino,2024,1,Oficial,36,Presencial,Cercano,ingreso,snies_primer_curso_2024.xlsx,885,1102-16920-5001,G8 Medellín,Universidad Nacional de Colombia - Medellín,UNAL Medellín,True
1102,UNIVERSIDAD NACIONAL DE COLOMBIA,16920,ESTADISTICA,Antioquia,Medellín,5001,Masculino,2024,2,Oficial,16,Presencial,Cercano,ingreso,snies_primer_curso_2024.xlsx,886,1102-16920-5001,G8 Medellín,Universidad Nacional de Colombia - Medellín,UNAL Medellín,True
1102,UNIVERSIDAD NACIONAL DE COLOMBIA,16920,ESTADISTICA,Antioquia,Medellín,5001,Femenino,2024,1,Oficial,31,Presencial,Cercano,ingreso,snies_primer_curso_2024.xlsx,887,1102-16920-5001,G8 Medellín,Universidad Nacional de Colombia - Medellín,UNAL Medellín,True
1102,UNIVERSIDAD NACIONAL DE COLOMBIA,16920,ESTADISTICA,Antioquia,Medellín,5001,Femenino,2024,2,Oficial,3,Presencial,Cercano,ingreso,snies_primer_curso_2024.xlsx,888,1102-16920-5001,G8 Medellín,Universidad Nacional de Colombia - Medellín,UNAL Medellín,True
1103,UNIVERSIDAD NACIONAL DE COLOMBIA,110177,CIENCIAS DE LA COMPUTACIÓN,Caldas,Manizales,17001,Masculino,2024,1,Oficial,34,Presencial,Cercano,ingreso,snies_primer_curso_2024.xlsx,1063,1103-110177-17001,Resto del país,UNIVERSIDAD NACIONAL DE COLOMBIA,Universidad Nacional De Colombia,True
1103,UNIVERSIDAD NACIONAL DE COLOMBIA,110177,CIENCIAS DE LA COMPUTACIÓN,Caldas,Manizales,17001,Masculino,2024,2,Oficial,64,Presencial,Cercano,ingreso,snies_primer_curso_2024.xlsx,1064,1103-110177-17001,Resto del país,UNIVERSIDAD NACIONAL DE COLOMBIA,Universidad Nacional De Colombia,True
1103,UNIVERSIDAD NACIONAL DE COLOMBIA,110177,CIENCIAS DE LA COMPUTACIÓN,Caldas,Manizales,17001,Femenino,2024,1,Oficial,5,Presencial,Cercano,ingreso,snies_primer_curso_2024.xlsx,1065,1103-110177-17001,Resto del país,UNIVERSIDAD NACIONAL DE COLOMBIA,Universidad Nacional De Colombia,True
1103,UNIVERSIDAD NACIONAL DE COLOMBIA,110177,CIENCIAS DE LA COMPUTACIÓN,Caldas,Manizales,17001,Femenino,2024,2,Oficial,19,Presencial,Cercano,ingreso,snies_primer_curso_2024.xlsx,1066,1103-110177-17001,Resto del país,UNIVERSIDAD NACIONAL DE COLOMBIA,Universidad Nacional De Colombia,True
1103,UNIVERSIDAD NACIONAL DE COLOMBIA,116559,Estadística,Caldas,Manizales,17001,Masculino,2024,2,Oficial,8,Presencial,Cercano,ingreso,snies_primer_curso_2024.xlsx,1074,1103-116559-17001,Resto del país,UNIVERSIDAD NACIONAL DE COLOMBIA,Universidad Nacional De Colombia,True
1103,UNIVERSIDAD NACIONAL DE COLOMBIA,116559,Estadística,Caldas,Manizales,17001,Femenino,2024,2,Oficial,10,Presencial,Cercano,ingreso,snies_primer_curso_2024.xlsx,1075,1103-116559-17001,Resto del país,UNIVERSIDAD NACIONAL DE COLOMBIA,Universidad Nacional De Colombia,True
1113,UNIVERSIDAD DE CORDOBA,103514,ESTADÍSTICA,Córdoba,Montería,23001,Masculino,2024,1,Oficial,26,Presencial,Cercano,ingreso,snies_primer_curso_2024.xlsx,2830,1113-103514-23001,Resto del país,UNIVERSIDAD DE CORDOBA,Universidad De Cordoba,True
1113,UNIVERSIDAD DE CORDOBA,103514,ESTADÍSTICA,Córdoba,Montería,23001,Masculino,2024,2,Oficial,48,Presencial,Cercano,ingreso,snies_primer_curso_2024.xlsx,2831,1113-103514-23001,Resto del país,UNIVERSIDAD DE CORDOBA,Universidad De Cordoba,True
1113,UNIVERSIDAD DE CORDOBA,103514,ESTADÍSTICA,Córdoba,Montería,23001,Femenino,2024,1,Oficial,12,Presencial,Cercano,ingreso,snies_primer_curso_2024.xlsx,2832,1113-103514-23001,Resto del país,UNIVERSIDAD DE CORDOBA,Universidad De Cordoba,True
1113,UNIVERSIDAD DE CORDOBA,103514,ESTADÍSTICA,Córdoba,Montería,23001,Femenino,2024,2,Oficial,13,Presencial,Cercano,ingreso,snies_primer_curso_2024.xlsx,2833,1113-103514-23001,Resto del país,UNIVERSIDAD DE CORDOBA,Universidad De Cordoba,True
1201,UNIVERSIDAD DE ANTIOQUIA,101571,ESTADÍSTICA,Antioquia,Medellín,5001,Masculino,2024,1,Oficial,26,Presencial,Cercano,ingreso,snies_primer_curso_2024.xlsx,4298,1201-101571-5001,G8 Medellín,Universidad de Antioquia (UdeA),UdeA,True
1201,UNIVERSIDAD DE ANTIOQUIA,101571,ESTADÍSTICA,Antioquia,Medellín,5001,Masculino,2024,2,Oficial,29,Presencial,Cercano,ingreso,snies_primer_curso_2024.xlsx,4299,1201-101571-5001,G8 Medellín,Universidad de Antioquia (UdeA),UdeA,True
1201,UNIVERSIDAD DE ANTIOQUIA,101571,ESTADÍSTICA,Antioquia,Medellín,5001,Femenino,2024,1,Oficial,13,Presencial,Cercano,ingreso,snies_primer_curso_2024.xlsx,4300,1201-101571-5001,G8 Medellín,Universidad de Antioquia (UdeA),UdeA,True
1201,UNIVERSIDAD DE ANTIOQUIA,101571,ESTADÍSTICA,Antioquia,Medellín,5001,Femenino,2024,2,Oficial,9,Presencial,Cercano,ingreso,snies_primer_curso_2024.xlsx,4301,1201-101571-5001,G8 Medellín,Universidad de Antioquia (UdeA),UdeA,True
1203,UNIVERSIDAD DEL VALLE,593,ESTADISTICA,Valle del Cauca,Santiago de Cali,76001,Masculino,2024,1,Oficial,42,Presencial,Cercano,ingreso,snies_primer_curso_2024.xlsx,6029,1203-593-76001,Resto del país,UNIVERSIDAD DEL VALLE,Universidad Del Valle,True
1203,UNIVERSIDAD DEL VALLE,593,ESTADISTICA,Valle del Cauca,Santiago de Cali,76001,Femenino,2024,1,Oficial,22,Presencial,Cercano,ingreso,snies_primer_curso_2024.xlsx,6030,1203-593-76001,Resto del país,UNIVERSIDAD DEL VALLE,Universidad Del Valle,True
1204,UNIVERSIDAD INDUSTRIAL DE SANTANDER,117201,Ingeniería en Ciencia de Datos,Santander,Bucaramanga,68001,Masculino,2024,2,Oficial,47,Presencial,Directo,ingreso,snies_primer_curso_2024.xlsx,6248,1204-117201-68001,Resto del país,UNIVERSIDAD INDUSTRIAL DE SANTANDER,Universidad Industrial De Santander,True
1204,UNIVERSIDAD INDUSTRIAL DE SANTANDER,117201,Ingeniería en Ciencia de Datos,Santander,Bucaramanga,68001,Femenino,2024,2,Oficial,17,Presencial,Directo,ingreso,snies_primer_curso_2024.xlsx,6249,1204-117201-68001,Resto del país,UNIVERSIDAD INDUSTRIAL DE SANTANDER,Universidad Industrial De Santander,True
1207,UNIVERSIDAD DEL TOLIMA,3345,MATEMATICAS CON ENFASIS EN ESTADISTICA,Tolima,Ibagué,73001,Masculino,2024,1,Oficial,15,Presencial,Cercano,ingreso,snies_primer_curso_2024.xlsx,7433,1207-3345-73001,Resto del país,UNIVERSIDAD DEL TOLIMA,Universidad Del Tolima,True
1207,UNIVERSIDAD DEL TOLIMA,3345,MATEMATICAS CON ENFASIS EN ESTADISTICA,Tolima,Ibagué,73001,Masculino,2024,2,Oficial,16,Presencial,Cercano,ingreso,snies_primer_curso_2024.xlsx,7434,1207-3345-73001,Resto del país,UNIVERSIDAD DEL TOLIMA,Universidad Del Tolima,True
1207,UNIVERSIDAD DEL TOLIMA,3345,MATEMATICAS CON ENFASIS EN ESTADISTICA,Tolima,Ibagué,73001,Femenino,2024,1,Oficial,7,Presencial,Cercano,ingreso,snies_primer_curso_2024.xlsx,7435,1207-3345-73001,Resto del país,UNIVERSIDAD DEL TOLIMA,Universidad Del Tolima,True
1207,UNIVERSIDAD DEL TOLIMA,3345,MATEMATICAS CON ENFASIS EN ESTADISTICA,Tolima,Ibagué,73001,Femenino,2024,2,Oficial,7,Presencial,Cercano,ingreso,snies_primer_curso_2024.xlsx,7436,1207-3345-73001,Resto del país,UNIVERSIDAD DEL TOLIMA,Universidad Del Tolima,True
1701,PONTIFICIA UNIVERSIDAD JAVERIANA,108890,CIENCIA DE DATOS,"Bogotá, D.C.","Bogotá, D.C.",11001,Masculino,2024,1,Privado,21,Presencial,Directo,ingreso,snies_primer_curso_2024.xlsx,9666,1701-108890-11001,Benchmark nacional,Pontificia Universidad Javeriana,Javeriana,True
1701,PONTIFICIA UNIVERSIDAD JAVERIANA,108890,CIENCIA DE DATOS,"Bogotá, D.C.","Bogotá, D.C.",11001,Masculino,2024,2,Privado,38,Presencial,Directo,ingreso,snies_primer_curso_2024.xlsx,9667,1701-108890-11001,Benchmark nacional,Pontificia Universidad Javeriana,Javeriana,True
1701,PONTIFICIA UNIVERSIDAD JAVERIANA,108890,CIENCIA DE DATOS,"Bogotá, D.C.","Bogotá, D.C.",11001,Femenino,2024,1,Privado,6,Presencial,Directo,ingreso,snies_primer_curso_2024.xlsx,9668,1701-108890-11001,Benchmark nacional,Pontificia Universidad Javeriana,Javeriana,True
1701,PONTIFICIA UNIVERSIDAD JAVERIANA,108890,CIENCIA DE DATOS,"Bogotá, D.C.","Bogotá, D.C.",11001,Femenino,2024,2,Privado,18,Presencial,Directo,ingreso,snies_primer_curso_2024.xlsx,9669,1701-108890-11001,Benchmark nacional,Pontificia Universidad Javeriana,Javeriana,True
1704,UNIVERSIDAD SANTO TOMAS,52000,ESTADÍSTICA,"Bogotá, D.C.","Bogotá, D.C.",11001,Masculino,2024,1,Privado,22,Presencial,Cercano,ingreso,snies_primer_curso_2024.xlsx,10952,1704-52000-11001,Resto del país,UNIVERSIDAD SANTO TOMAS,Universidad Santo Tomas,True
1704,UNIVERSIDAD SANTO TOMAS,52000,ESTADÍSTICA,"Bogotá, D.C.","Bogotá, D.C.",11001,Masculino,2024,2,Privado,15,Presencial,Cercano,ingreso,snies_primer_curso_2024.xlsx,10953,1704-52000-11001,Resto del país,UNIVERSIDAD SANTO TOMAS,Universidad Santo Tomas,True
1704,UNIVERSIDAD SANTO TOMAS,52000,ESTADÍSTICA,"Bogotá, D.C.","Bogotá, D.C.",11001,Femenino,2024,1,Privado,11,Presencial,Cercano,ingreso,snies_primer_curso_2024.xlsx,10954,1704-52000-11001,Resto del país,UNIVERSIDAD SANTO TOMAS,Universidad Santo Tomas,True
1704,UNIVERSIDAD SANTO TOMAS,52000,ESTADÍSTICA,"Bogotá, D.C.","Bogotá, D.C.",11001,Femenino,2024,2,Privado,7,Presencial,Cercano,ingreso,snies_primer_curso_2024.xlsx,10955,1704-52000-11001,Resto del país,UNIVERSIDAD SANTO TOMAS,Universidad Santo Tomas,True
1706,UNIVERSIDAD EXTERNADO DE COLOMBIA,110032,CIENCIA DE DATOS,"Bogotá, D.C.","Bogotá, D.C.",11001,Masculino,2024,1,Privado,37,Presencial,Directo,ingreso,snies_primer_curso_2024.xlsx,11475,1706-110032-11001,Resto del país,UNIVERSIDAD EXTERNADO DE COLOMBIA,Universidad Externado De Colombia,True
1706,UNIVERSIDAD EXTERNADO DE COLOMBIA,110032,CIENCIA DE DATOS,"Bogotá, D.C.","Bogotá, D.C.",11001,Masculino,2024,2,Privado,20,Presencial,Directo,ingreso,snies_primer_curso_2024.xlsx,11476,1706-110032-11001,Resto del país,UNIVERSIDAD EXTERNADO DE COLOMBIA,Universidad Externado De Colombia,True
1706,UNIVERSIDAD EXTERNADO DE COLOMBIA,110032,CIENCIA DE DATOS,"Bogotá, D.C.","Bogotá, D.C.",11001,Femenino,2024,1,Privado,19,Presencial,Directo,ingreso,snies_primer_curso_2024.xlsx,11477,1706-110032-11001,Resto del país,UNIVERSIDAD EXTERNADO DE COLOMBIA,Universidad Externado De Colombia,True
1706,UNIVERSIDAD EXTERNADO DE COLOMBIA,110032,CIENCIA DE DATOS,"Bogotá, D.C.","Bogotá, D.C.",11001,Femenino,2024,2,Privado,5,Presencial,Directo,ingreso,snies_primer_curso_2024.xlsx,11478,1706-110032-11001,Resto del país,UNIVERSIDAD EXTERNADO DE COLOMBIA,Universidad Externado De Colombia,True
1709,UNIVERSIDAD CENTRAL,116928,CIENCIA DE DATOS,"Bogotá, D.C.","Bogotá, D.C.",11001,Masculino,2024,2,Privado,11,Presencial,Directo,ingreso,snies_primer_curso_2024.xlsx,12129,1709-116928-11001,Resto del país,UNIVERSIDAD CENTRAL,Universidad Central,True
1709,UNIVERSIDAD CENTRAL,116928,CIENCIA DE DATOS,"Bogotá, D.C.","Bogotá, D.C.",11001,Femenino,2024,2,Privado,7,Presencial,Directo,ingreso,snies_primer_curso_2024.xlsx,12130,1709-116928-11001,Resto del país,UNIVERSIDAD CENTRAL,Universidad Central,True
1710,UNIVERSIDAD PONTIFICIA BOLIVARIANA,108578,INGENIERÍA EN CIENCIA DE DATOS,Antioquia,Medellín,5001,Masculino,2024,1,Privado,24,Presencial,Directo,ingreso,snies_primer_curso_2024.xlsx,12343,1710-108578-5001,G8 Medellín,Universidad Pontificia Bolivariana (UPB),UPB Medellín,True
1710,UNIVERSIDAD PONTIFICIA BOLIVARIANA,108578,INGENIERÍA EN CIENCIA DE DATOS,Antioquia,Medellín,5001,Masculino,2024,2,Privado,12,Presencial,Directo,ingreso,snies_primer_curso_2024.xlsx,12344,1710-108578-5001,G8 Medellín,Universidad Pontificia Bolivariana (UPB),UPB Medellín,True
1710,UNIVERSIDAD PONTIFICIA BOLIVARIANA,108578,INGENIERÍA EN CIENCIA DE DATOS,Antioquia,Medellín,5001,Femenino,2024,1,Privado,7,Presencial,Directo,ingreso,snies_primer_curso_2024.xlsx,12345,1710-108578-5001,G8 Medellín,Universidad Pontificia Bolivariana (UPB),UPB Medellín,True
1710,UNIVERSIDAD PONTIFICIA BOLIVARIANA,108578,INGENIERÍA EN CIENCIA DE DATOS,Antioquia,Medellín,5001,Femenino,2024,2,Privado,6,Presencial,Directo,ingreso,snies_primer_curso_2024.xlsx,12346,1710-108578-5001,G8 Medellín,Universidad Pontificia Bolivariana (UPB),UPB Medellín,True
1711,UNIVERSIDAD DE LA SABANA,116091,Ciencia de Datos,Cundinamarca,Chía,25175,Masculino,2024,1,Privado,32,Presencial-Virtual,Directo,ingreso,snies_primer_curso_2024.xlsx,12876,1711-116091-25175,Benchmark nacional,Universidad de La Sabana,La Sabana,True
1711,UNIVERSIDAD DE LA SABANA,116091,Ciencia de Datos,Cundinamarca,Chía,25175,Masculino,2024,2,Privado,29,Presencial-Virtual,Directo,ingreso,snies_primer_curso_2024.xlsx,12877,1711-116091-25175,Benchmark nacional,Universidad de La Sabana,La Sabana,True
1711,UNIVERSIDAD DE LA SABANA,116091,Ciencia de Datos,Cundinamarca,Chía,25175,Femenino,2024,1,Privado,14,Presencial-Virtual,Directo,ingreso,snies_primer_curso_2024.xlsx,12878,1711-116091-25175,Benchmark nacional,Universidad de La Sabana,La Sabana,True
1711,UNIVERSIDAD DE LA SABANA,116091,Ciencia de Datos,Cundinamarca,Chía,25175,Femenino,2024,2,Privado,10,Presencial-Virtual,Directo,ingreso,snies_primer_curso_2024.xlsx,12879,1711-116091-25175,Benchmark nacional,Universidad de La Sabana,La Sabana,True
1712,UNIVERSIDAD EAFIT-,11498,INGENIERIA MATEMATICA,Antioquia,Medellín,5001,Masculino,2024,1,Privado,15,Presencial,Cercano,ingreso,snies_primer_curso_2024.xlsx,13250,1712-11498-5001,G8 Medellín,Universidad EAFIT,EAFIT,True
1712,UNIVERSIDAD EAFIT-,11498,INGENIERIA MATEMATICA,Antioquia,Medellín,5001,Masculino,2024,2,Privado,10,Presencial,Cercano,ingreso,snies_primer_curso_2024.xlsx,13251,1712-11498-5001,G8 Medellín,Universidad EAFIT,EAFIT,True
1712,UNIVERSIDAD EAFIT-,11498,INGENIERIA MATEMATICA,Antioquia,Medellín,5001,Femenino,2024,1,Privado,3,Presencial,Cercano,ingreso,snies_primer_curso_2024.xlsx,13252,1712-11498-5001,G8 Medellín,Universidad EAFIT,EAFIT,True
1712,UNIVERSIDAD EAFIT-,11498,INGENIERIA MATEMATICA,Antioquia,Medellín,5001,Femenino,2024,2,Privado,3,Presencial,Cercano,ingreso,snies_primer_curso_2024.xlsx,13253,1712-11498-5001,G8 Medellín,Universidad EAFIT,EAFIT,True
1713,UNIVERSIDAD DEL NORTE,110172,CIENCIA DE DATOS,Atlántico,Barranquilla,8001,Masculino,2024,1,Privado,26,Presencial,Directo,ingreso,snies_primer_curso_2024.xlsx,13600,1713-110172-8001,Benchmark nacional,Universidad del Norte,Uninorte,True
1713,UNIVERSIDAD DEL NORTE,110172,CIENCIA DE DATOS,Atlántico,Barranquilla,8001,Masculino,2024,2,Privado,12,Presencial,Directo,ingreso,snies_primer_curso_2024.xlsx,13601,1713-110172-8001,Benchmark nacional,Universidad del Norte,Uninorte,True
1713,UNIVERSIDAD DEL NORTE,110172,CIENCIA DE DATOS,Atlántico,Barranquilla,8001,Femenino,2024,1,Privado,7,Presencial,Directo,ingreso,snies_primer_curso_2024.xlsx,13602,1713-110172-8001,Benchmark nacional,Universidad del Norte,Uninorte,True
1713,UNIVERSIDAD DEL NORTE,110172,CIENCIA DE DATOS,Atlántico,Barranquilla,8001,Femenino,2024,2,Privado,6,Presencial,Directo,ingreso,snies_primer_curso_2024.xlsx,13603,1713-110172-8001,Benchmark nacional,Universidad del Norte,Uninorte,True
1714,COLEGIO MAYOR DE NUESTRA SEÑORA DEL ROSARIO,105653,MATEMÁTICAS APLICADAS Y CIENCIAS DE LA COMPUTACIÓN,"Bogotá, D.C.","Bogotá, D.C.",11001,Masculino,2024,1,Privado,48,Presencial,Cercano,ingreso,snies_primer_curso_2024.xlsx,13882,1714-105653-11001,Benchmark nacional,Universidad del Rosario,Rosario,True
1714,COLEGIO MAYOR DE NUESTRA SEÑORA DEL ROSARIO,105653,MATEMÁTICAS APLICADAS Y CIENCIAS DE LA COMPUTACIÓN,"Bogotá, D.C.","Bogotá, D.C.",11001,Masculino,2024,2,Privado,20,Presencial,Cercano,ingreso,snies_primer_curso_2024.xlsx,13883,1714-105653-11001,Benchmark nacional,Universidad del Rosario,Rosario,True
1714,COLEGIO MAYOR DE NUESTRA SEÑORA DEL ROSARIO,105653,MATEMÁTICAS APLICADAS Y CIENCIAS DE LA COMPUTACIÓN,"Bogotá, D.C.","Bogotá, D.C.",11001,Femenino,2024,1,Privado,16,Presencial,Cercano,ingreso,snies_primer_curso_2024.xlsx,13884,1714-105653-11001,Benchmark nacional,Universidad del Rosario,Rosario,True
1714,COLEGIO MAYOR DE NUESTRA SEÑORA DEL ROSARIO,105653,MATEMÁTICAS APLICADAS Y CIENCIAS DE LA COMPUTACIÓN,"Bogotá, D.C.","Bogotá, D.C.",11001,Femenino,2024,2,Privado,6,Presencial,Cercano,ingreso,snies_primer_curso_2024.xlsx,13885,1714-105653-11001,Benchmark nacional,Universidad del Rosario,Rosario,True
1715,FUNDACION UNIVERSIDAD DE AMERICA,107649,ESTADISTICA Y CIENCIAS ACTUARIALES,"Bogotá, D.C.","Bogotá, D.C.",11001,Masculino,2024,1,Privado,2,Presencial,Cercano,ingreso,snies_primer_curso_2024.xlsx,14395,1715-107649-11001,Resto del país,FUNDACION UNIVERSIDAD DE AMERICA,Fundacion Universidad De America,True
1728,UNIVERSIDAD SERGIO ARBOLEDA,7773,CIENCIAS DE LA COMPUTACIÓN E INTELIGENCIA ARTIFICIAL,"Bogotá, D.C.","Bogotá, D.C.",11001,Masculino,2024,1,Privado,63,Presencial,Cercano,ingreso,snies_primer_curso_2024.xlsx,16141,1728-7773-11001,Resto del país,UNIVERSIDAD SERGIO ARBOLEDA,Universidad Sergio Arboleda,True
1728,UNIVERSIDAD SERGIO ARBOLEDA,7773,CIENCIAS DE LA COMPUTACIÓN E INTELIGENCIA ARTIFICIAL,"Bogotá, D.C.","Bogotá, D.C.",11001,Masculino,2024,2,Privado,25,Presencial,Cercano,ingreso,snies_primer_curso_2024.xlsx,16142,1728-7773-11001,Resto del país,UNIVERSIDAD SERGIO ARBOLEDA,Universidad Sergio Arboleda,True
1728,UNIVERSIDAD SERGIO ARBOLEDA,7773,CIENCIAS DE LA COMPUTACIÓN E INTELIGENCIA ARTIFICIAL,"Bogotá, D.C.","Bogotá, D.C.",11001,Femenino,2024,1,Privado,9,Presencial,Cercano,ingreso,snies_primer_curso_2024.xlsx,16143,1728-7773-11001,Resto del país,UNIVERSIDAD SERGIO ARBOLEDA,Universidad Sergio Arboleda,True
1728,UNIVERSIDAD SERGIO ARBOLEDA,7773,CIENCIAS DE LA COMPUTACIÓN E INTELIGENCIA ARTIFICIAL,"Bogotá, D.C.","Bogotá, D.C.",11001,Femenino,2024,2,Privado,7,Presencial,Cercano,ingreso,snies_primer_curso_2024.xlsx,16144,1728-7773-11001,Resto del país,UNIVERSIDAD SERGIO ARBOLEDA,Universidad Sergio Arboleda,True
1729,UNIVERSIDAD EL BOSQUE,103722,ESTADÍSTICA,"Bogotá, D.C.","Bogotá, D.C.",11001,Masculino,2024,1,Privado,3,Presencial,Cercano,ingreso,snies_primer_curso_2024.xlsx,16192,1729-103722-11001,Resto del país,UNIVERSIDAD EL BOSQUE,Universidad El Bosque,True
1729,UNIVERSIDAD EL BOSQUE,103722,ESTADÍSTICA,"Bogotá, D.C.","Bogotá, D.C.",11001,Masculino,2024,2,Privado,6,Presencial,Cercano,ingreso,snies_primer_curso_2024.xlsx,16193,1729-103722-11001,Resto del país,UNIVERSIDAD EL BOSQUE,Universidad El Bosque,True
1729,UNIVERSIDAD EL BOSQUE,103722,ESTADÍSTICA,"Bogotá, D.C.","Bogotá, D.C.",11001,Femenino,2024,1,Privado,3,Presencial,Cercano,ingreso,snies_primer_curso_2024.xlsx,16194,1729-103722-11001,Resto del país,UNIVERSIDAD EL BOSQUE,Universidad El Bosque,True
1729,UNIVERSIDAD EL BOSQUE,103722,ESTADÍSTICA,"Bogotá, D.C.","Bogotá, D.C.",11001,Femenino,2024,2,Privado,7,Presencial,Cercano,ingreso,snies_primer_curso_2024.xlsx,16195,1729-103722-11001,Resto del país,UNIVERSIDAD EL BOSQUE,Universidad El Bosque,True
1732,UNIVERSIDAD SANTO TOMAS,116280,Ingeniería de Datos e Inteligencia Artificial,Boyacá,Tunja,15001,Masculino,2024,2,Privado,21,Presencial,Directo,ingreso,snies_primer_curso_2024.xlsx,16669,1732-116280-15001,Resto del país,UNIVERSIDAD SANTO TOMAS,Universidad Santo Tomas,False
1732,UNIVERSIDAD SANTO TOMAS,116280,Ingeniería de Datos e Inteligencia Artificial,Boyacá,Tunja,15001,Femenino,2024,2,Privado,7,Presencial,Directo,ingreso,snies_primer_curso_2024.xlsx,16670,1732-116280-15001,Resto del país,UNIVERSIDAD SANTO TOMAS,Universidad Santo Tomas,False
1803,UNIVERSIDAD DE LA SALLE,116998,Ciencia de Datos,"Bogotá, D.C.","Bogotá, D.C.",11001,Masculino,2024,2,Privado,12,Virtual,Directo,ingreso,snies_primer_curso_2024.xlsx,17578,1803-116998-11001,Resto del país,UNIVERSIDAD DE LA SALLE,Universidad De La Salle,True
1803,UNIVERSIDAD DE LA SALLE,116998,Ciencia de Datos,"Bogotá, D.C.","Bogotá, D.C.",11001,Femenino,2024,2,Privado,5,Virtual,Directo,ingreso,snies_primer_curso_2024.xlsx,17579,1803-116998-11001,Resto del país,UNIVERSIDAD DE LA SALLE,Universidad De La Salle,True
1812,UNIVERSIDAD DE MEDELLIN,103268,COMPUTACIÓN CIENTÍFICA,Antioquia,Medellín,5001,Masculino,2024,1,Privado,9,Presencial,Cercano,ingreso,snies_primer_curso_2024.xlsx,18869,1812-103268-5001,G8 Medellín,Universidad de Medellín,U. de Medellín,True
1812,UNIVERSIDAD DE MEDELLIN,103268,COMPUTACIÓN CIENTÍFICA,Antioquia,Medellín,5001,Masculino,2024,2,Privado,15,Presencial,Cercano,ingreso,snies_primer_curso_2024.xlsx,18870,1812-103268-5001,G8 Medellín,Universidad de Medellín,U. de Medellín,True
1812,UNIVERSIDAD DE MEDELLIN,103268,COMPUTACIÓN CIENTÍFICA,Antioquia,Medellín,5001,Femenino,2024,1,Privado,1,Presencial,Cercano,ingreso,snies_primer_curso_2024.xlsx,18871,1812-103268-5001,G8 Medellín,Universidad de Medellín,U. de Medellín,True
1812,UNIVERSIDAD DE MEDELLIN,103268,COMPUTACIÓN CIENTÍFICA,Antioquia,Medellín,5001,Femenino,2024,2,Privado,12,Presencial,Cercano,ingreso,snies_primer_curso_2024.xlsx,18872,1812-103268-5001,G8 Medellín,Universidad de Medellín,U. de Medellín,True
1830,UNIVERSIDAD AUTONOMA DE OCCIDENTE,110368,INGENIERÍA DE DATOS E INTELIGENCIA ARTIFICIAL,Valle del Cauca,Santiago de Cali,76001,Masculino,2024,1,Privado,40,Presencial-Virtual,Directo,ingreso,snies_primer_curso_2024.xlsx,22108,1830-110368-76001,Resto del país,UNIVERSIDAD AUTONOMA DE OCCIDENTE,Universidad Autonoma De Occidente,False
1830,UNIVERSIDAD AUTONOMA DE OCCIDENTE,110368,INGENIERÍA DE DATOS E INTELIGENCIA ARTIFICIAL,Valle del Cauca,Santiago de Cali,76001,Masculino,2024,2,Privado,78,Presencial-Virtual,Directo,ingreso,snies_primer_curso_2024.xlsx,22109,1830-110368-76001,Resto del país,UNIVERSIDAD AUTONOMA DE OCCIDENTE,Universidad Autonoma De Occidente,False
1830,UNIVERSIDAD AUTONOMA DE OCCIDENTE,110368,INGENIERÍA DE DATOS E INTELIGENCIA ARTIFICIAL,Valle del Cauca,Santiago de Cali,76001,Femenino,2024,1,Privado,8,Presencial-Virtual,Directo,ingreso,snies_primer_curso_2024.xlsx,22110,1830-110368-76001,Resto del país,UNIVERSIDAD AUTONOMA DE OCCIDENTE,Universidad Autonoma De Occidente,False
1830,UNIVERSIDAD AUTONOMA DE OCCIDENTE,110368,INGENIERÍA DE DATOS E INTELIGENCIA ARTIFICIAL,Valle del Cauca,Santiago de Cali,76001,Femenino,2024,2,Privado,25,Presencial-Virtual,Directo,ingreso,snies_primer_curso_2024.xlsx,22111,1830-110368-76001,Resto del país,UNIVERSIDAD AUTONOMA DE OCCIDENTE,Universidad Autonoma De Occidente,False
1832,UNIVERSIDAD TECNOLOGICA DE BOLIVAR,116063,CIENCIA DE DATOS,Bolívar,Cartagena de Indias,13001,Masculino,2024,1,Privado,9,Presencial,Directo,ingreso,snies_primer_curso_2024.xlsx,22398,1832-116063-13001,Resto del país,UNIVERSIDAD TECNOLOGICA DE BOLIVAR,Universidad Tecnologica De Bolivar,True
1832,UNIVERSIDAD TECNOLOGICA DE BOLIVAR,116063,CIENCIA DE DATOS,Bolívar,Cartagena de Indias,13001,Masculino,2024,2,Privado,4,Presencial,Directo,ingreso,snies_primer_curso_2024.xlsx,22399,1832-116063-13001,Resto del país,UNIVERSIDAD TECNOLOGICA DE BOLIVAR,Universidad Tecnologica De Bolivar,True
1832,UNIVERSIDAD TECNOLOGICA DE BOLIVAR,116063,CIENCIA DE DATOS,Bolívar,Cartagena de Indias,13001,Femenino,2024,1,Privado,4,Presencial,Directo,ingreso,snies_primer_curso_2024.xlsx,22400,1832-116063-13001,Resto del país,UNIVERSIDAD TECNOLOGICA DE BOLIVAR,Universidad Tecnologica De Bolivar,True
1832,UNIVERSIDAD TECNOLOGICA DE BOLIVAR,116063,CIENCIA DE DATOS,Bolívar,Cartagena de Indias,13001,Femenino,2024,2,Privado,4,Presencial,Directo,ingreso,snies_primer_curso_2024.xlsx,22401,1832-116063-13001,Resto del país,UNIVERSIDAD TECNOLOGICA DE BOLIVAR,Universidad Tecnologica De Bolivar,True
2713,FUNDACION UNIVERSITARIA LOS LIBERTADORES,108275,ESTADÍSTICA,"Bogotá, D.C.","Bogotá, D.C.",11001,Masculino,2024,1,Privado,8,Presencial,Cercano,ingreso,snies_primer_curso_2024.xlsx,35709,2713-108275-11001,Resto del país,FUNDACION UNIVERSITARIA LOS LIBERTADORES,Fundacion Universitaria Los Libertadores,True
2713,FUNDACION UNIVERSITARIA LOS LIBERTADORES,108275,ESTADÍSTICA,"Bogotá, D.C.","Bogotá, D.C.",11001,Masculino,2024,2,Privado,6,Presencial,Cercano,ingreso,snies_primer_curso_2024.xlsx,35710,2713-108275-11001,Resto del país,FUNDACION UNIVERSITARIA LOS LIBERTADORES,Fundacion Universitaria Los Libertadores,True
2713,FUNDACION UNIVERSITARIA LOS LIBERTADORES,108275,ESTADÍSTICA,"Bogotá, D.C.","Bogotá, D.C.",11001,Femenino,2024,1,Privado,8,Presencial,Cercano,ingreso,snies_primer_curso_2024.xlsx,35711,2713-108275-11001,Resto del país,FUNDACION UNIVERSITARIA LOS LIBERTADORES,Fundacion Universitaria Los Libertadores,True
2713,FUNDACION UNIVERSITARIA LOS LIBERTADORES,108275,ESTADÍSTICA,"Bogotá, D.C.","Bogotá, D.C.",11001,Femenino,2024,2,Privado,2,Presencial,Cercano,ingreso,snies_primer_curso_2024.xlsx,35712,2713-108275-11001,Resto del país,FUNDACION UNIVERSITARIA LOS LIBERTADORES,Fundacion Universitaria Los Libertadores,True
2725,POLITECNICO GRANCOLOMBIANO,110098,INGENIERIA EN CIENCIA DE DATOS,"Bogotá, D.C.","Bogotá, D.C.",11001,Masculino,2024,1,Privado,21,Presencial,Directo,ingreso,snies_primer_curso_2024.xlsx,36722,2725-110098-11001,Resto del país,POLITECNICO GRANCOLOMBIANO,Politecnico Grancolombiano,True
2725,POLITECNICO GRANCOLOMBIANO,110098,INGENIERIA EN CIENCIA DE DATOS,"Bogotá, D.C.","Bogotá, D.C.",11001,Masculino,2024,2,Privado,16,Presencial,Directo,ingreso,snies_primer_curso_2024.xlsx,36723,2725-110098-11001,Resto del país,POLITECNICO GRANCOLOMBIANO,Politecnico Grancolombiano,True
2725,POLITECNICO GRANCOLOMBIANO,110098,INGENIERIA EN CIENCIA DE DATOS,"Bogotá, D.C.","Bogotá, D.C.",11001,Femenino,2024,1,Privado,14,Presencial,Directo,ingreso,snies_primer_curso_2024.xlsx,36724,2725-110098-11001,Resto del país,POLITECNICO GRANCOLOMBIANO,Politecnico Grancolombiano,True
2725,POLITECNICO GRANCOLOMBIANO,110098,INGENIERIA EN CIENCIA DE DATOS,"Bogotá, D.C.","Bogotá, D.C.",11001,Femenino,2024,2,Privado,4,Presencial,Directo,ingreso,snies_primer_curso_2024.xlsx,36725,2725-110098-11001,Resto del país,POLITECNICO GRANCOLOMBIANO,Politecnico Grancolombiano,True
2745,FUNDACIÓN UNIVERSITARIA COMPENSAR,110692,CIENCIA DE DATOS,"Bogotá, D.C.","Bogotá, D.C.",11001,Masculino,2024,1,Privado,14,Presencial,Directo,ingreso,snies_primer_curso_2024.xlsx,38067,2745-110692-11001,Resto del país,FUNDACIÓN UNIVERSITARIA COMPENSAR,Fundación Universitaria Compensar,True
2745,FUNDACIÓN UNIVERSITARIA COMPENSAR,110692,CIENCIA DE DATOS,"Bogotá, D.C.","Bogotá, D.C.",11001,Masculino,2024,2,Privado,15,Presencial,Directo,ingreso,snies_primer_curso_2024.xlsx,38068,2745-110692-11001,Resto del país,FUNDACIÓN UNIVERSITARIA COMPENSAR,Fundación Universitaria Compensar,True
2745,FUNDACIÓN UNIVERSITARIA COMPENSAR,110692,CIENCIA DE DATOS,"Bogotá, D.C.","Bogotá, D.C.",11001,Femenino,2024,1,Privado,9,Presencial,Directo,ingreso,snies_primer_curso_2024.xlsx,38069,2745-110692-11001,Resto del país,FUNDACIÓN UNIVERSITARIA COMPENSAR,Fundación Universitaria Compensar,True
2745,FUNDACIÓN UNIVERSITARIA COMPENSAR,110692,CIENCIA DE DATOS,"Bogotá, D.C.","Bogotá, D.C.",11001,Femenino,2024,2,Privado,6,Presencial,Directo,ingreso,snies_primer_curso_2024.xlsx,38070,2745-110692-11001,Resto del país,FUNDACIÓN UNIVERSITARIA COMPENSAR,Fundación Universitaria Compensar,True
2745,FUNDACIÓN UNIVERSITARIA COMPENSAR,111015,CIENCIA DE DATOS,"Bogotá, D.C.","Bogotá, D.C.",11001,Masculino,2024,1,Privado,59,Virtual,Directo,ingreso,snies_primer_curso_2024.xlsx,38079,2745-111015-11001,Resto del país,FUNDACIÓN UNIVERSITARIA COMPENSAR,Fundación Universitaria Compensar,True
2745,FUNDACIÓN UNIVERSITARIA COMPENSAR,111015,CIENCIA DE DATOS,"Bogotá, D.C.","Bogotá, D.C.",11001,Masculino,2024,2,Privado,56,Virtual,Directo,ingreso,snies_primer_curso_2024.xlsx,38080,2745-111015-11001,Resto del país,FUNDACIÓN UNIVERSITARIA COMPENSAR,Fundación Universitaria Compensar,True
2745,FUNDACIÓN UNIVERSITARIA COMPENSAR,111015,CIENCIA DE DATOS,"Bogotá, D.C.","Bogotá, D.C.",11001,Femenino,2024,1,Privado,27,Virtual,Directo,ingreso,snies_primer_curso_2024.xlsx,38081,2745-111015-11001,Resto del país,FUNDACIÓN UNIVERSITARIA COMPENSAR,Fundación Universitaria Compensar,True
2745,FUNDACIÓN UNIVERSITARIA COMPENSAR,111015,CIENCIA DE DATOS,"Bogotá, D.C.","Bogotá, D.C.",11001,Femenino,2024,2,Privado,28,Virtual,Directo,ingreso,snies_primer_curso_2024.xlsx,38082,2745-111015-11001,Resto del país,FUNDACIÓN UNIVERSITARIA COMPENSAR,Fundación Universitaria Compensar,True
2811,UNIVERSIDAD ESCUELA COLOMBIANA DE INGENIERIA JULIO GARAVITO,109408,INGENIERÍA ESTADÍSTICA,"Bogotá, D.C.","Bogotá, D.C.",11001,Masculino,2024,1,Privado,5,Presencial,Cercano,ingreso,snies_primer_curso_2024.xlsx,38985,2811-109408-11001,Resto del país,UNIVERSIDAD ESCUELA COLOMBIANA DE INGENIERIA JULIO GARAVITO,Universidad Escuela Colombiana De Ingenieria Julio Garavito,True
2811,UNIVERSIDAD ESCUELA COLOMBIANA DE INGENIERIA JULIO GARAVITO,109408,INGENIERÍA ESTADÍSTICA,"Bogotá, D.C.","Bogotá, D.C.",11001,Masculino,2024,2,Privado,7,Presencial,Cercano,ingreso,snies_primer_curso_2024.xlsx,38986,2811-109408-11001,Resto del país,UNIVERSIDAD ESCUELA COLOMBIANA DE INGENIERIA JULIO GARAVITO,Universidad Escuela Colombiana De Ingenieria Julio Garavito,True
2811,UNIVERSIDAD ESCUELA COLOMBIANA DE INGENIERIA JULIO GARAVITO,109408,INGENIERÍA ESTADÍSTICA,"Bogotá, D.C.","Bogotá, D.C.",11001,Femenino,2024,1,Privado,5,Presencial,Cercano,ingreso,snies_primer_curso_2024.xlsx,38987,2811-109408-11001,Resto del país,UNIVERSIDAD ESCUELA COLOMBIANA DE INGENIERIA JULIO GARAVITO,Universidad Escuela Colombiana De Ingenieria Julio Garavito,True
2811,UNIVERSIDAD ESCUELA COLOMBIANA DE INGENIERIA JULIO GARAVITO,109408,INGENIERÍA ESTADÍSTICA,"Bogotá, D.C.","Bogotá, D.C.",11001,Femenino,2024,2,Privado,4,Presencial,Cercano,ingreso,snies_primer_curso_2024.xlsx,38988,2811-109408-11001,Resto del país,UNIVERSIDAD ESCUELA COLOMBIANA DE INGENIERIA JULIO GARAVITO,Universidad Escuela Colombiana De Ingenieria Julio Garavito,True
2812,UNIVERSIDAD EAN,116226,Ingeniería en Ciencia de Datos,"Bogotá, D.C.","Bogotá, D.C.",11001,Masculino,2024,2,Privado,9,Presencial,Directo,ingreso,snies_primer_curso_2024.xlsx,39234,2812-116226-11001,Resto del país,UNIVERSIDAD EAN,Universidad Ean,True
2812,UNIVERSIDAD EAN,116226,Ingeniería en Ciencia de Datos,"Bogotá, D.C.","Bogotá, D.C.",11001,Femenino,2024,2,Privado,4,Presencial,Directo,ingreso,snies_primer_curso_2024.xlsx,39235,2812-116226-11001,Resto del país,UNIVERSIDAD EAN,Universidad Ean,True
2830,CORPORACION UNIVERSITARIA IBEROAMERICANA,110672,INGENIERIA EN CIENCIA DE DATOS,"Bogotá, D.C.","Bogotá, D.C.",11001,Masculino,2024,1,Privado,68,Virtual,Directo,ingreso,snies_primer_curso_2024.xlsx,41208,2830-110672-11001,Resto del país,CORPORACION UNIVERSITARIA IBEROAMERICANA,Corporacion Universitaria Iberoamericana,True
2830,CORPORACION UNIVERSITARIA IBEROAMERICANA,110672,INGENIERIA EN CIENCIA DE DATOS,"Bogotá, D.C.","Bogotá, D.C.",11001,Masculino,2024,2,Privado,59,Virtual,Directo,ingreso,snies_primer_curso_2024.xlsx,41209,2830-110672-11001,Resto del país,CORPORACION UNIVERSITARIA IBEROAMERICANA,Corporacion Universitaria Iberoamericana,True
2830,CORPORACION UNIVERSITARIA IBEROAMERICANA,110672,INGENIERIA EN CIENCIA DE DATOS,"Bogotá, D.C.","Bogotá, D.C.",11001,Femenino,2024,1,Privado,28,Virtual,Directo,ingreso,snies_primer_curso_2024.xlsx,41210,2830-110672-11001,Resto del país,CORPORACION UNIVERSITARIA IBEROAMERICANA,Corporacion Universitaria Iberoamericana,True
2830,CORPORACION UNIVERSITARIA IBEROAMERICANA,110672,INGENIERIA EN CIENCIA DE DATOS,"Bogotá, D.C.","Bogotá, D.C.",11001,Femenino,2024,2,Privado,33,Virtual,Directo,ingreso,snies_primer_curso_2024.xlsx,41211,2830-110672-11001,Resto del país,CORPORACION UNIVERSITARIA IBEROAMERICANA,Corporacion Universitaria Iberoamericana,True
3302,INSTITUTO TECNOLOGICO METROPOLITANO,116314,Ingeniería en Ciencia de Datos,Antioquia,Medellín,5001,Masculino,2024,2,Oficial,132,Presencial,Directo,ingreso,snies_primer_curso_2024.xlsx,43907,3302-116314-5001,Resto del país,INSTITUTO TECNOLOGICO METROPOLITANO,Instituto Tecnologico Metropolitano,True
3302,INSTITUTO TECNOLOGICO METROPOLITANO,116314,Ingeniería en Ciencia de Datos,Antioquia,Medellín,5001,Femenino,2024,2,Oficial,45,Presencial,Directo,ingreso,snies_primer_curso_2024.xlsx,43908,3302-116314-5001,Resto del país,INSTITUTO TECNOLOGICO METROPOLITANO,Instituto Tecnologico Metropolitano,True
5802,UNIVERSIDAD ECCI,103713,ESTADÍSTICA,"Bogotá, D.C.","Bogotá, D.C.",11001,Masculino,2024,1,Privado,8,Presencial,Cercano,ingreso,snies_primer_curso_2024.xlsx,47270,5802-103713-11001,Resto del país,UNIVERSIDAD ECCI,Universidad Ecci,True
5802,UNIVERSIDAD ECCI,103713,ESTADÍSTICA,"Bogotá, D.C.","Bogotá, D.C.",11001,Femenino,2024,1,Privado,1,Presencial,Cercano,ingreso,snies_primer_curso_2024.xlsx,47271,5802-103713-11001,Resto del país,UNIVERSIDAD ECCI,Universidad Ecci,True
5802,UNIVERSIDAD ECCI,116523,Estadística,"Bogotá, D.C.","Bogotá, D.C.",11001,Masculino,2024,2,Privado,4,Presencial,Cercano,ingreso,snies_primer_curso_2024.xlsx,47389,5802-116523-11001,Resto del país,UNIVERSIDAD ECCI,Universidad Ecci,True
5802,UNIVERSIDAD ECCI,116523,Estadística,"Bogotá, D.C.","Bogotá, D.C.",11001,Femenino,2024,2,Privado,1,Presencial,Cercano,ingreso,snies_primer_curso_2024.xlsx,47390,5802-116523-11001,Resto del país,UNIVERSIDAD ECCI,Universidad Ecci,True
9129,FUNDACION UNIVERSITARIA CAFAM -UNICAFAM,116136,Ciencia de Datos,"Bogotá, D.C.","Bogotá, D.C.",11001,Masculino,2024,1,Privado,10,Presencial,Directo,ingreso,snies_primer_curso_2024.xlsx,51912,9129-116136-11001,Resto del país,FUNDACION UNIVERSITARIA CAFAM -UNICAFAM,Fundacion Universitaria Cafam -Unicafam,True
9129,FUNDACION UNIVERSITARIA CAFAM -UNICAFAM,116136,Ciencia de Datos,"Bogotá, D.C.","Bogotá, D.C.",11001,Masculino,2024,2,Privado,11,Presencial,Directo,ingreso,snies_primer_curso_2024.xlsx,51913,9129-116136-11001,Resto del país,FUNDACION UNIVERSITARIA CAFAM -UNICAFAM,Fundacion Universitaria Cafam -Unicafam,True
9129,FUNDACION UNIVERSITARIA CAFAM -UNICAFAM,116136,Ciencia de Datos,"Bogotá, D.C.","Bogotá, D.C.",11001,Femenino,2024,1,Privado,2,Presencial,Directo,ingreso,snies_primer_curso_2024.xlsx,51914,9129-116136-11001,Resto del país,FUNDACION UNIVERSITARIA CAFAM -UNICAFAM,Fundacion Universitaria Cafam -Unicafam,True
9129,FUNDACION UNIVERSITARIA CAFAM -UNICAFAM,116136,Ciencia de Datos,"Bogotá, D.C.","Bogotá, D.C.",11001,Femenino,2024,2,Privado,4,Presencial,Directo,ingreso,snies_primer_curso_2024.xlsx,51915,9129-116136-11001,Resto del país,FUNDACION UNIVERSITARIA CAFAM -UNICAFAM,Fundacion Universitaria Cafam -Unicafam,True
9933,UNIVERSIDAD NACIONAL DE COLOMBIA,108082,ESTADÍSTICA,Cesar,La Paz,20621,Masculino,2024,1,Oficial,16,Presencial,Cercano,ingreso,snies_primer_curso_2024.xlsx,52836,9933-108082-20621,Resto del país,UNIVERSIDAD NACIONAL DE COLOMBIA,Universidad Nacional De Colombia,True
9933,UNIVERSIDAD NACIONAL DE COLOMBIA,108082,ESTADÍSTICA,Cesar,La Paz,20621,Masculino,2024,2,Oficial,11,Presencial,Cercano,ingreso,snies_primer_curso_2024.xlsx,52837,9933-108082-20621,Resto del país,UNIVERSIDAD NACIONAL DE COLOMBIA,Universidad Nacional De Colombia,True
9933,UNIVERSIDAD NACIONAL DE COLOMBIA,108082,ESTADÍSTICA,Cesar,La Paz,20621,Femenino,2024,1,Oficial,4,Presencial,Cercano,ingreso,snies_primer_curso_2024.xlsx,52838,9933-108082-20621,Resto del país,UNIVERSIDAD NACIONAL DE COLOMBIA,Universidad Nacional De Colombia,True
9933,UNIVERSIDAD NACIONAL DE COLOMBIA,108082,ESTADÍSTICA,Cesar,La Paz,20621,Femenino,2024,2,Oficial,3,Presencial,Cercano,ingreso,snies_primer_curso_2024.xlsx,52839,9933-108082-20621,Resto del país,UNIVERSIDAD NACIONAL DE COLOMBIA,Universidad Nacional De Colombia,True
1101,UNIVERSIDAD NACIONAL DE COLOMBIA,106341,CIENCIAS DE LA COMPUTACIÓN,"Bogotá, D.C.","Bogotá, D.C.",11001,Masculino,2025,1,Oficial,23,Presencial,Cercano,ingreso,snies_primer_curso_2025.xlsx,59,1101-106341-11001,Benchmark nacional,Universidad Nacional de Colombia - Bogotá,UNAL Bogotá,True
1101,UNIVERSIDAD NACIONAL DE COLOMBIA,106341,CIENCIAS DE LA COMPUTACIÓN,"Bogotá, D.C.","Bogotá, D.C.",11001,Masculino,2025,2,Oficial,37,Presencial,Cercano,ingreso,snies_primer_curso_2025.xlsx,60,1101-106341-11001,Benchmark nacional,Universidad Nacional de Colombia - Bogotá,UNAL Bogotá,True
1101,UNIVERSIDAD NACIONAL DE COLOMBIA,106341,CIENCIAS DE LA COMPUTACIÓN,"Bogotá, D.C.","Bogotá, D.C.",11001,Femenino,2025,1,Oficial,3,Presencial,Cercano,ingreso,snies_primer_curso_2025.xlsx,61,1101-106341-11001,Benchmark nacional,Universidad Nacional de Colombia - Bogotá,UNAL Bogotá,True
1101,UNIVERSIDAD NACIONAL DE COLOMBIA,106341,CIENCIAS DE LA COMPUTACIÓN,"Bogotá, D.C.","Bogotá, D.C.",11001,Femenino,2025,2,Oficial,2,Presencial,Cercano,ingreso,snies_primer_curso_2025.xlsx,62,1101-106341-11001,Benchmark nacional,Universidad Nacional de Colombia - Bogotá,UNAL Bogotá,True
1101,UNIVERSIDAD NACIONAL DE COLOMBIA,32,ESTADISTICA,"Bogotá, D.C.","Bogotá, D.C.",11001,Masculino,2025,1,Oficial,31,Presencial,Cercano,ingreso,snies_primer_curso_2025.xlsx,373,1101-32-11001,Benchmark nacional,Universidad Nacional de Colombia - Bogotá,UNAL Bogotá,True
1101,UNIVERSIDAD NACIONAL DE COLOMBIA,32,ESTADISTICA,"Bogotá, D.C.","Bogotá, D.C.",11001,Masculino,2025,2,Oficial,24,Presencial,Cercano,ingreso,snies_primer_curso_2025.xlsx,374,1101-32-11001,Benchmark nacional,Universidad Nacional de Colombia - Bogotá,UNAL Bogotá,True
1101,UNIVERSIDAD NACIONAL DE COLOMBIA,32,ESTADISTICA,"Bogotá, D.C.","Bogotá, D.C.",11001,Femenino,2025,1,Oficial,8,Presencial,Cercano,ingreso,snies_primer_curso_2025.xlsx,375,1101-32-11001,Benchmark nacional,Universidad Nacional de Colombia - Bogotá,UNAL Bogotá,True
1101,UNIVERSIDAD NACIONAL DE COLOMBIA,32,ESTADISTICA,"Bogotá, D.C.","Bogotá, D.C.",11001,Femenino,2025,2,Oficial,9,Presencial,Cercano,ingreso,snies_primer_curso_2025.xlsx,376,1101-32-11001,Benchmark nacional,Universidad Nacional de Colombia - Bogotá,UNAL Bogotá,True
1102,UNIVERSIDAD NACIONAL DE COLOMBIA,107447,CIENCIAS DE LA COMPUTACIÓN,Antioquia,Medellín,5001,Masculino,2025,1,Oficial,27,Presencial,Cercano,ingreso,snies_primer_curso_2025.xlsx,724,1102-107447-5001,G8 Medellín,Universidad Nacional de Colombia - Medellín,UNAL Medellín,True
1102,UNIVERSIDAD NACIONAL DE COLOMBIA,107447,CIENCIAS DE LA COMPUTACIÓN,Antioquia,Medellín,5001,Masculino,2025,2,Oficial,26,Presencial,Cercano,ingreso,snies_primer_curso_2025.xlsx,725,1102-107447-5001,G8 Medellín,Universidad Nacional de Colombia - Medellín,UNAL Medellín,True
1102,UNIVERSIDAD NACIONAL DE COLOMBIA,107447,CIENCIAS DE LA COMPUTACIÓN,Antioquia,Medellín,5001,Femenino,2025,1,Oficial,5,Presencial,Cercano,ingreso,snies_primer_curso_2025.xlsx,726,1102-107447-5001,G8 Medellín,Universidad Nacional de Colombia - Medellín,UNAL Medellín,True
1102,UNIVERSIDAD NACIONAL DE COLOMBIA,107447,CIENCIAS DE LA COMPUTACIÓN,Antioquia,Medellín,5001,Femenino,2025,2,Oficial,8,Presencial,Cercano,ingreso,snies_primer_curso_2025.xlsx,727,1102-107447-5001,G8 Medellín,Universidad Nacional de Colombia - Medellín,UNAL Medellín,True
1102,UNIVERSIDAD NACIONAL DE COLOMBIA,16920,ESTADISTICA,Antioquia,Medellín,5001,Masculino,2025,1,Oficial,29,Presencial,Cercano,ingreso,snies_primer_curso_2025.xlsx,838,1102-16920-5001,G8 Medellín,Universidad Nacional de Colombia - Medellín,UNAL Medellín,True
1102,UNIVERSIDAD NACIONAL DE COLOMBIA,16920,ESTADISTICA,Antioquia,Medellín,5001,Masculino,2025,2,Oficial,9,Presencial,Cercano,ingreso,snies_primer_curso_2025.xlsx,839,1102-16920-5001,G8 Medellín,Universidad Nacional de Colombia - Medellín,UNAL Medellín,True
1102,UNIVERSIDAD NACIONAL DE COLOMBIA,16920,ESTADISTICA,Antioquia,Medellín,5001,Femenino,2025,1,Oficial,14,Presencial,Cercano,ingreso,snies_primer_curso_2025.xlsx,840,1102-16920-5001,G8 Medellín,Universidad Nacional de Colombia - Medellín,UNAL Medellín,True
1102,UNIVERSIDAD NACIONAL DE COLOMBIA,16920,ESTADISTICA,Antioquia,Medellín,5001,Femenino,2025,2,Oficial,7,Presencial,Cercano,ingreso,snies_primer_curso_2025.xlsx,841,1102-16920-5001,G8 Medellín,Universidad Nacional de Colombia - Medellín,UNAL Medellín,True
1103,UNIVERSIDAD NACIONAL DE COLOMBIA,110177,CIENCIAS DE LA COMPUTACIÓN,Caldas,Manizales,17001,Masculino,2025,1,Oficial,39,Presencial,Cercano,ingreso,snies_primer_curso_2025.xlsx,995,1103-110177-17001,Resto del país,UNIVERSIDAD NACIONAL DE COLOMBIA,Universidad Nacional De Colombia,True
1103,UNIVERSIDAD NACIONAL DE COLOMBIA,110177,CIENCIAS DE LA COMPUTACIÓN,Caldas,Manizales,17001,Masculino,2025,2,Oficial,26,Presencial,Cercano,ingreso,snies_primer_curso_2025.xlsx,996,1103-110177-17001,Resto del país,UNIVERSIDAD NACIONAL DE COLOMBIA,Universidad Nacional De Colombia,True
1103,UNIVERSIDAD NACIONAL DE COLOMBIA,110177,CIENCIAS DE LA COMPUTACIÓN,Caldas,Manizales,17001,Femenino,2025,1,Oficial,11,Presencial,Cercano,ingreso,snies_primer_curso_2025.xlsx,997,1103-110177-17001,Resto del país,UNIVERSIDAD NACIONAL DE COLOMBIA,Universidad Nacional De Colombia,True
1103,UNIVERSIDAD NACIONAL DE COLOMBIA,110177,CIENCIAS DE LA COMPUTACIÓN,Caldas,Manizales,17001,Femenino,2025,2,Oficial,15,Presencial,Cercano,ingreso,snies_primer_curso_2025.xlsx,998,1103-110177-17001,Resto del país,UNIVERSIDAD NACIONAL DE COLOMBIA,Universidad Nacional De Colombia,True
1103,UNIVERSIDAD NACIONAL DE COLOMBIA,116559,Estadística,Caldas,Manizales,17001,Masculino,2025,1,Oficial,15,Presencial,Cercano,ingreso,snies_primer_curso_2025.xlsx,1011,1103-116559-17001,Resto del país,UNIVERSIDAD NACIONAL DE COLOMBIA,Universidad Nacional De Colombia,True
1103,UNIVERSIDAD NACIONAL DE COLOMBIA,116559,Estadística,Caldas,Manizales,17001,Masculino,2025,2,Oficial,4,Presencial,Cercano,ingreso,snies_primer_curso_2025.xlsx,1012,1103-116559-17001,Resto del país,UNIVERSIDAD NACIONAL DE COLOMBIA,Universidad Nacional De Colombia,True
1103,UNIVERSIDAD NACIONAL DE COLOMBIA,116559,Estadística,Caldas,Manizales,17001,Femenino,2025,1,Oficial,7,Presencial,Cercano,ingreso,snies_primer_curso_2025.xlsx,1013,1103-116559-17001,Resto del país,UNIVERSIDAD NACIONAL DE COLOMBIA,Universidad Nacional De Colombia,True
1103,UNIVERSIDAD NACIONAL DE COLOMBIA,116559,Estadística,Caldas,Manizales,17001,Femenino,2025,2,Oficial,3,Presencial,Cercano,ingreso,snies_primer_curso_2025.xlsx,1014,1103-116559-17001,Resto del país,UNIVERSIDAD NACIONAL DE COLOMBIA,Universidad Nacional De Colombia,True
1113,UNIVERSIDAD DE CORDOBA,103514,ESTADÍSTICA,Córdoba,Montería,23001,Masculino,2025,1,Oficial,31,Presencial,Cercano,ingreso,snies_primer_curso_2025.xlsx,2934,1113-103514-23001,Resto del país,UNIVERSIDAD DE CORDOBA,Universidad De Cordoba,True
1113,UNIVERSIDAD DE CORDOBA,103514,ESTADÍSTICA,Córdoba,Montería,23001,Masculino,2025,2,Oficial,19,Presencial,Cercano,ingreso,snies_primer_curso_2025.xlsx,2935,1113-103514-23001,Resto del país,UNIVERSIDAD DE CORDOBA,Universidad De Cordoba,True
1113,UNIVERSIDAD DE CORDOBA,103514,ESTADÍSTICA,Córdoba,Montería,23001,Femenino,2025,1,Oficial,10,Presencial,Cercano,ingreso,snies_primer_curso_2025.xlsx,2936,1113-103514-23001,Resto del país,UNIVERSIDAD DE CORDOBA,Universidad De Cordoba,True
1113,UNIVERSIDAD DE CORDOBA,103514,ESTADÍSTICA,Córdoba,Montería,23001,Femenino,2025,2,Oficial,10,Presencial,Cercano,ingreso,snies_primer_curso_2025.xlsx,2937,1113-103514-23001,Resto del país,UNIVERSIDAD DE CORDOBA,Universidad De Cordoba,True
1201,UNIVERSIDAD DE ANTIOQUIA,101571,ESTADÍSTICA,Antioquia,Medellín,5001,Masculino,2025,1,Oficial,21,Presencial,Cercano,ingreso,snies_primer_curso_2025.xlsx,4457,1201-101571-5001,G8 Medellín,Universidad de Antioquia (UdeA),UdeA,True
1201,UNIVERSIDAD DE ANTIOQUIA,101571,ESTADÍSTICA,Antioquia,Medellín,5001,Masculino,2025,2,Oficial,23,Presencial,Cercano,ingreso,snies_primer_curso_2025.xlsx,4458,1201-101571-5001,G8 Medellín,Universidad de Antioquia (UdeA),UdeA,True
1201,UNIVERSIDAD DE ANTIOQUIA,101571,ESTADÍSTICA,Antioquia,Medellín,5001,Femenino,2025,1,Oficial,16,Presencial,Cercano,ingreso,snies_primer_curso_2025.xlsx,4459,1201-101571-5001,G8 Medellín,Universidad de Antioquia (UdeA),UdeA,True
1201,UNIVERSIDAD DE ANTIOQUIA,101571,ESTADÍSTICA,Antioquia,Medellín,5001,Femenino,2025,2,Oficial,12,Presencial,Cercano,ingreso,snies_primer_curso_2025.xlsx,4460,1201-101571-5001,G8 Medellín,Universidad de Antioquia (UdeA),UdeA,True
1203,UNIVERSIDAD DEL VALLE,593,ESTADISTICA,Valle del Cauca,Santiago de Cali,76001,Masculino,2025,1,Oficial,35,Presencial,Cercano,ingreso,snies_primer_curso_2025.xlsx,6161,1203-593-76001,Resto del país,UNIVERSIDAD DEL VALLE,Universidad Del Valle,True
1203,UNIVERSIDAD DEL VALLE,593,ESTADISTICA,Valle del Cauca,Santiago de Cali,76001,Femenino,2025,1,Oficial,18,Presencial,Cercano,ingreso,snies_primer_curso_2025.xlsx,6162,1203-593-76001,Resto del país,UNIVERSIDAD DEL VALLE,Universidad Del Valle,True
1204,UNIVERSIDAD INDUSTRIAL DE SANTANDER,117201,Ingeniería en Ciencia de Datos,Santander,Bucaramanga,68001,Masculino,2025,1,Oficial,54,Presencial,Directo,ingreso,snies_primer_curso_2025.xlsx,6405,1204-117201-68001,Resto del país,UNIVERSIDAD INDUSTRIAL DE SANTANDER,Universidad Industrial De Santander,True
1204,UNIVERSIDAD INDUSTRIAL DE SANTANDER,117201,Ingeniería en Ciencia de Datos,Santander,Bucaramanga,68001,Masculino,2025,2,Oficial,46,Presencial,Directo,ingreso,snies_primer_curso_2025.xlsx,6406,1204-117201-68001,Resto del país,UNIVERSIDAD INDUSTRIAL DE SANTANDER,Universidad Industrial De Santander,True
1204,UNIVERSIDAD INDUSTRIAL DE SANTANDER,117201,Ingeniería en Ciencia de Datos,Santander,Bucaramanga,68001,Femenino,2025,1,Oficial,10,Presencial,Directo,ingreso,snies_primer_curso_2025.xlsx,6407,1204-117201-68001,Resto del país,UNIVERSIDAD INDUSTRIAL DE SANTANDER,Universidad Industrial De Santander,True
1204,UNIVERSIDAD INDUSTRIAL DE SANTANDER,117201,Ingeniería en Ciencia de Datos,Santander,Bucaramanga,68001,Femenino,2025,2,Oficial,18,Presencial,Directo,ingreso,snies_primer_curso_2025.xlsx,6408,1204-117201-68001,Resto del país,UNIVERSIDAD INDUSTRIAL DE SANTANDER,Universidad Industrial De Santander,True
1207,UNIVERSIDAD DEL TOLIMA,3345,MATEMATICAS CON ENFASIS EN ESTADISTICA,Tolima,Ibagué,73001,Masculino,2025,1,Oficial,19,Presencial,Cercano,ingreso,snies_primer_curso_2025.xlsx,7702,1207-3345-73001,Resto del país,UNIVERSIDAD DEL TOLIMA,Universidad Del Tolima,True
1207,UNIVERSIDAD DEL TOLIMA,3345,MATEMATICAS CON ENFASIS EN ESTADISTICA,Tolima,Ibagué,73001,Masculino,2025,2,Oficial,17,Presencial,Cercano,ingreso,snies_primer_curso_2025.xlsx,7703,1207-3345-73001,Resto del país,UNIVERSIDAD DEL TOLIMA,Universidad Del Tolima,True
1207,UNIVERSIDAD DEL TOLIMA,3345,MATEMATICAS CON ENFASIS EN ESTADISTICA,Tolima,Ibagué,73001,Femenino,2025,1,Oficial,12,Presencial,Cercano,ingreso,snies_primer_curso_2025.xlsx,7704,1207-3345-73001,Resto del país,UNIVERSIDAD DEL TOLIMA,Universidad Del Tolima,True
1207,UNIVERSIDAD DEL TOLIMA,3345,MATEMATICAS CON ENFASIS EN ESTADISTICA,Tolima,Ibagué,73001,Femenino,2025,2,Oficial,8,Presencial,Cercano,ingreso,snies_primer_curso_2025.xlsx,7705,1207-3345-73001,Resto del país,UNIVERSIDAD DEL TOLIMA,Universidad Del Tolima,True
1701,PONTIFICIA UNIVERSIDAD JAVERIANA,108890,CIENCIA DE DATOS,"Bogotá, D.C.","Bogotá, D.C.",11001,Masculino,2025,1,Privado,45,Presencial,Directo,ingreso,snies_primer_curso_2025.xlsx,10048,1701-108890-11001,Benchmark nacional,Pontificia Universidad Javeriana,Javeriana,True
1701,PONTIFICIA UNIVERSIDAD JAVERIANA,108890,CIENCIA DE DATOS,"Bogotá, D.C.","Bogotá, D.C.",11001,Masculino,2025,2,Privado,38,Presencial,Directo,ingreso,snies_primer_curso_2025.xlsx,10049,1701-108890-11001,Benchmark nacional,Pontificia Universidad Javeriana,Javeriana,True
1701,PONTIFICIA UNIVERSIDAD JAVERIANA,108890,CIENCIA DE DATOS,"Bogotá, D.C.","Bogotá, D.C.",11001,Femenino,2025,1,Privado,12,Presencial,Directo,ingreso,snies_primer_curso_2025.xlsx,10050,1701-108890-11001,Benchmark nacional,Pontificia Universidad Javeriana,Javeriana,True
1701,PONTIFICIA UNIVERSIDAD JAVERIANA,108890,CIENCIA DE DATOS,"Bogotá, D.C.","Bogotá, D.C.",11001,Femenino,2025,2,Privado,11,Presencial,Directo,ingreso,snies_primer_curso_2025.xlsx,10051,1701-108890-11001,Benchmark nacional,Pontificia Universidad Javeriana,Javeriana,True
1704,UNIVERSIDAD SANTO TOMAS,52000,ESTADÍSTICA,"Bogotá, D.C.","Bogotá, D.C.",11001,Masculino,2025,1,Privado,14,Presencial,Cercano,ingreso,snies_primer_curso_2025.xlsx,11359,1704-52000-11001,Resto del país,UNIVERSIDAD SANTO TOMAS,Universidad Santo Tomas,True
1704,UNIVERSIDAD SANTO TOMAS,52000,ESTADÍSTICA,"Bogotá, D.C.","Bogotá, D.C.",11001,Masculino,2025,2,Privado,11,Presencial,Cercano,ingreso,snies_primer_curso_2025.xlsx,11360,1704-52000-11001,Resto del país,UNIVERSIDAD SANTO TOMAS,Universidad Santo Tomas,True
1704,UNIVERSIDAD SANTO TOMAS,52000,ESTADÍSTICA,"Bogotá, D.C.","Bogotá, D.C.",11001,Femenino,2025,1,Privado,12,Presencial,Cercano,ingreso,snies_primer_curso_2025.xlsx,11361,1704-52000-11001,Resto del país,UNIVERSIDAD SANTO TOMAS,Universidad Santo Tomas,True
1704,UNIVERSIDAD SANTO TOMAS,52000,ESTADÍSTICA,"Bogotá, D.C.","Bogotá, D.C.",11001,Femenino,2025,2,Privado,5,Presencial,Cercano,ingreso,snies_primer_curso_2025.xlsx,11362,1704-52000-11001,Resto del país,UNIVERSIDAD SANTO TOMAS,Universidad Santo Tomas,True
1706,UNIVERSIDAD EXTERNADO DE COLOMBIA,110032,CIENCIA DE DATOS,"Bogotá, D.C.","Bogotá, D.C.",11001,Masculino,2025,1,Privado,67,Presencial,Directo,ingreso,snies_primer_curso_2025.xlsx,11884,1706-110032-11001,Resto del país,UNIVERSIDAD EXTERNADO DE COLOMBIA,Universidad Externado De Colombia,True
1706,UNIVERSIDAD EXTERNADO DE COLOMBIA,110032,CIENCIA DE DATOS,"Bogotá, D.C.","Bogotá, D.C.",11001,Masculino,2025,2,Privado,32,Presencial,Directo,ingreso,snies_primer_curso_2025.xlsx,11885,1706-110032-11001,Resto del país,UNIVERSIDAD EXTERNADO DE COLOMBIA,Universidad Externado De Colombia,True
1706,UNIVERSIDAD EXTERNADO DE COLOMBIA,110032,CIENCIA DE DATOS,"Bogotá, D.C.","Bogotá, D.C.",11001,Femenino,2025,1,Privado,40,Presencial,Directo,ingreso,snies_primer_curso_2025.xlsx,11886,1706-110032-11001,Resto del país,UNIVERSIDAD EXTERNADO DE COLOMBIA,Universidad Externado De Colombia,True
1706,UNIVERSIDAD EXTERNADO DE COLOMBIA,110032,CIENCIA DE DATOS,"Bogotá, D.C.","Bogotá, D.C.",11001,Femenino,2025,2,Privado,9,Presencial,Directo,ingreso,snies_primer_curso_2025.xlsx,11887,1706-110032-11001,Resto del país,UNIVERSIDAD EXTERNADO DE COLOMBIA,Universidad Externado De Colombia,True
1709,UNIVERSIDAD CENTRAL,116928,CIENCIA DE DATOS,"Bogotá, D.C.","Bogotá, D.C.",11001,Masculino,2025,1,Privado,19,Presencial,Directo,ingreso,snies_primer_curso_2025.xlsx,12536,1709-116928-11001,Resto del país,UNIVERSIDAD CENTRAL,Universidad Central,True
1709,UNIVERSIDAD CENTRAL,116928,CIENCIA DE DATOS,"Bogotá, D.C.","Bogotá, D.C.",11001,Masculino,2025,2,Privado,16,Presencial,Directo,ingreso,snies_primer_curso_2025.xlsx,12537,1709-116928-11001,Resto del país,UNIVERSIDAD CENTRAL,Universidad Central,True
1709,UNIVERSIDAD CENTRAL,116928,CIENCIA DE DATOS,"Bogotá, D.C.","Bogotá, D.C.",11001,Femenino,2025,1,Privado,7,Presencial,Directo,ingreso,snies_primer_curso_2025.xlsx,12538,1709-116928-11001,Resto del país,UNIVERSIDAD CENTRAL,Universidad Central,True
1709,UNIVERSIDAD CENTRAL,116928,CIENCIA DE DATOS,"Bogotá, D.C.","Bogotá, D.C.",11001,Femenino,2025,2,Privado,5,Presencial,Directo,ingreso,snies_primer_curso_2025.xlsx,12539,1709-116928-11001,Resto del país,UNIVERSIDAD CENTRAL,Universidad Central,True
1710,UNIVERSIDAD PONTIFICIA BOLIVARIANA,108578,INGENIERÍA EN CIENCIA DE DATOS,Antioquia,Medellín,5001,Masculino,2025,1,Privado,31,Presencial,Directo,ingreso,snies_primer_curso_2025.xlsx,12738,1710-108578-5001,G8 Medellín,Universidad Pontificia Bolivariana (UPB),UPB Medellín,True
1710,UNIVERSIDAD PONTIFICIA BOLIVARIANA,108578,INGENIERÍA EN CIENCIA DE DATOS,Antioquia,Medellín,5001,Masculino,2025,2,Privado,15,Presencial,Directo,ingreso,snies_primer_curso_2025.xlsx,12739,1710-108578-5001,G8 Medellín,Universidad Pontificia Bolivariana (UPB),UPB Medellín,True
1710,UNIVERSIDAD PONTIFICIA BOLIVARIANA,108578,INGENIERÍA EN CIENCIA DE DATOS,Antioquia,Medellín,5001,Femenino,2025,1,Privado,6,Presencial,Directo,ingreso,snies_primer_curso_2025.xlsx,12740,1710-108578-5001,G8 Medellín,Universidad Pontificia Bolivariana (UPB),UPB Medellín,True
1710,UNIVERSIDAD PONTIFICIA BOLIVARIANA,108578,INGENIERÍA EN CIENCIA DE DATOS,Antioquia,Medellín,5001,Femenino,2025,2,Privado,10,Presencial,Directo,ingreso,snies_primer_curso_2025.xlsx,12741,1710-108578-5001,G8 Medellín,Universidad Pontificia Bolivariana (UPB),UPB Medellín,True
1711,UNIVERSIDAD DE LA SABANA,116091,Ciencia de Datos,Cundinamarca,Chía,25175,Masculino,2025,1,Privado,45,Presencial-Virtual,Directo,ingreso,snies_primer_curso_2025.xlsx,13339,1711-116091-25175,Benchmark nacional,Universidad de La Sabana,La Sabana,True
1711,UNIVERSIDAD DE LA SABANA,116091,Ciencia de Datos,Cundinamarca,Chía,25175,Masculino,2025,2,Privado,21,Presencial-Virtual,Directo,ingreso,snies_primer_curso_2025.xlsx,13340,1711-116091-25175,Benchmark nacional,Universidad de La Sabana,La Sabana,True
1711,UNIVERSIDAD DE LA SABANA,116091,Ciencia de Datos,Cundinamarca,Chía,25175,Femenino,2025,1,Privado,9,Presencial-Virtual,Directo,ingreso,snies_primer_curso_2025.xlsx,13341,1711-116091-25175,Benchmark nacional,Universidad de La Sabana,La Sabana,True
1711,UNIVERSIDAD DE LA SABANA,116091,Ciencia de Datos,Cundinamarca,Chía,25175,Femenino,2025,2,Privado,8,Presencial-Virtual,Directo,ingreso,snies_primer_curso_2025.xlsx,13342,1711-116091-25175,Benchmark nacional,Universidad de La Sabana,La Sabana,True
1712,UNIVERSIDAD EAFIT-,11498,INGENIERIA MATEMATICA,Antioquia,Medellín,5001,Masculino,2025,1,Privado,16,Presencial,Cercano,ingreso,snies_primer_curso_2025.xlsx,13766,1712-11498-5001,G8 Medellín,Universidad EAFIT,EAFIT,True
1712,UNIVERSIDAD EAFIT-,11498,INGENIERIA MATEMATICA,Antioquia,Medellín,5001,Masculino,2025,2,Privado,8,Presencial,Cercano,ingreso,snies_primer_curso_2025.xlsx,13767,1712-11498-5001,G8 Medellín,Universidad EAFIT,EAFIT,True
1712,UNIVERSIDAD EAFIT-,11498,INGENIERIA MATEMATICA,Antioquia,Medellín,5001,Femenino,2025,1,Privado,16,Presencial,Cercano,ingreso,snies_primer_curso_2025.xlsx,13768,1712-11498-5001,G8 Medellín,Universidad EAFIT,EAFIT,True
1712,UNIVERSIDAD EAFIT-,11498,INGENIERIA MATEMATICA,Antioquia,Medellín,5001,Femenino,2025,2,Privado,6,Presencial,Cercano,ingreso,snies_primer_curso_2025.xlsx,13769,1712-11498-5001,G8 Medellín,Universidad EAFIT,EAFIT,True
1713,UNIVERSIDAD DEL NORTE,110172,CIENCIA DE DATOS,Atlántico,Barranquilla,8001,Masculino,2025,1,Privado,28,Presencial,Directo,ingreso,snies_primer_curso_2025.xlsx,14109,1713-110172-8001,Benchmark nacional,Universidad del Norte,Uninorte,True
1713,UNIVERSIDAD DEL NORTE,110172,CIENCIA DE DATOS,Atlántico,Barranquilla,8001,Masculino,2025,2,Privado,18,Presencial,Directo,ingreso,snies_primer_curso_2025.xlsx,14110,1713-110172-8001,Benchmark nacional,Universidad del Norte,Uninorte,True
1713,UNIVERSIDAD DEL NORTE,110172,CIENCIA DE DATOS,Atlántico,Barranquilla,8001,Femenino,2025,1,Privado,17,Presencial,Directo,ingreso,snies_primer_curso_2025.xlsx,14111,1713-110172-8001,Benchmark nacional,Universidad del Norte,Uninorte,True
1713,UNIVERSIDAD DEL NORTE,110172,CIENCIA DE DATOS,Atlántico,Barranquilla,8001,Femenino,2025,2,Privado,6,Presencial,Directo,ingreso,snies_primer_curso_2025.xlsx,14112,1713-110172-8001,Benchmark nacional,Universidad del Norte,Uninorte,True
1714,COLEGIO MAYOR DE NUESTRA SEÑORA DEL ROSARIO,105653,MATEMÁTICAS APLICADAS Y CIENCIAS DE LA COMPUTACIÓN,"Bogotá, D.C.","Bogotá, D.C.",11001,Masculino,2025,1,Privado,26,Presencial,Cercano,ingreso,snies_primer_curso_2025.xlsx,14383,1714-105653-11001,Benchmark nacional,Universidad del Rosario,Rosario,True
1714,COLEGIO MAYOR DE NUESTRA SEÑORA DEL ROSARIO,105653,MATEMÁTICAS APLICADAS Y CIENCIAS DE LA COMPUTACIÓN,"Bogotá, D.C.","Bogotá, D.C.",11001,Masculino,2025,2,Privado,12,Presencial,Cercano,ingreso,snies_primer_curso_2025.xlsx,14384,1714-105653-11001,Benchmark nacional,Universidad del Rosario,Rosario,True
1714,COLEGIO MAYOR DE NUESTRA SEÑORA DEL ROSARIO,105653,MATEMÁTICAS APLICADAS Y CIENCIAS DE LA COMPUTACIÓN,"Bogotá, D.C.","Bogotá, D.C.",11001,Femenino,2025,1,Privado,11,Presencial,Cercano,ingreso,snies_primer_curso_2025.xlsx,14385,1714-105653-11001,Benchmark nacional,Universidad del Rosario,Rosario,True
1714,COLEGIO MAYOR DE NUESTRA SEÑORA DEL ROSARIO,105653,MATEMÁTICAS APLICADAS Y CIENCIAS DE LA COMPUTACIÓN,"Bogotá, D.C.","Bogotá, D.C.",11001,Femenino,2025,2,Privado,3,Presencial,Cercano,ingreso,snies_primer_curso_2025.xlsx,14386,1714-105653-11001,Benchmark nacional,Universidad del Rosario,Rosario,True
1715,FUNDACION UNIVERSIDAD DE AMERICA,107649,ESTADISTICA Y CIENCIAS ACTUARIALES,"Bogotá, D.C.","Bogotá, D.C.",11001,Masculino,2025,1,Privado,1,Presencial,Cercano,ingreso,snies_primer_curso_2025.xlsx,14847,1715-107649-11001,Resto del país,FUNDACION UNIVERSIDAD DE AMERICA,Fundacion Universidad De America,True
1728,UNIVERSIDAD SERGIO ARBOLEDA,7773,CIENCIAS DE LA COMPUTACIÓN E INTELIGENCIA ARTIFICIAL,"Bogotá, D.C.","Bogotá, D.C.",11001,Masculino,2025,1,Privado,67,Presencial,Cercano,ingreso,snies_primer_curso_2025.xlsx,16605,1728-7773-11001,Resto del país,UNIVERSIDAD SERGIO ARBOLEDA,Universidad Sergio Arboleda,True
1728,UNIVERSIDAD SERGIO ARBOLEDA,7773,CIENCIAS DE LA COMPUTACIÓN E INTELIGENCIA ARTIFICIAL,"Bogotá, D.C.","Bogotá, D.C.",11001,Masculino,2025,2,Privado,53,Presencial,Cercano,ingreso,snies_primer_curso_2025.xlsx,16606,1728-7773-11001,Resto del país,UNIVERSIDAD SERGIO ARBOLEDA,Universidad Sergio Arboleda,True
1728,UNIVERSIDAD SERGIO ARBOLEDA,7773,CIENCIAS DE LA COMPUTACIÓN E INTELIGENCIA ARTIFICIAL,"Bogotá, D.C.","Bogotá, D.C.",11001,Femenino,2025,1,Privado,18,Presencial,Cercano,ingreso,snies_primer_curso_2025.xlsx,16607,1728-7773-11001,Resto del país,UNIVERSIDAD SERGIO ARBOLEDA,Universidad Sergio Arboleda,True
1728,UNIVERSIDAD SERGIO ARBOLEDA,7773,CIENCIAS DE LA COMPUTACIÓN E INTELIGENCIA ARTIFICIAL,"Bogotá, D.C.","Bogotá, D.C.",11001,Femenino,2025,2,Privado,13,Presencial,Cercano,ingreso,snies_primer_curso_2025.xlsx,16608,1728-7773-11001,Resto del país,UNIVERSIDAD SERGIO ARBOLEDA,Universidad Sergio Arboleda,True
1729,UNIVERSIDAD EL BOSQUE,103722,ESTADÍSTICA,"Bogotá, D.C.","Bogotá, D.C.",11001,Masculino,2025,1,Privado,5,Presencial,Cercano,ingreso,snies_primer_curso_2025.xlsx,16656,1729-103722-11001,Resto del país,UNIVERSIDAD EL BOSQUE,Universidad El Bosque,True
1729,UNIVERSIDAD EL BOSQUE,103722,ESTADÍSTICA,"Bogotá, D.C.","Bogotá, D.C.",11001,Masculino,2025,2,Privado,4,Presencial,Cercano,ingreso,snies_primer_curso_2025.xlsx,16657,1729-103722-11001,Resto del país,UNIVERSIDAD EL BOSQUE,Universidad El Bosque,True
1729,UNIVERSIDAD EL BOSQUE,103722,ESTADÍSTICA,"Bogotá, D.C.","Bogotá, D.C.",11001,Femenino,2025,2,Privado,1,Presencial,Cercano,ingreso,snies_primer_curso_2025.xlsx,16658,1729-103722-11001,Resto del país,UNIVERSIDAD EL BOSQUE,Universidad El Bosque,True
1729,UNIVERSIDAD EL BOSQUE,117549,Matemáticas y Ciencia de Datos,"Bogotá, D.C.","Bogotá, D.C.",11001,Masculino,2025,2,Privado,10,Presencial,Directo,ingreso,snies_primer_curso_2025.xlsx,16884,1729-117549-11001,Resto del país,UNIVERSIDAD EL BOSQUE,Universidad El Bosque,True
1729,UNIVERSIDAD EL BOSQUE,117549,Matemáticas y Ciencia de Datos,"Bogotá, D.C.","Bogotá, D.C.",11001,Femenino,2025,1,Privado,1,Presencial,Directo,ingreso,snies_primer_curso_2025.xlsx,16885,1729-117549-11001,Resto del país,UNIVERSIDAD EL BOSQUE,Universidad El Bosque,True
1729,UNIVERSIDAD EL BOSQUE,117549,Matemáticas y Ciencia de Datos,"Bogotá, D.C.","Bogotá, D.C.",11001,Femenino,2025,2,Privado,4,Presencial,Directo,ingreso,snies_primer_curso_2025.xlsx,16886,1729-117549-11001,Resto del país,UNIVERSIDAD EL BOSQUE,Universidad El Bosque,True
1732,UNIVERSIDAD SANTO TOMAS,116280,Ingeniería de Datos e Inteligencia Artificial,"Bogotá, D.C.","Bogotá, D.C.",11001,Masculino,2025,2,Privado,28,Presencial,Directo,ingreso,snies_primer_curso_2025.xlsx,17209,1732-116280-11001,Resto del país,UNIVERSIDAD SANTO TOMAS,Universidad Santo Tomas,False
1732,UNIVERSIDAD SANTO TOMAS,116280,Ingeniería de Datos e Inteligencia Artificial,"Bogotá, D.C.","Bogotá, D.C.",11001,Femenino,2025,2,Privado,3,Presencial,Directo,ingreso,snies_primer_curso_2025.xlsx,17210,1732-116280-11001,Resto del país,UNIVERSIDAD SANTO TOMAS,Universidad Santo Tomas,False
1732,UNIVERSIDAD SANTO TOMAS,116280,Ingeniería de Datos e Inteligencia Artificial,Boyacá,Tunja,15001,Masculino,2025,1,Privado,48,Presencial,Directo,ingreso,snies_primer_curso_2025.xlsx,17211,1732-116280-15001,Resto del país,UNIVERSIDAD SANTO TOMAS,Universidad Santo Tomas,False
1732,UNIVERSIDAD SANTO TOMAS,116280,Ingeniería de Datos e Inteligencia Artificial,Boyacá,Tunja,15001,Masculino,2025,2,Privado,26,Presencial,Directo,ingreso,snies_primer_curso_2025.xlsx,17212,1732-116280-15001,Resto del país,UNIVERSIDAD SANTO TOMAS,Universidad Santo Tomas,False
1732,UNIVERSIDAD SANTO TOMAS,116280,Ingeniería de Datos e Inteligencia Artificial,Boyacá,Tunja,15001,Femenino,2025,1,Privado,27,Presencial,Directo,ingreso,snies_primer_curso_2025.xlsx,17213,1732-116280-15001,Resto del país,UNIVERSIDAD SANTO TOMAS,Universidad Santo Tomas,False
1732,UNIVERSIDAD SANTO TOMAS,116280,Ingeniería de Datos e Inteligencia Artificial,Boyacá,Tunja,15001,Femenino,2025,2,Privado,11,Presencial,Directo,ingreso,snies_primer_curso_2025.xlsx,17214,1732-116280-15001,Resto del país,UNIVERSIDAD SANTO TOMAS,Universidad Santo Tomas,False
1803,UNIVERSIDAD DE LA SALLE,116998,Ciencia de Datos,"Bogotá, D.C.","Bogotá, D.C.",11001,Masculino,2025,1,Privado,53,Virtual,Directo,ingreso,snies_primer_curso_2025.xlsx,18181,1803-116998-11001,Resto del país,UNIVERSIDAD DE LA SALLE,Universidad De La Salle,True
1803,UNIVERSIDAD DE LA SALLE,116998,Ciencia de Datos,"Bogotá, D.C.","Bogotá, D.C.",11001,Masculino,2025,2,Privado,61,Virtual,Directo,ingreso,snies_primer_curso_2025.xlsx,18182,1803-116998-11001,Resto del país,UNIVERSIDAD DE LA SALLE,Universidad De La Salle,True
1803,UNIVERSIDAD DE LA SALLE,116998,Ciencia de Datos,"Bogotá, D.C.","Bogotá, D.C.",11001,Femenino,2025,1,Privado,24,Virtual,Directo,ingreso,snies_primer_curso_2025.xlsx,18183,1803-116998-11001,Resto del país,UNIVERSIDAD DE LA SALLE,Universidad De La Salle,True
1803,UNIVERSIDAD DE LA SALLE,116998,Ciencia de Datos,"Bogotá, D.C.","Bogotá, D.C.",11001,Femenino,2025,2,Privado,37,Virtual,Directo,ingreso,snies_primer_curso_2025.xlsx,18184,1803-116998-11001,Resto del país,UNIVERSIDAD DE LA SALLE,Universidad De La Salle,True
1806,UNIVERSIDAD LIBRE,116950,Ingeniería en Ciencia de Datos,"Bogotá, D.C.","Bogotá, D.C.",11001,Masculino,2025,1,Privado,7,Presencial,Directo,ingreso,snies_primer_curso_2025.xlsx,18907,1806-116950-11001,Resto del país,UNIVERSIDAD LIBRE,Universidad Libre,True
1806,UNIVERSIDAD LIBRE,116950,Ingeniería en Ciencia de Datos,"Bogotá, D.C.","Bogotá, D.C.",11001,Masculino,2025,2,Privado,7,Presencial,Directo,ingreso,snies_primer_curso_2025.xlsx,18908,1806-116950-11001,Resto del país,UNIVERSIDAD LIBRE,Universidad Libre,True
1806,UNIVERSIDAD LIBRE,116950,Ingeniería en Ciencia de Datos,"Bogotá, D.C.","Bogotá, D.C.",11001,Femenino,2025,1,Privado,4,Presencial,Directo,ingreso,snies_primer_curso_2025.xlsx,18909,1806-116950-11001,Resto del país,UNIVERSIDAD LIBRE,Universidad Libre,True
1806,UNIVERSIDAD LIBRE,116950,Ingeniería en Ciencia de Datos,"Bogotá, D.C.","Bogotá, D.C.",11001,Femenino,2025,2,Privado,1,Presencial,Directo,ingreso,snies_primer_curso_2025.xlsx,18910,1806-116950-11001,Resto del país,UNIVERSIDAD LIBRE,Universidad Libre,True
1812,UNIVERSIDAD DE MEDELLIN,103268,COMPUTACIÓN CIENTÍFICA,Antioquia,Medellín,5001,Masculino,2025,1,Privado,11,Presencial,Cercano,ingreso,snies_primer_curso_2025.xlsx,19489,1812-103268-5001,G8 Medellín,Universidad de Medellín,U. de Medellín,True
1812,UNIVERSIDAD DE MEDELLIN,103268,COMPUTACIÓN CIENTÍFICA,Antioquia,Medellín,5001,Masculino,2025,2,Privado,11,Presencial,Cercano,ingreso,snies_primer_curso_2025.xlsx,19490,1812-103268-5001,G8 Medellín,Universidad de Medellín,U. de Medellín,True
1812,UNIVERSIDAD DE MEDELLIN,103268,COMPUTACIÓN CIENTÍFICA,Antioquia,Medellín,5001,Femenino,2025,1,Privado,7,Presencial,Cercano,ingreso,snies_primer_curso_2025.xlsx,19491,1812-103268-5001,G8 Medellín,Universidad de Medellín,U. de Medellín,True
1812,UNIVERSIDAD DE MEDELLIN,103268,COMPUTACIÓN CIENTÍFICA,Antioquia,Medellín,5001,Femenino,2025,2,Privado,13,Presencial,Cercano,ingreso,snies_primer_curso_2025.xlsx,19492,1812-103268-5001,G8 Medellín,Universidad de Medellín,U. de Medellín,True
1814,UNIVERSIDAD AUTONOMA LATINOAMERICANA-UNAULA-,117607,INGENIERIA EN CIENCIA DE DATOS E INTELIGENCIA DE NEGOCIOS,Antioquia,Medellín,5001,Masculino,2025,1,Privado,1,Presencial,Directo,ingreso,snies_primer_curso_2025.xlsx,20380,1814-117607-5001,Resto del país,UNIVERSIDAD AUTONOMA LATINOAMERICANA-UNAULA-,Universidad Autonoma Latinoamericana-Unaula-,True
1814,UNIVERSIDAD AUTONOMA LATINOAMERICANA-UNAULA-,117607,INGENIERIA EN CIENCIA DE DATOS E INTELIGENCIA DE NEGOCIOS,Antioquia,Medellín,5001,Masculino,2025,2,Privado,5,Presencial,Directo,ingreso,snies_primer_curso_2025.xlsx,20381,1814-117607-5001,Resto del país,UNIVERSIDAD AUTONOMA LATINOAMERICANA-UNAULA-,Universidad Autonoma Latinoamericana-Unaula-,True
1814,UNIVERSIDAD AUTONOMA LATINOAMERICANA-UNAULA-,117607,INGENIERIA EN CIENCIA DE DATOS E INTELIGENCIA DE NEGOCIOS,Antioquia,Medellín,5001,Femenino,2025,1,Privado,1,Presencial,Directo,ingreso,snies_primer_curso_2025.xlsx,20382,1814-117607-5001,Resto del país,UNIVERSIDAD AUTONOMA LATINOAMERICANA-UNAULA-,Universidad Autonoma Latinoamericana-Unaula-,True
1814,UNIVERSIDAD AUTONOMA LATINOAMERICANA-UNAULA-,117607,INGENIERIA EN CIENCIA DE DATOS E INTELIGENCIA DE NEGOCIOS,Antioquia,Medellín,5001,Femenino,2025,2,Privado,3,Presencial,Directo,ingreso,snies_primer_curso_2025.xlsx,20383,1814-117607-5001,Resto del país,UNIVERSIDAD AUTONOMA LATINOAMERICANA-UNAULA-,Universidad Autonoma Latinoamericana-Unaula-,True
1823,UNIVERSIDAD AUTONOMA DE BUCARAMANGA-UNAB-,117735,Ciencia de Datos ,Santander,Bucaramanga,68001,Masculino,2025,2,Privado,6,Presencial,Directo,ingreso,snies_primer_curso_2025.xlsx,21602,1823-117735-68001,Resto del país,UNIVERSIDAD AUTONOMA DE BUCARAMANGA-UNAB-,Universidad Autonoma De Bucaramanga-Unab-,True
1823,UNIVERSIDAD AUTONOMA DE BUCARAMANGA-UNAB-,117735,Ciencia de Datos ,Santander,Bucaramanga,68001,Femenino,2025,2,Privado,1,Presencial,Directo,ingreso,snies_primer_curso_2025.xlsx,21603,1823-117735-68001,Resto del país,UNIVERSIDAD AUTONOMA DE BUCARAMANGA-UNAB-,Universidad Autonoma De Bucaramanga-Unab-,True
1830,UNIVERSIDAD AUTONOMA DE OCCIDENTE,110368,INGENIERÍA DE DATOS E INTELIGENCIA ARTIFICIAL,Valle del Cauca,Santiago de Cali,76001,Masculino,2025,1,Privado,40,Presencial-Virtual,Directo,ingreso,snies_primer_curso_2025.xlsx,22983,1830-110368-76001,Resto del país,UNIVERSIDAD AUTONOMA DE OCCIDENTE,Universidad Autonoma De Occidente,False
1830,UNIVERSIDAD AUTONOMA DE OCCIDENTE,110368,INGENIERÍA DE DATOS E INTELIGENCIA ARTIFICIAL,Valle del Cauca,Santiago de Cali,76001,Masculino,2025,2,Privado,84,Presencial-Virtual,Directo,ingreso,snies_primer_curso_2025.xlsx,22984,1830-110368-76001,Resto del país,UNIVERSIDAD AUTONOMA DE OCCIDENTE,Universidad Autonoma De Occidente,False
1830,UNIVERSIDAD AUTONOMA DE OCCIDENTE,110368,INGENIERÍA DE DATOS E INTELIGENCIA ARTIFICIAL,Valle del Cauca,Santiago de Cali,76001,Femenino,2025,1,Privado,5,Presencial-Virtual,Directo,ingreso,snies_primer_curso_2025.xlsx,22985,1830-110368-76001,Resto del país,UNIVERSIDAD AUTONOMA DE OCCIDENTE,Universidad Autonoma De Occidente,False
1830,UNIVERSIDAD AUTONOMA DE OCCIDENTE,110368,INGENIERÍA DE DATOS E INTELIGENCIA ARTIFICIAL,Valle del Cauca,Santiago de Cali,76001,Femenino,2025,2,Privado,28,Presencial-Virtual,Directo,ingreso,snies_primer_curso_2025.xlsx,22986,1830-110368-76001,Resto del país,UNIVERSIDAD AUTONOMA DE OCCIDENTE,Universidad Autonoma De Occidente,False
1832,UNIVERSIDAD TECNOLOGICA DE BOLIVAR,116063,CIENCIA DE DATOS,Bolívar,Cartagena de Indias,13001,Masculino,2025,1,Privado,11,Presencial,Directo,ingreso,snies_primer_curso_2025.xlsx,23297,1832-116063-13001,Resto del país,UNIVERSIDAD TECNOLOGICA DE BOLIVAR,Universidad Tecnologica De Bolivar,True
1832,UNIVERSIDAD TECNOLOGICA DE BOLIVAR,116063,CIENCIA DE DATOS,Bolívar,Cartagena de Indias,13001,Masculino,2025,2,Privado,6,Presencial,Directo,ingreso,snies_primer_curso_2025.xlsx,23298,1832-116063-13001,Resto del país,UNIVERSIDAD TECNOLOGICA DE BOLIVAR,Universidad Tecnologica De Bolivar,True
1832,UNIVERSIDAD TECNOLOGICA DE BOLIVAR,116063,CIENCIA DE DATOS,Bolívar,Cartagena de Indias,13001,Femenino,2025,1,Privado,3,Presencial,Directo,ingreso,snies_primer_curso_2025.xlsx,23299,1832-116063-13001,Resto del país,UNIVERSIDAD TECNOLOGICA DE BOLIVAR,Universidad Tecnologica De Bolivar,True
1832,UNIVERSIDAD TECNOLOGICA DE BOLIVAR,116063,CIENCIA DE DATOS,Bolívar,Cartagena de Indias,13001,Femenino,2025,2,Privado,1,Presencial,Directo,ingreso,snies_primer_curso_2025.xlsx,23300,1832-116063-13001,Resto del país,UNIVERSIDAD TECNOLOGICA DE BOLIVAR,Universidad Tecnologica De Bolivar,True
2209,POLITECNICO COLOMBIANO JAIME ISAZA CADAVID,117132,Ingeniería en Ciencia de Datos,Antioquia,Medellín,5001,Masculino,2025,1,Oficial,27,Presencial,Directo,ingreso,snies_primer_curso_2025.xlsx,46250,2209-117132-5001,Resto del país,POLITECNICO COLOMBIANO JAIME ISAZA CADAVID,Politecnico Colombiano Jaime Isaza Cadavid,True
2209,POLITECNICO COLOMBIANO JAIME ISAZA CADAVID,117132,Ingeniería en Ciencia de Datos,Antioquia,Medellín,5001,Masculino,2025,2,Oficial,46,Presencial,Directo,ingreso,snies_primer_curso_2025.xlsx,46251,2209-117132-5001,Resto del país,POLITECNICO COLOMBIANO JAIME ISAZA CADAVID,Politecnico Colombiano Jaime Isaza Cadavid,True
2209,POLITECNICO COLOMBIANO JAIME ISAZA CADAVID,117132,Ingeniería en Ciencia de Datos,Antioquia,Medellín,5001,Femenino,2025,1,Oficial,16,Presencial,Directo,ingreso,snies_primer_curso_2025.xlsx,46252,2209-117132-5001,Resto del país,POLITECNICO COLOMBIANO JAIME ISAZA CADAVID,Politecnico Colombiano Jaime Isaza Cadavid,True
2209,POLITECNICO COLOMBIANO JAIME ISAZA CADAVID,117132,Ingeniería en Ciencia de Datos,Antioquia,Medellín,5001,Femenino,2025,2,Oficial,10,Presencial,Directo,ingreso,snies_primer_curso_2025.xlsx,46253,2209-117132-5001,Resto del país,POLITECNICO COLOMBIANO JAIME ISAZA CADAVID,Politecnico Colombiano Jaime Isaza Cadavid,True
2713,FUNDACION UNIVERSITARIA LOS LIBERTADORES,108275,ESTADÍSTICA,"Bogotá, D.C.","Bogotá, D.C.",11001,Masculino,2025,1,Privado,22,Presencial,Cercano,ingreso,snies_primer_curso_2025.xlsx,47609,2713-108275-11001,Resto del país,FUNDACION UNIVERSITARIA LOS LIBERTADORES,Fundacion Universitaria Los Libertadores,True
2713,FUNDACION UNIVERSITARIA LOS LIBERTADORES,108275,ESTADÍSTICA,"Bogotá, D.C.","Bogotá, D.C.",11001,Masculino,2025,2,Privado,10,Presencial,Cercano,ingreso,snies_primer_curso_2025.xlsx,47610,2713-108275-11001,Resto del país,FUNDACION UNIVERSITARIA LOS LIBERTADORES,Fundacion Universitaria Los Libertadores,True
2713,FUNDACION UNIVERSITARIA LOS LIBERTADORES,108275,ESTADÍSTICA,"Bogotá, D.C.","Bogotá, D.C.",11001,Femenino,2025,1,Privado,5,Presencial,Cercano,ingreso,snies_primer_curso_2025.xlsx,47611,2713-108275-11001,Resto del país,FUNDACION UNIVERSITARIA LOS LIBERTADORES,Fundacion Universitaria Los Libertadores,True
2713,FUNDACION UNIVERSITARIA LOS LIBERTADORES,108275,ESTADÍSTICA,"Bogotá, D.C.","Bogotá, D.C.",11001,Femenino,2025,2,Privado,7,Presencial,Cercano,ingreso,snies_primer_curso_2025.xlsx,47612,2713-108275-11001,Resto del país,FUNDACION UNIVERSITARIA LOS LIBERTADORES,Fundacion Universitaria Los Libertadores,True
2725,POLITECNICO GRANCOLOMBIANO,110098,INGENIERIA EN CIENCIA DE DATOS,"Bogotá, D.C.","Bogotá, D.C.",11001,Masculino,2025,1,Privado,13,Presencial,Directo,ingreso,snies_primer_curso_2025.xlsx,48610,2725-110098-11001,Resto del país,POLITECNICO GRANCOLOMBIANO,Politecnico Grancolombiano,True
2725,POLITECNICO GRANCOLOMBIANO,110098,INGENIERIA EN CIENCIA DE DATOS,"Bogotá, D.C.","Bogotá, D.C.",11001,Masculino,2025,2,Privado,17,Presencial,Directo,ingreso,snies_primer_curso_2025.xlsx,48611,2725-110098-11001,Resto del país,POLITECNICO GRANCOLOMBIANO,Politecnico Grancolombiano,True
2725,POLITECNICO GRANCOLOMBIANO,110098,INGENIERIA EN CIENCIA DE DATOS,"Bogotá, D.C.","Bogotá, D.C.",11001,Femenino,2025,1,Privado,3,Presencial,Directo,ingreso,snies_primer_curso_2025.xlsx,48612,2725-110098-11001,Resto del país,POLITECNICO GRANCOLOMBIANO,Politecnico Grancolombiano,True
2725,POLITECNICO GRANCOLOMBIANO,110098,INGENIERIA EN CIENCIA DE DATOS,"Bogotá, D.C.","Bogotá, D.C.",11001,Femenino,2025,2,Privado,10,Presencial,Directo,ingreso,snies_primer_curso_2025.xlsx,48613,2725-110098-11001,Resto del país,POLITECNICO GRANCOLOMBIANO,Politecnico Grancolombiano,True
2745,FUNDACIÓN UNIVERSITARIA COMPENSAR,110692,CIENCIA DE DATOS,"Bogotá, D.C.","Bogotá, D.C.",11001,Masculino,2025,1,Privado,17,Presencial,Directo,ingreso,snies_primer_curso_2025.xlsx,50012,2745-110692-11001,Resto del país,FUNDACIÓN UNIVERSITARIA COMPENSAR,Fundación Universitaria Compensar,True
2745,FUNDACIÓN UNIVERSITARIA COMPENSAR,110692,CIENCIA DE DATOS,"Bogotá, D.C.","Bogotá, D.C.",11001,Masculino,2025,2,Privado,17,Presencial,Directo,ingreso,snies_primer_curso_2025.xlsx,50013,2745-110692-11001,Resto del país,FUNDACIÓN UNIVERSITARIA COMPENSAR,Fundación Universitaria Compensar,True
2745,FUNDACIÓN UNIVERSITARIA COMPENSAR,110692,CIENCIA DE DATOS,"Bogotá, D.C.","Bogotá, D.C.",11001,Femenino,2025,1,Privado,4,Presencial,Directo,ingreso,snies_primer_curso_2025.xlsx,50014,2745-110692-11001,Resto del país,FUNDACIÓN UNIVERSITARIA COMPENSAR,Fundación Universitaria Compensar,True
2745,FUNDACIÓN UNIVERSITARIA COMPENSAR,110692,CIENCIA DE DATOS,"Bogotá, D.C.","Bogotá, D.C.",11001,Femenino,2025,2,Privado,5,Presencial,Directo,ingreso,snies_primer_curso_2025.xlsx,50015,2745-110692-11001,Resto del país,FUNDACIÓN UNIVERSITARIA COMPENSAR,Fundación Universitaria Compensar,True
2745,FUNDACIÓN UNIVERSITARIA COMPENSAR,111015,CIENCIA DE DATOS,"Bogotá, D.C.","Bogotá, D.C.",11001,Masculino,2025,1,Privado,55,Virtual,Directo,ingreso,snies_primer_curso_2025.xlsx,50024,2745-111015-11001,Resto del país,FUNDACIÓN UNIVERSITARIA COMPENSAR,Fundación Universitaria Compensar,True
2745,FUNDACIÓN UNIVERSITARIA COMPENSAR,111015,CIENCIA DE DATOS,"Bogotá, D.C.","Bogotá, D.C.",11001,Masculino,2025,2,Privado,50,Virtual,Directo,ingreso,snies_primer_curso_2025.xlsx,50025,2745-111015-11001,Resto del país,FUNDACIÓN UNIVERSITARIA COMPENSAR,Fundación Universitaria Compensar,True
2745,FUNDACIÓN UNIVERSITARIA COMPENSAR,111015,CIENCIA DE DATOS,"Bogotá, D.C.","Bogotá, D.C.",11001,Femenino,2025,1,Privado,23,Virtual,Directo,ingreso,snies_primer_curso_2025.xlsx,50026,2745-111015-11001,Resto del país,FUNDACIÓN UNIVERSITARIA COMPENSAR,Fundación Universitaria Compensar,True
2745,FUNDACIÓN UNIVERSITARIA COMPENSAR,111015,CIENCIA DE DATOS,"Bogotá, D.C.","Bogotá, D.C.",11001,Femenino,2025,2,Privado,27,Virtual,Directo,ingreso,snies_primer_curso_2025.xlsx,50027,2745-111015-11001,Resto del país,FUNDACIÓN UNIVERSITARIA COMPENSAR,Fundación Universitaria Compensar,True
2805,UNIVERSIDAD SIMON BOLIVAR,116548,CIENCIA DE DATOS,Atlántico,Barranquilla,8001,Masculino,2025,1,Privado,15,Presencial,Directo,ingreso,snies_primer_curso_2025.xlsx,50634,2805-116548-8001,Resto del país,UNIVERSIDAD SIMON BOLIVAR,Universidad Simon Bolivar,True
2805,UNIVERSIDAD SIMON BOLIVAR,116548,CIENCIA DE DATOS,Atlántico,Barranquilla,8001,Femenino,2025,1,Privado,7,Presencial,Directo,ingreso,snies_primer_curso_2025.xlsx,50635,2805-116548-8001,Resto del país,UNIVERSIDAD SIMON BOLIVAR,Universidad Simon Bolivar,True
2811,UNIVERSIDAD ESCUELA COLOMBIANA DE INGENIERIA JULIO GARAVITO,109408,INGENIERÍA ESTADÍSTICA,"Bogotá, D.C.","Bogotá, D.C.",11001,Masculino,2025,1,Privado,11,Presencial,Cercano,ingreso,snies_primer_curso_2025.xlsx,51054,2811-109408-11001,Resto del país,UNIVERSIDAD ESCUELA COLOMBIANA DE INGENIERIA JULIO GARAVITO,Universidad Escuela Colombiana De Ingenieria Julio Garavito,True
2811,UNIVERSIDAD ESCUELA COLOMBIANA DE INGENIERIA JULIO GARAVITO,109408,INGENIERÍA ESTADÍSTICA,"Bogotá, D.C.","Bogotá, D.C.",11001,Masculino,2025,2,Privado,2,Presencial,Cercano,ingreso,snies_primer_curso_2025.xlsx,51055,2811-109408-11001,Resto del país,UNIVERSIDAD ESCUELA COLOMBIANA DE INGENIERIA JULIO GARAVITO,Universidad Escuela Colombiana De Ingenieria Julio Garavito,True
2811,UNIVERSIDAD ESCUELA COLOMBIANA DE INGENIERIA JULIO GARAVITO,109408,INGENIERÍA ESTADÍSTICA,"Bogotá, D.C.","Bogotá, D.C.",11001,Femenino,2025,1,Privado,10,Presencial,Cercano,ingreso,snies_primer_curso_2025.xlsx,51056,2811-109408-11001,Resto del país,UNIVERSIDAD ESCUELA COLOMBIANA DE INGENIERIA JULIO GARAVITO,Universidad Escuela Colombiana De Ingenieria Julio Garavito,True
2811,UNIVERSIDAD ESCUELA COLOMBIANA DE INGENIERIA JULIO GARAVITO,109408,INGENIERÍA ESTADÍSTICA,"Bogotá, D.C.","Bogotá, D.C.",11001,Femenino,2025,2,Privado,4,Presencial,Cercano,ingreso,snies_primer_curso_2025.xlsx,51057,2811-109408-11001,Resto del país,UNIVERSIDAD ESCUELA COLOMBIANA DE INGENIERIA JULIO GARAVITO,Universidad Escuela Colombiana De Ingenieria Julio Garavito,True
2812,UNIVERSIDAD EAN,116226,Ingeniería en Ciencia de Datos,"Bogotá, D.C.","Bogotá, D.C.",11001,Masculino,2025,1,Privado,19,Presencial,Directo,ingreso,snies_primer_curso_2025.xlsx,51314,2812-116226-11001,Resto del país,UNIVERSIDAD EAN,Universidad Ean,True
2812,UNIVERSIDAD EAN,116226,Ingeniería en Ciencia de Datos,"Bogotá, D.C.","Bogotá, D.C.",11001,Masculino,2025,2,Privado,18,Presencial,Directo,ingreso,snies_primer_curso_2025.xlsx,51315,2812-116226-11001,Resto del país,UNIVERSIDAD EAN,Universidad Ean,True
2812,UNIVERSIDAD EAN,116226,Ingeniería en Ciencia de Datos,"Bogotá, D.C.","Bogotá, D.C.",11001,Femenino,2025,1,Privado,8,Presencial,Directo,ingreso,snies_primer_curso_2025.xlsx,51316,2812-116226-11001,Resto del país,UNIVERSIDAD EAN,Universidad Ean,True
2812,UNIVERSIDAD EAN,116226,Ingeniería en Ciencia de Datos,"Bogotá, D.C.","Bogotá, D.C.",11001,Femenino,2025,2,Privado,9,Presencial,Directo,ingreso,snies_primer_curso_2025.xlsx,51317,2812-116226-11001,Resto del país,UNIVERSIDAD EAN,Universidad Ean,True
2830,CORPORACION UNIVERSITARIA IBEROAMERICANA,110672,INGENIERIA EN CIENCIA DE DATOS,"Bogotá, D.C.","Bogotá, D.C.",11001,Masculino,2025,1,Privado,82,Virtual,Directo,ingreso,snies_primer_curso_2025.xlsx,53492,2830-110672-11001,Resto del país,CORPORACION UNIVERSITARIA IBEROAMERICANA,Corporacion Universitaria Iberoamericana,True
2830,CORPORACION UNIVERSITARIA IBEROAMERICANA,110672,INGENIERIA EN CIENCIA DE DATOS,"Bogotá, D.C.","Bogotá, D.C.",11001,Masculino,2025,2,Privado,79,Virtual,Directo,ingreso,snies_primer_curso_2025.xlsx,53493,2830-110672-11001,Resto del país,CORPORACION UNIVERSITARIA IBEROAMERICANA,Corporacion Universitaria Iberoamericana,True
2830,CORPORACION UNIVERSITARIA IBEROAMERICANA,110672,INGENIERIA EN CIENCIA DE DATOS,"Bogotá, D.C.","Bogotá, D.C.",11001,Femenino,2025,1,Privado,39,Virtual,Directo,ingreso,snies_primer_curso_2025.xlsx,53494,2830-110672-11001,Resto del país,CORPORACION UNIVERSITARIA IBEROAMERICANA,Corporacion Universitaria Iberoamericana,True
2830,CORPORACION UNIVERSITARIA IBEROAMERICANA,110672,INGENIERIA EN CIENCIA DE DATOS,"Bogotá, D.C.","Bogotá, D.C.",11001,Femenino,2025,2,Privado,27,Virtual,Directo,ingreso,snies_primer_curso_2025.xlsx,53495,2830-110672-11001,Resto del país,CORPORACION UNIVERSITARIA IBEROAMERICANA,Corporacion Universitaria Iberoamericana,True
2832,UNIVERSIDAD DE SANTANDER - UDES,116912,Ingeniería en Ciencias de la Computación e Inteligencia Artificial,Santander,Bucaramanga,68001,Masculino,2025,1,Privado,9,Presencial,Cercano,ingreso,snies_primer_curso_2025.xlsx,53781,2832-116912-68001,Resto del país,UNIVERSIDAD DE SANTANDER - UDES,Universidad De Santander - Udes,True
2832,UNIVERSIDAD DE SANTANDER - UDES,116912,Ingeniería en Ciencias de la Computación e Inteligencia Artificial,Santander,Bucaramanga,68001,Masculino,2025,2,Privado,20,Presencial,Cercano,ingreso,snies_primer_curso_2025.xlsx,53782,2832-116912-68001,Resto del país,UNIVERSIDAD DE SANTANDER - UDES,Universidad De Santander - Udes,True
2832,UNIVERSIDAD DE SANTANDER - UDES,116912,Ingeniería en Ciencias de la Computación e Inteligencia Artificial,Santander,Bucaramanga,68001,Femenino,2025,1,Privado,1,Presencial,Cercano,ingreso,snies_primer_curso_2025.xlsx,53783,2832-116912-68001,Resto del país,UNIVERSIDAD DE SANTANDER - UDES,Universidad De Santander - Udes,True
2832,UNIVERSIDAD DE SANTANDER - UDES,116912,Ingeniería en Ciencias de la Computación e Inteligencia Artificial,Santander,Bucaramanga,68001,Femenino,2025,2,Privado,2,Presencial,Cercano,ingreso,snies_primer_curso_2025.xlsx,53784,2832-116912-68001,Resto del país,UNIVERSIDAD DE SANTANDER - UDES,Universidad De Santander - Udes,True
3117,INSTITUCIÓN UNIVERSITARIA DE BARRANQUILLA - IUB,117570,Estadística,Atlántico,Barranquilla,8001,Masculino,2025,1,Oficial,10,Presencial,Cercano,ingreso,snies_primer_curso_2025.xlsx,55982,3117-117570-8001,Resto del país,INSTITUCIÓN UNIVERSITARIA DE BARRANQUILLA - IUB,Institución Universitaria De Barranquilla - Iub,True
3117,INSTITUCIÓN UNIVERSITARIA DE BARRANQUILLA - IUB,117570,Estadística,Atlántico,Barranquilla,8001,Masculino,2025,2,Oficial,12,Presencial,Cercano,ingreso,snies_primer_curso_2025.xlsx,55983,3117-117570-8001,Resto del país,INSTITUCIÓN UNIVERSITARIA DE BARRANQUILLA - IUB,Institución Universitaria De Barranquilla - Iub,True
3117,INSTITUCIÓN UNIVERSITARIA DE BARRANQUILLA - IUB,117570,Estadística,Atlántico,Barranquilla,8001,Femenino,2025,1,Oficial,12,Presencial,Cercano,ingreso,snies_primer_curso_2025.xlsx,55984,3117-117570-8001,Resto del país,INSTITUCIÓN UNIVERSITARIA DE BARRANQUILLA - IUB,Institución Universitaria De Barranquilla - Iub,True
3117,INSTITUCIÓN UNIVERSITARIA DE BARRANQUILLA - IUB,117570,Estadística,Atlántico,Barranquilla,8001,Femenino,2025,2,Oficial,17,Presencial,Cercano,ingreso,snies_primer_curso_2025.xlsx,55985,3117-117570-8001,Resto del país,INSTITUCIÓN UNIVERSITARIA DE BARRANQUILLA - IUB,Institución Universitaria De Barranquilla - Iub,True
3117,INSTITUCIÓN UNIVERSITARIA DE BARRANQUILLA - IUB,117570,Estadística,Atlántico,Soledad,8758,Masculino,2025,1,Oficial,14,Presencial,Cercano,ingreso,snies_primer_curso_2025.xlsx,55986,3117-117570-8758,Resto del país,INSTITUCIÓN UNIVERSITARIA DE BARRANQUILLA - IUB,Institución Universitaria De Barranquilla - Iub,True
3117,INSTITUCIÓN UNIVERSITARIA DE BARRANQUILLA - IUB,117570,Estadística,Atlántico,Soledad,8758,Femenino,2025,1,Oficial,11,Presencial,Cercano,ingreso,snies_primer_curso_2025.xlsx,55987,3117-117570-8758,Resto del país,INSTITUCIÓN UNIVERSITARIA DE BARRANQUILLA - IUB,Institución Universitaria De Barranquilla - Iub,True
3302,INSTITUCION UNIVERSITARIA - ITM,116314,Ingeniería en Ciencia de Datos,Antioquia,Medellín,5001,Masculino,2025,1,Oficial,133,Presencial,Directo,ingreso,snies_primer_curso_2025.xlsx,56657,3302-116314-5001,Resto del país,INSTITUCION UNIVERSITARIA - ITM,Institucion Universitaria - Itm,True
3302,INSTITUCION UNIVERSITARIA - ITM,116314,Ingeniería en Ciencia de Datos,Antioquia,Medellín,5001,Masculino,2025,2,Oficial,137,Presencial,Directo,ingreso,snies_primer_curso_2025.xlsx,56658,3302-116314-5001,Resto del país,INSTITUCION UNIVERSITARIA - ITM,Institucion Universitaria - Itm,True
3302,INSTITUCION UNIVERSITARIA - ITM,116314,Ingeniería en Ciencia de Datos,Antioquia,Medellín,5001,Femenino,2025,1,Oficial,58,Presencial,Directo,ingreso,snies_primer_curso_2025.xlsx,56659,3302-116314-5001,Resto del país,INSTITUCION UNIVERSITARIA - ITM,Institucion Universitaria - Itm,True
3302,INSTITUCION UNIVERSITARIA - ITM,116314,Ingeniería en Ciencia de Datos,Antioquia,Medellín,5001,Femenino,2025,2,Oficial,57,Presencial,Directo,ingreso,snies_primer_curso_2025.xlsx,56660,3302-116314-5001,Resto del país,INSTITUCION UNIVERSITARIA - ITM,Institucion Universitaria - Itm,True
5802,UNIVERSIDAD ECCI,103713,ESTADÍSTICA,"Bogotá, D.C.","Bogotá, D.C.",11001,Masculino,2025,1,Privado,4,Presencial,Cercano,ingreso,snies_primer_curso_2025.xlsx,60255,5802-103713-11001,Resto del país,UNIVERSIDAD ECCI,Universidad Ecci,True
5802,UNIVERSIDAD ECCI,103713,ESTADÍSTICA,"Bogotá, D.C.","Bogotá, D.C.",11001,Femenino,2025,1,Privado,1,Presencial,Cercano,ingreso,snies_primer_curso_2025.xlsx,60256,5802-103713-11001,Resto del país,UNIVERSIDAD ECCI,Universidad Ecci,True
5802,UNIVERSIDAD ECCI,116523,Estadística,"Bogotá, D.C.","Bogotá, D.C.",11001,Masculino,2025,1,Privado,6,Presencial,Cercano,ingreso,snies_primer_curso_2025.xlsx,60384,5802-116523-11001,Resto del país,UNIVERSIDAD ECCI,Universidad Ecci,True
5802,UNIVERSIDAD ECCI,116523,Estadística,"Bogotá, D.C.","Bogotá, D.C.",11001,Masculino,2025,2,Privado,30,Presencial,Cercano,ingreso,snies_primer_curso_2025.xlsx,60385,5802-116523-11001,Resto del país,UNIVERSIDAD ECCI,Universidad Ecci,True
5802,UNIVERSIDAD ECCI,116523,Estadística,"Bogotá, D.C.","Bogotá, D.C.",11001,Femenino,2025,1,Privado,3,Presencial,Cercano,ingreso,snies_primer_curso_2025.xlsx,60386,5802-116523-11001,Resto del país,UNIVERSIDAD ECCI,Universidad Ecci,True
5802,UNIVERSIDAD ECCI,116523,Estadística,"Bogotá, D.C.","Bogotá, D.C.",11001,Femenino,2025,2,Privado,13,Presencial,Cercano,ingreso,snies_primer_curso_2025.xlsx,60387,5802-116523-11001,Resto del país,UNIVERSIDAD ECCI,Universidad Ecci,True
9129,FUNDACION UNIVERSITARIA CAFAM -UNICAFAM,116136,Ciencia de Datos,"Bogotá, D.C.","Bogotá, D.C.",11001,Masculino,2025,1,Privado,26,Presencial,Directo,ingreso,snies_primer_curso_2025.xlsx,65364,9129-116136-11001,Resto del país,FUNDACION UNIVERSITARIA CAFAM -UNICAFAM,Fundacion Universitaria Cafam -Unicafam,True
9129,FUNDACION UNIVERSITARIA CAFAM -UNICAFAM,116136,Ciencia de Datos,"Bogotá, D.C.","Bogotá, D.C.",11001,Masculino,2025,2,Privado,35,Presencial,Directo,ingreso,snies_primer_curso_2025.xlsx,65365,9129-116136-11001,Resto del país,FUNDACION UNIVERSITARIA CAFAM -UNICAFAM,Fundacion Universitaria Cafam -Unicafam,True
9129,FUNDACION UNIVERSITARIA CAFAM -UNICAFAM,116136,Ciencia de Datos,"Bogotá, D.C.","Bogotá, D.C.",11001,Femenino,2025,1,Privado,16,Presencial,Directo,ingreso,snies_primer_curso_2025.xlsx,65366,9129-116136-11001,Resto del país,FUNDACION UNIVERSITARIA CAFAM -UNICAFAM,Fundacion Universitaria Cafam -Unicafam,True
9129,FUNDACION UNIVERSITARIA CAFAM -UNICAFAM,116136,Ciencia de Datos,"Bogotá, D.C.","Bogotá, D.C.",11001,Femenino,2025,2,Privado,12,Presencial,Directo,ingreso,snies_primer_curso_2025.xlsx,65367,9129-116136-11001,Resto del país,FUNDACION UNIVERSITARIA CAFAM -UNICAFAM,Fundacion Universitaria Cafam -Unicafam,True
9914,"ESEIT - ESCUELA SUPERIOR DE EMPRESA, INGENIERÍA Y TECNOLOGÍA",118129,Ingeniería de Datos e Inteligencia Artificial,"Bogotá, D.C.","Bogotá, D.C.",11001,Masculino,2025,2,Privado,36,Virtual,Directo,ingreso,snies_primer_curso_2025.xlsx,65929,9914-118129-11001,Resto del país,"ESEIT - ESCUELA SUPERIOR DE EMPRESA, INGENIERÍA Y TECNOLOGÍA","Eseit - Escuela Superior De Empresa, Ingeniería Y Tecnología",False
9914,"ESEIT - ESCUELA SUPERIOR DE EMPRESA, INGENIERÍA Y TECNOLOGÍA",118129,Ingeniería de Datos e Inteligencia Artificial,"Bogotá, D.C.","Bogotá, D.C.",11001,Femenino,2025,2,Privado,8,Virtual,Directo,ingreso,snies_primer_curso_2025.xlsx,65930,9914-118129-11001,Resto del país,"ESEIT - ESCUELA SUPERIOR DE EMPRESA, INGENIERÍA Y TECNOLOGÍA","Eseit - Escuela Superior De Empresa, Ingeniería Y Tecnología",False
9933,UNIVERSIDAD NACIONAL DE COLOMBIA,108082,ESTADÍSTICA,Cesar,La Paz,20621,Masculino,2025,1,Oficial,9,Presencial,Cercano,ingreso,snies_primer_curso_2025.xlsx,66517,9933-108082-20621,Resto del país,UNIVERSIDAD NACIONAL DE COLOMBIA,Universidad Nacional De Colombia,True
9933,UNIVERSIDAD NACIONAL DE COLOMBIA,108082,ESTADÍSTICA,Cesar,La Paz,20621,Masculino,2025,2,Oficial,3,Presencial,Cercano,ingreso,snies_primer_curso_2025.xlsx,66518,9933-108082-20621,Resto del país,UNIVERSIDAD NACIONAL DE COLOMBIA,Universidad Nacional De Colombia,True
9933,UNIVERSIDAD NACIONAL DE COLOMBIA,108082,ESTADÍSTICA,Cesar,La Paz,20621,Femenino,2025,1,Oficial,5,Presencial,Cercano,ingreso,snies_primer_curso_2025.xlsx,66519,9933-108082-20621,Resto del país,UNIVERSIDAD NACIONAL DE COLOMBIA,Universidad Nacional De Colombia,True
9933,UNIVERSIDAD NACIONAL DE COLOMBIA,108082,ESTADÍSTICA,Cesar,La Paz,20621,Femenino,2025,2,Oficial,1,Presencial,Cercano,ingreso,snies_primer_curso_2025.xlsx,66520,9933-108082-20621,Resto del país,UNIVERSIDAD NACIONAL DE COLOMBIA,Universidad Nacional De Colombia,True
